combo,n_features,fold,hmm_seed,n_xgb_seeds,val_ir,val_sharpe,n_val_months,hmm_sec,xgb_sec
DD+VOL+REL_N,3,1,2,5,0.13766424042519165,1.0024631972293045,24,17.3,8.6
DD+VOL+REL_N,3,1,1,5,0.3223569329707695,1.1162779673868535,24,17.1,8.7
DD+VOL+REL_N,3,1,3,5,0.5074969515281043,1.234419531781629,24,17.2,8.6
DD+VOL+REL_N,3,2,1,5,0.8012760357324127,0.7825140013506422,24,21.7,9.4
DD+VOL+REL_N,3,2,2,5,0.6914863049753306,0.6861834962824941,24,22.0,9.3
DD+VOL+REL_N,3,2,3,5,0.5877852634344267,0.619641347584238,24,21.8,9.6
DD+VOL+REL_N,3,3,1,5,-0.36861065391762843,-0.6627784410208709,24,26.4,10.9
DD+VOL+REL_N,3,3,2,5,-0.5502460419441175,-0.7737664952051942,24,27.5,10.2
DD+VOL+REL_N,3,3,3,5,-0.6134083374235905,-0.8075044144688072,24,27.8,10.3
DD+VOL+REL_N,3,4,1,5,1.161617208451735,1.680489552221865,24,32.8,12.2
DD+VOL+REL_N,3,4,2,5,1.03125561131797,1.6157359734724015,24,32.8,12.1
DD+VOL+REL_N,3,4,3,5,0.7437771245396066,1.4055157435217154,24,33.0,12.2
DD+VOL+REL_N,3,5,1,5,1.067813617363158,1.5768442659481736,24,38.7,13.9
DD+VOL+REL_N,3,5,2,5,1.1948830535952442,1.6058102404643235,24,38.5,14.0
DD+VOL+REL_N,3,5,3,5,0.8048414755205774,1.3528853824172775,24,39.0,14.0
DD+VOL+REL_N,3,6,1,5,-0.10156433766327257,-0.33370751777544655,30,44.6,15.7
DD+VOL+REL_N,3,6,2,5,-0.026675025767461315,-0.29548698341787993,30,44.3,15.7
DD+VOL+REL_N,3,6,3,5,0.0661378519559626,-0.24665095984909036,30,44.4,15.4
DD+VOL+REL_N,3,7,1,5,1.1876543918547935,1.3869459907484172,18,50.9,17.3
DD+VOL+REL_N,3,7,2,5,0.23219008199561614,1.0662457878634644,18,50.8,17.4
DD+VOL+REL_N,3,7,3,5,0.47321007487970934,1.179452219756859,18,50.3,17.4
DD+VOL+REL_N,3,101,1,5,-0.28346659989748024,0.04468385222445422,12,53.6,18.7
DD+VOL+REL_N,3,101,2,5,-0.009115021677294255,0.1723768410992811,12,54.1,18.7
DD+VOL+REL_N,3,101,3,5,-0.3222627732123785,0.02033926422435645,12,53.8,18.9
DD+VOL+REL_N,3,102,1,5,-0.5082671137229584,1.0279738715092068,12,56.3,20.3
DD+VOL+REL_N,3,102,2,5,-0.9428392471489321,0.7270063145265282,12,56.0,20.4
DD+VOL+REL_N,3,102,3,5,-0.7389354692562231,0.9203810365391628,12,57.1,19.7
DD+VOL+REL_N,3,103,1,5,1.100901052971207,2.439972177096375,12,59.2,20.6
DD+VOL+REL_N,3,103,2,5,0.48158789482738157,1.9006631790433761,12,59.5,20.5
DD+VOL+REL_N,3,103,3,5,0.7337250453939892,1.783280990818054,12,59.7,20.4
DD+VOL+REL_N,3,104,1,5,0.2354754193868163,1.0244081413609403,12,63.1,21.6
DD+VOL+REL_N,3,104,2,5,0.04490733381649663,0.8927730210409137,12,61.9,21.1
DD+VOL+REL_N,3,104,3,5,-0.1623021825952492,0.7300533655150687,12,62.5,21.5
DD+VOL+REL_N,3,105,1,5,-1.2080989151769888,-0.5743682306382222,12,63.7,22.2
DD+VOL+REL_N,3,105,2,5,-0.9184678389074088,-0.40753591092492475,12,63.8,22.0
DD+VOL+REL_N,3,105,3,5,-1.6913371172104377,-0.8308731822273486,12,64.6,22.4
DD+VOL+REL_N,3,106,1,5,1.0872520582860574,2.016318951541541,12,67.4,23.0
DD+VOL+REL_N,3,106,2,5,1.2999957134145987,2.0902352436645324,12,67.6,23.3
DD+VOL+REL_N,3,106,3,5,1.8456670339008474,2.3226677409577214,12,67.1,23.2
DD+VOL+REL_N,3,107,1,5,0.43024389810894825,2.7599413167525784,12,69.8,24.1
DD+VOL+REL_N,3,107,2,5,0.8673943983555304,2.9557517062021854,12,70.1,23.9
DD+VOL+REL_N,3,107,3,5,0.8001064259176106,2.9138280470060542,12,69.6,23.8
DD+VOL+REL_N,3,108,1,5,0.4247480278710769,0.1743048057348181,12,71.8,24.6
DD+VOL+REL_N,3,108,2,5,0.5897653556680724,0.2470990941550738,12,71.8,25.1
DD+VOL+REL_N,3,108,3,5,0.23912937356692257,0.08804554464460718,12,71.7,25.1
DD+VOL+REL_N,3,109,1,5,0.5106724360284498,2.0470829110854405,12,73.8,26.1
DD+VOL+REL_N,3,109,2,5,0.09977180583380696,1.6974912603431658,12,73.4,26.3
DD+VOL+REL_N,3,109,3,5,0.3391271480781134,1.8414676856515952,12,74.3,26.1
DD+VOL+REL_N,3,110,1,5,1.07087166492703,1.0723001494374467,12,76.4,26.2
DD+VOL+REL_N,3,110,2,5,1.2058105111690491,1.1166650064105454,12,77.0,26.7
DD+VOL+REL_N,3,110,3,5,0.9283398535659082,0.996374047270375,12,77.3,26.6
DD+VOL+REL_N,3,111,1,5,-2.3223223478630457,-0.6673388461476196,12,80.2,27.9
DD+VOL+REL_N,3,111,2,5,-3.048032910632506,-0.8985196185826921,12,79.7,27.8
DD+VOL+REL_N,3,111,3,5,-2.0201075224703184,-0.5911986733311961,12,78.8,27.8
DD+VOL+REL_N,3,112,1,5,1.0742467853340418,0.3479666051102484,12,82.1,28.8
DD+VOL+REL_N,3,112,2,5,0.9332550211125762,0.2597599828144034,12,81.4,28.4
DD+VOL+REL_N,3,112,3,5,0.8082798492432565,0.2087209879203672,12,81.7,28.3
DD+VOL+REL_N,3,113,1,5,0.8835240724169147,1.4831350102740488,12,84.9,30.5
DD+TERM,2,1,1,5,0.9211120568351537,1.5153192744660249,24,17.5,6.8
DD+VOL+REL_N,3,113,2,5,0.5808541086246694,1.177718172484537,12,85.5,30.1
DD+VOL+REL_N,3,113,3,5,0.6160210287945314,1.2858649451458504,12,85.4,29.8
DD+TERM,2,1,2,5,0.6816217244116539,1.3771529551611,24,17.3,7.0
DD+TERM,2,1,3,5,-0.2654514146162177,1.0700040744978954,24,17.1,7.0
DD+VOL+REL_N,3,114,1,5,1.0844607662309147,1.967932429357049,12,88.0,31.4
DD+TERM,2,2,1,5,0.3266246058480494,0.3896654870566283,24,22.7,8.8
DD+TERM,2,2,2,5,0.34780817646482015,0.4081579224366206,24,22.3,9.1
DD+VOL+REL_N,3,114,2,5,0.21116663076190828,1.5355679291971371,12,88.0,31.6
DD+TERM,2,2,3,5,0.5502482933412196,0.5847591498630835,24,22.6,9.0
DD+VOL+REL_N,3,114,3,5,0.13549889090196052,1.4451618256327337,12,87.2,31.2
DD+TERM,2,3,1,5,0.36370689508120163,-0.28914689601360594,24,28.1,10.2
DD+TERM,2,3,2,5,0.5026942077419622,-0.22814851645289283,24,27.7,10.2
DD+TERM,2,3,3,5,0.6786656644462821,-0.07978756116984807,24,27.4,10.1
DD+TERM,2,4,1,5,1.0094893785316459,1.6434348625270248,24,32.2,12.1
DD+TERM,2,4,2,5,1.0236188232202834,1.672770575273459,24,32.6,12.1
DD+TERM,2,4,3,5,1.1642967702788662,1.7603471095540288,24,32.5,12.1
DD+TERM,2,5,1,5,0.024956231063561568,0.8866733320830561,24,37.4,13.6
DD+TERM,2,5,2,5,0.040526359851519304,0.909264283334471,24,37.5,13.7
DD+TERM,2,5,3,5,0.1223279601532397,0.9947511694433816,24,37.9,13.6
DD+TERM,2,6,1,5,-0.05742602709992515,-0.31000161648381325,30,43.4,15.5
DD+TERM,2,6,2,5,-0.25394872811692665,-0.40740192068267833,30,42.7,15.9
DD+TERM,2,6,3,5,-0.11728567572635994,-0.3325966429683484,30,42.9,15.6
DD+TERM,2,7,1,5,1.6375636949503682,1.60739043094533,18,49.5,17.3
DD+TERM,2,7,2,5,1.3260728526701024,1.534790099808899,18,49.6,17.5
DD+TERM,2,7,3,5,0.924162339461815,1.3493378993727563,18,49.3,17.4
DD+TERM,2,101,1,5,-0.4718652648669097,-0.01989306996244155,12,53.3,18.4
DD+TERM,2,101,2,5,0.028611764761746546,0.2052780997548153,12,53.4,18.6
DD+TERM,2,101,3,5,-0.34723271166000225,0.029041723327914958,12,53.3,18.9
DD+TERM,2,102,1,5,-2.2194949553642958,0.29317098385661505,12,56.3,19.8
DD+TERM,2,102,2,5,-2.296918466912504,0.01663874525906376,12,56.3,19.6
DD+TERM,2,102,3,5,-0.7868941521682354,1.0987393704004933,12,56.0,19.5
DD+TERM,2,103,1,5,1.4768977178454699,2.7135568426226477,12,58.8,20.5
DD+TERM,2,103,2,5,0.7573345792930296,2.117323195016797,12,58.5,20.4
DD+TERM,2,103,3,5,0.9257136469079469,1.9676158254736216,12,58.9,20.4
DD+TERM,2,104,1,5,0.39356205074999706,1.140950911395619,12,61.0,21.5
DD+TERM,2,104,2,5,0.4241543137111159,1.145390597996823,12,61.2,21.5
DD+TERM,2,104,3,5,0.11225589311743824,1.008098294379648,12,61.4,21.7
DD+TERM,2,105,1,5,-0.6670518918266347,-0.3956327189514628,12,63.5,22.2
DD+TERM,2,105,2,5,-1.2795451903150221,-0.5990842021337899,12,63.8,22.3
DD+TERM,2,105,3,5,-0.06463947021775417,-0.09088073613030698,12,63.6,22.1
DD+TERM,2,106,1,5,0.8786900486248299,2.08257059490621,12,66.8,23.1
DD+TERM,2,106,2,5,0.9367145581761344,2.1010102181069104,12,66.4,23.4
DD+TERM,2,106,3,5,1.013187742044378,2.227526634195008,12,66.4,23.2
DD+TERM,2,107,1,5,-1.14988905533671,2.0060974920777808,12,69.5,24.1
DD+TERM,2,107,2,5,-1.206158917050247,1.7316104208717282,12,69.1,24.1
DD+TERM,2,107,3,5,-1.6369918326299342,2.310080966471386,12,68.9,24.0
DD+TERM,2,108,1,5,-0.2995975594121979,-0.18971191410721108,12,71.7,24.6
DD+TERM,2,108,2,5,-0.5592552798191242,-0.31747216423901514,12,71.9,24.5
DD+TERM,2,108,3,5,-0.41454145465303743,-0.251349795945169,12,71.2,24.9
DD+TERM,2,109,1,5,0.9507503447647971,2.151907544742661,12,74.5,25.7
DD+TERM,2,109,2,5,0.7672644522340977,2.522161337709738,12,74.8,25.7
DD+TERM,2,109,3,5,0.6661940417949213,2.1374028710950377,12,74.2,25.7
DD+TERM,2,110,1,5,1.6129656994602013,1.3486623168086045,12,77.0,26.6
DD+TERM,2,110,2,5,2.832263654310766,1.9238168922500802,12,76.8,26.6
DD+TERM,2,110,3,5,2.923464944415779,1.916357546949169,12,77.2,26.6
DD+TERM,2,111,1,5,-2.368632567585878,-0.554623229570749,12,79.7,27.9
DD+TERM,2,111,2,5,-2.568074317979424,-0.6586242255867651,12,79.6,27.8
DD+TERM,2,111,3,5,-2.3759446452491364,-0.5336920748851475,12,80.2,27.7
DD+TERM,2,112,1,5,0.9414830017008379,0.26137959755138657,12,81.9,28.4
DD+TERM,2,112,2,5,0.7343850798575562,0.170918822918331,12,82.5,28.7
DD+TERM,2,112,3,5,1.0073922049462398,0.28505114956876954,12,81.7,28.4
DD+TERM,2,113,1,5,1.6473898693897577,1.9093529154776088,12,85.1,29.0
DD+VOL+SKEW,3,1,1,5,0.01452386020652827,0.9491758367639117,24,17.2,7.1
DD+TERM,2,113,2,5,2.3595927324028865,2.3667950568740563,12,84.5,29.8
DD+VOL+SKEW,3,1,2,5,0.09532740091161591,0.9705360180767324,24,17.5,7.1
DD+VOL+SKEW,3,1,3,5,0.004592618183501832,0.9183885161066863,24,17.2,7.3
DD+TERM,2,113,3,5,2.004849700912983,2.183559106645451,12,85.1,29.8
DD+TERM,2,114,1,5,1.87841600867019,2.533894675156388,12,88.0,30.8
DD+VOL+SKEW,3,2,1,5,0.5890325861062831,0.6016667004760772,24,22.2,9.0
DD+VOL+SKEW,3,2,2,5,0.3938192850379184,0.4527698306708807,24,22.6,8.8
DD+VOL+SKEW,3,2,3,5,0.5840975016514172,0.5983014063703881,24,22.1,9.0
DD+TERM,2,114,2,5,1.2110205007673989,2.0006450451745343,12,86.9,31.0
DD+VOL+SKEW,3,3,1,5,-0.39700337367977667,-0.6836681958074143,24,27.8,10.4
DD+TERM,2,114,3,5,1.8469219024573893,2.4812590489959017,12,88.1,30.6
DD+VOL+SKEW,3,3,2,5,-0.6648219089915287,-0.8826432499920981,24,28.0,10.2
DD+VOL+SKEW,3,3,3,5,-0.5359557220166786,-0.8080478676184294,24,27.6,10.3
DD+VOL+SKEW,3,4,1,5,0.948260996717454,1.636976455519858,24,33.0,12.0
DD+VOL+SKEW,3,4,2,5,0.7193140733624922,1.4611667565438187,24,32.5,11.9
DD+VOL+SKEW,3,4,3,5,0.7532785011147808,1.514322188101523,24,32.4,11.8
DD+VOL+SKEW,3,5,1,5,0.6247392384070476,1.4459648337814175,24,38.2,13.6
DD+VOL+SKEW,3,5,2,5,1.5256344140133897,1.8707590342487395,24,37.6,13.7
DD+VOL+SKEW,3,5,3,5,0.48266776007925344,1.3379543104344689,24,38.3,13.7
DD+VOL+SKEW,3,6,1,5,0.21291806601724556,-0.1595074165475651,30,43.0,15.6
DD+VOL+SKEW,3,6,2,5,0.03604215188939673,-0.2557126731436769,30,43.0,15.6
DD+VOL+SKEW,3,6,3,5,0.2675771953091757,-0.12695145630984786,30,43.1,15.7
DD+VOL+SKEW,3,7,1,5,1.49050086080474,1.6658158161301317,18,49.4,17.2
DD+VOL+SKEW,3,7,2,5,1.2052070573424034,1.5110502565263992,18,49.9,17.5
DD+VOL+SKEW,3,7,3,5,1.320627127929994,1.5962367976375464,18,49.6,17.6
DD+VOL+SKEW,3,101,1,5,0.18263539035544665,0.2624779953997298,12,54.1,18.7
DD+VOL+SKEW,3,101,2,5,0.2687798885811794,0.30035014356652406,12,53.3,18.9
DD+VOL+SKEW,3,101,3,5,-0.08806283150744054,0.13236356437006938,12,53.8,18.9
DD+VOL+SKEW,3,102,1,5,0.04339422872079927,1.131144421784986,12,55.8,19.9
DD+VOL+SKEW,3,102,2,5,-1.1967069454857526,0.5537223479530722,12,56.0,20.0
DD+VOL+SKEW,3,102,3,5,-1.5852144782260924,0.46314309231027045,12,56.7,19.6
DD+VOL+SKEW,3,103,1,5,2.1065655760602575,2.89828858734068,12,59.0,20.4
DD+VOL+SKEW,3,103,2,5,1.7614748316600775,3.178195322498095,12,59.4,20.7
DD+VOL+SKEW,3,103,3,5,1.9382626376809473,3.4781302135671437,12,59.0,20.8
DD+VOL+SKEW,3,104,1,5,-0.1775461913948512,0.8579155295846498,12,62.1,21.7
DD+VOL+SKEW,3,104,2,5,-0.21156477077589309,0.7488803582848796,12,61.5,21.8
DD+VOL+SKEW,3,104,3,5,-0.3807912764964554,0.5916266122347702,12,61.0,21.4
DD+VOL+SKEW,3,105,1,5,-2.396397928509157,-0.9295779148850579,12,63.8,22.1
DD+VOL+SKEW,3,105,2,5,-2.235838236740065,-0.8659579008019445,12,63.8,22.3
DD+VOL+SKEW,3,105,3,5,-2.0425659851743285,-0.8972199991169555,12,64.3,22.2
DD+VOL+SKEW,3,106,1,5,0.2686330240645805,1.3972736286321867,12,66.8,23.2
DD+VOL+SKEW,3,106,2,5,0.22842783822507653,1.532423452320967,12,66.9,23.2
DD+VOL+SKEW,3,106,3,5,0.6821866924237466,1.960184504464109,12,66.8,23.4
DD+VOL+SKEW,3,107,1,5,0.4142807620344239,3.300785609793881,12,69.0,23.7
DD+VOL+SKEW,3,107,2,5,0.48085879188495084,2.8442863455418004,12,69.7,24.0
DD+VOL+SKEW,3,107,3,5,-0.07689680505299393,2.426317449565497,12,69.0,23.9
DD+VOL+SKEW,3,108,1,5,-0.5208005827045767,-0.3038211796192687,12,71.8,24.8
DD+VOL+SKEW,3,108,2,5,-0.20879187873151386,-0.1392959354246424,12,71.4,25.0
DD+VOL+SKEW,3,108,3,5,-0.3513012366907457,-0.2105933700225238,12,72.2,25.1
DD+VOL+SKEW,3,109,1,5,-0.8631413663547628,0.7726445611933418,12,74.2,26.1
DD+VOL+SKEW,3,109,2,5,-0.5889235115590196,0.9259534491047232,12,74.0,25.7
DD+VOL+SKEW,3,109,3,5,0.130289489052893,2.0303579073638325,12,75.0,25.8
DD+VOL+SKEW,3,110,1,5,2.1721006810736436,1.535322597603998,12,77.2,26.5
DD+VOL+SKEW,3,110,2,5,2.383297873202193,1.5981949537947018,12,77.6,26.5
DD+VOL+SKEW,3,110,3,5,2.38998024739877,1.5848430789487615,12,77.4,26.6
DD+VOL+SKEW,3,111,1,5,-2.7421429422046226,-0.7850489099311454,12,80.0,28.0
DD+VOL+SKEW,3,111,2,5,-1.894575853634288,-0.30994890649869355,12,79.3,27.9
DD+VOL+SKEW,3,111,3,5,-1.9974029812570346,-0.2751152165746854,12,79.3,27.6
DD+VOL+SKEW,3,112,1,5,0.8628156184287809,0.2240696368193842,12,82.7,28.6
DD+VOL+SKEW,3,112,2,5,0.7896058819149185,0.18300653794559546,12,82.3,28.5
DD+VOL+SKEW,3,112,3,5,1.2827344562397078,0.4004767418803406,12,82.9,28.5
DD+VOL+SKEW,3,113,1,5,0.9960407296362099,1.5867886279073913,12,85.0,29.6
DD+DISP+TERM,3,1,1,5,0.9284231959478141,1.42221894402031,24,17.2,6.9
DD+VOL+SKEW,3,113,2,5,1.442391410648842,1.6677696573494156,12,85.1,30.0
DD+DISP+TERM,3,1,2,5,1.1818301942236606,1.562566704202666,24,17.1,7.0
DD+VOL+SKEW,3,113,3,5,1.312313214179344,1.5665274186591678,12,84.4,30.0
DD+DISP+TERM,3,1,3,5,0.21691615620579568,1.1263887954439187,24,17.3,6.8
DD+VOL+SKEW,3,114,1,5,0.7841814211620926,1.8416893428226446,12,86.9,30.7
DD+DISP+TERM,3,2,1,5,0.45533486593984646,0.4850848060082893,24,22.5,8.8
DD+DISP+TERM,3,2,2,5,0.41217925178443593,0.4508219235686088,24,22.2,8.9
DD+DISP+TERM,3,2,3,5,0.519979870281283,0.5349252582525313,24,22.2,8.9
DD+VOL+SKEW,3,114,2,5,0.944004431314149,1.8282675320065525,12,87.2,31.1
DD+DISP+TERM,3,3,1,5,-0.22959635034124828,-0.6404090231601981,24,27.9,10.3
DD+DISP+TERM,3,3,2,5,-0.4352264970419101,-0.7895882891510462,24,27.8,10.3
DD+VOL+SKEW,3,114,3,5,0.8450507029171848,2.0045892325603547,12,88.1,30.7
DD+DISP+TERM,3,3,3,5,-0.16771045375014876,-0.6080110974573334,24,27.9,10.3
DD+DISP+TERM,3,4,1,5,1.9229145702281292,2.1096022161688994,24,32.8,11.9
DD+DISP+TERM,3,4,2,5,2.0968356502404064,2.223975890343529,24,32.6,12.0
DD+DISP+TERM,3,4,3,5,1.392692179961418,1.7869889243924761,24,32.7,11.8
DD+DISP+TERM,3,5,1,5,0.9093730670831363,1.4225931456296128,24,38.2,13.5
DD+DISP+TERM,3,5,2,5,0.6419135762158037,1.202447110925657,24,37.8,13.6
DD+DISP+TERM,3,5,3,5,0.6805863155334995,1.2478846760246836,24,37.8,13.6
DD+DISP+TERM,3,6,1,5,0.018332198824691306,-0.2677419908295067,30,43.0,15.5
DD+DISP+TERM,3,6,3,5,-0.10413530027201875,-0.3229592853681796,30,42.8,15.6
DD+DISP+TERM,3,6,2,5,0.054132550592008846,-0.24674973745519224,30,43.4,15.7
DD+DISP+TERM,3,7,1,5,0.5703035623736116,1.1577000468231158,18,49.7,17.3
DD+DISP+TERM,3,7,2,5,0.5443835605572983,1.1493985494030532,18,50.0,17.4
DD+DISP+TERM,3,7,3,5,0.8478120825737625,1.2486515754269225,18,49.4,17.5
DD+DISP+TERM,3,101,1,5,-0.1649042788122565,0.11214050901123018,12,53.3,18.8
DD+DISP+TERM,3,101,2,5,0.069919297817135,0.21797178669067113,12,53.9,18.6
DD+DISP+TERM,3,101,3,5,-0.3493530130109152,0.03565555237870898,12,53.2,18.9
DD+DISP+TERM,3,102,1,5,-0.7947446475261799,0.586362197881453,12,55.9,19.7
DD+DISP+TERM,3,102,2,5,-0.48460998550956397,1.192391254953729,12,56.5,19.4
DD+DISP+TERM,3,102,3,5,-0.5684409669175081,1.3163302388376767,12,56.6,20.1
DD+DISP+TERM,3,103,1,5,-0.11627717235739997,1.731934584439022,12,58.9,20.8
DD+DISP+TERM,3,103,2,5,0.4108517693471366,1.6810838969388318,12,59.5,20.6
DD+DISP+TERM,3,103,3,5,0.41079924447688704,1.7182057261978954,12,59.1,20.5
DD+DISP+TERM,3,104,1,5,-0.5828918705355745,0.5731402822154326,12,61.5,21.5
DD+DISP+TERM,3,104,2,5,0.38597936819449147,1.1720236719987696,12,61.6,21.5
DD+DISP+TERM,3,104,3,5,0.30245948906014164,1.1281390520675365,12,62.4,21.1
DD+DISP+TERM,3,105,1,5,-1.3327311550051537,-0.6467165308978433,12,64.4,22.2
DD+DISP+TERM,3,105,2,5,-1.56860198924276,-0.7356158484464169,12,63.9,22.2
DD+DISP+TERM,3,105,3,5,-1.0760247373641996,-0.6032599757795855,12,63.8,22.3
DD+DISP+TERM,3,106,1,5,1.2654251057074326,2.0234585487428247,12,66.8,23.1
DD+DISP+TERM,3,106,2,5,1.0957850928474586,2.1658112220101073,12,66.2,23.1
DD+DISP+TERM,3,106,3,5,0.9151195376136971,2.2415741471989477,12,66.8,23.0
DD+DISP+TERM,3,107,1,5,1.248774409112513,3.4803054138404006,12,69.4,23.6
DD+DISP+TERM,3,107,2,5,0.5305315219111911,2.7661826985878584,12,69.9,24.0
DD+DISP+TERM,3,107,3,5,0.8921829632405422,2.8213334653564544,12,68.9,24.0
DD+DISP+TERM,3,108,1,5,0.1487993023970628,0.04425915592788946,12,72.1,24.7
DD+DISP+TERM,3,108,2,5,-0.021538891627674625,-0.044986415294609484,12,72.4,24.7
DD+DISP+TERM,3,108,3,5,0.5441738591418109,0.2475025792822876,12,71.4,24.8
DD+DISP+TERM,3,109,1,5,-1.0818630380521475,0.8222057276274479,12,74.2,25.9
DD+DISP+TERM,3,109,2,5,-1.192096224317123,0.7212594434203303,12,75.1,25.5
DD+DISP+TERM,3,109,3,5,-1.1138130952822527,1.018035600721941,12,74.8,25.7
DD+DISP+TERM,3,110,1,5,1.6476933590241074,1.4506601478039853,12,76.4,26.7
DD+DISP+TERM,3,110,2,5,1.9282734927652554,1.43031590269355,12,77.5,26.7
DD+DISP+TERM,3,110,3,5,2.265865111305818,1.6521906837144864,12,77.4,26.7
DD+DISP+TERM,3,111,1,5,-2.495090097677109,-0.7328849460317916,12,79.5,27.7
DD+DISP+TERM,3,111,2,5,-2.17063194129049,-0.5145279484784687,12,79.8,27.8
DD+DISP+TERM,3,111,3,5,-1.714527151818427,-0.23387445334415377,12,79.6,27.3
DD+DISP+TERM,3,112,1,5,1.3920302707895689,0.4545207385083622,12,82.9,28.6
DD+DISP+TERM,3,112,2,5,1.2889374556403597,0.41096184670404134,12,81.8,28.6
DD+DISP+TERM,3,112,3,5,0.9771165302425685,0.2820496729568187,12,82.3,28.7
DD+DISP+TERM,3,113,1,5,1.489290288575871,1.9218697490164418,12,85.5,29.5
DD+CS+SKEW+TERM,4,1,1,5,0.3085419228655192,1.117453709952453,24,17.2,7.0
DD+DISP+TERM,3,113,2,5,1.6823369970866797,2.1528600750912634,12,84.7,29.8
DD+DISP+TERM,3,113,3,5,1.6008847820986551,2.1045990231359912,12,84.6,29.8
DD+CS+SKEW+TERM,4,1,2,5,0.4079417299019713,1.2030996825033424,24,17.2,7.0
DD+CS+SKEW+TERM,4,1,3,5,0.5566871472703159,1.2004739243638185,24,17.1,7.0
DD+CS+SKEW+TERM,4,2,1,5,-0.07049243993133472,0.07776908893707722,24,22.3,8.7
DD+DISP+TERM,3,114,1,5,2.285248077328997,2.6531437514703993,12,87.9,30.7
DD+CS+SKEW+TERM,4,2,2,5,1.0393367147323818,0.8948514278387372,24,22.3,8.9
DD+CS+SKEW+TERM,4,2,3,5,-0.12679907255334838,0.04003316088553606,24,22.4,9.0
DD+CS+SKEW+TERM,4,3,1,5,-0.5295639873590465,-0.7663965386499333,24,27.8,10.5
DD+DISP+TERM,3,114,2,5,1.6661243424207945,2.115701212952771,12,88.0,31.2
DD+CS+SKEW+TERM,4,3,2,5,-0.43941840194775955,-0.7132310942848155,24,27.7,10.3
DD+DISP+TERM,3,114,3,5,1.847229561439665,2.2538712078849636,12,87.5,30.7
DD+CS+SKEW+TERM,4,3,3,5,-0.5771249406017495,-0.7982560621661905,24,27.6,10.2
DD+CS+SKEW+TERM,4,4,1,5,1.1815152935053317,1.7726198373223623,24,32.9,12.0
DD+CS+SKEW+TERM,4,4,2,5,1.1564351891100562,1.7339354449289723,24,33.1,12.0
DD+CS+SKEW+TERM,4,4,3,5,0.8563459158847896,1.5624111211718652,24,32.8,11.8
DD+CS+SKEW+TERM,4,5,1,5,0.739460618178725,1.5081745029690223,24,38.1,13.6
DD+CS+SKEW+TERM,4,5,2,5,0.7600629900619535,1.4342195327004525,24,37.7,13.7
DD+CS+SKEW+TERM,4,5,3,5,0.7166569895770165,1.3997699814817892,24,37.9,13.8
DD+CS+SKEW+TERM,4,6,1,5,-0.17057620431478204,-0.35773159079583416,30,43.6,15.5
DD+CS+SKEW+TERM,4,6,2,5,-0.07444541858364859,-0.31209699561797066,30,43.4,15.7
DD+CS+SKEW+TERM,4,6,3,5,-0.22960625908071564,-0.3847896686405779,30,43.3,15.3
DD+CS+SKEW+TERM,4,7,1,5,0.4999984323558541,1.1054180567550425,18,50.0,17.2
DD+CS+SKEW+TERM,4,7,2,5,0.5988490156459038,1.135096318108441,18,50.3,17.4
DD+CS+SKEW+TERM,4,7,3,5,0.7211334449844415,1.25145098997356,18,49.7,17.4
DD+CS+SKEW+TERM,4,101,1,5,0.6776068966386308,0.5070228779379985,12,53.8,18.8
DD+CS+SKEW+TERM,4,101,2,5,1.1274377987972661,0.7437000762060378,12,53.4,18.7
DD+CS+SKEW+TERM,4,101,3,5,0.8391303634676759,0.601748278951125,12,53.5,18.8
DD+CS+SKEW+TERM,4,102,1,5,-0.9812835262126479,0.6263250034494117,12,56.4,19.6
DD+CS+SKEW+TERM,4,102,2,5,-1.7662839701396629,0.07729886099871722,12,56.1,19.5
DD+CS+SKEW+TERM,4,102,3,5,-1.5757466311490174,0.16411263016261723,12,56.6,19.4
DD+CS+SKEW+TERM,4,103,1,5,0.9190486467374908,2.2968440219543167,12,58.6,20.5
DD+CS+SKEW+TERM,4,103,2,5,1.953147039202573,3.4334316724871483,12,58.4,20.5
DD+CS+SKEW+TERM,4,103,3,5,0.5529149899568626,2.2903349709382668,12,58.8,20.5
DD+CS+SKEW+TERM,4,104,1,5,-0.7809001244104838,0.3493349895109041,12,61.4,21.5
DD+CS+SKEW+TERM,4,104,2,5,-0.4119554201351092,0.5995730332040433,12,61.7,21.5
DD+CS+SKEW+TERM,4,104,3,5,-0.6109055023473439,0.5147701142302267,12,61.5,21.1
DD+CS+SKEW+TERM,4,105,1,5,-0.877438204541569,-0.4214257021888916,12,64.5,22.1
DD+CS+SKEW+TERM,4,105,2,5,-0.5227369336480868,-0.2873213595476479,12,64.0,22.3
DD+CS+SKEW+TERM,4,105,3,5,-0.971390266907028,-0.46416754155936174,12,63.9,22.3
DD+CS+SKEW+TERM,4,106,1,5,1.229212095386116,2.070808348150034,12,66.6,23.0
DD+CS+SKEW+TERM,4,106,2,5,0.9539957381284239,1.822222380747964,12,66.8,23.2
DD+CS+SKEW+TERM,4,106,3,5,0.7392870933060955,1.7918917190199064,12,66.7,23.3
DD+CS+SKEW+TERM,4,107,1,5,0.8682733842578284,2.5376506088823194,12,69.6,23.8
DD+CS+SKEW+TERM,4,107,2,5,1.017999327494709,2.891309305116521,12,69.9,23.7
DD+CS+SKEW+TERM,4,107,3,5,0.5365976909911602,3.156101614242447,12,68.5,24.1
DD+CS+SKEW+TERM,4,108,1,5,-0.6527816813320605,-0.3828385771535637,12,71.3,24.9
DD+CS+SKEW+TERM,4,108,2,5,-0.6536758933766688,-0.3841076888753514,12,72.1,24.8
DD+CS+SKEW+TERM,4,108,3,5,0.4133514279858884,0.12229369562614292,12,72.1,25.0
DD+CS+SKEW+TERM,4,109,1,5,-0.5577135545246599,1.4162167683825466,12,75.1,25.8
DD+CS+SKEW+TERM,4,109,2,5,-0.5343570090719162,1.2118339636533504,12,74.3,25.4
DD+CS+SKEW+TERM,4,109,3,5,-0.6200388623209384,1.194322026456755,12,74.8,25.7
DD+CS+SKEW+TERM,4,110,1,5,1.5886545045374445,1.1685063362147896,12,76.8,26.7
DD+CS+SKEW+TERM,4,110,2,5,1.3113679002106982,1.1841556694986564,12,76.9,26.7
DD+CS+SKEW+TERM,4,110,3,5,1.5591523994989176,1.240515013893035,12,77.9,26.7
DD+CS+SKEW+TERM,4,111,1,5,-3.1262240330316766,-1.271929178463601,12,80.0,27.7
DD+CS+SKEW+TERM,4,111,2,5,-3.307205733613119,-1.385801712724649,12,80.2,27.7
DD+CS+SKEW+TERM,4,111,3,5,-3.3140999263513464,-1.5170564889420477,12,80.1,27.4
DD+CS+SKEW+TERM,4,112,1,5,0.4092635259480079,0.027557516157390913,12,82.8,28.5
DD+CS+SKEW+TERM,4,112,2,5,0.4359900916158602,0.04320566693205393,12,81.9,28.7
DD+CS+SKEW+TERM,4,112,3,5,0.6280312468874787,0.1356010740200369,12,82.4,28.5
DD+CS+SKEW+TERM,4,113,1,5,1.6170188537052392,2.1217072333418043,12,85.2,29.7
DD+LVIX+SKEW,3,1,1,5,0.21958617279317186,1.073514887016179,24,17.3,7.1
DD+CS+SKEW+TERM,4,113,2,5,0.7618763999713991,1.359787070047355,12,84.8,29.9
DD+LVIX+SKEW,3,1,2,5,-0.07483039454555696,0.9284506382385016,24,17.1,6.9
DD+CS+SKEW+TERM,4,113,3,5,0.3550560807623448,1.1520680465192847,12,85.4,29.9
DD+LVIX+SKEW,3,1,3,5,0.28852792828655244,1.1120866566337753,24,17.0,7.0
DD+LVIX+SKEW,3,2,1,5,0.5215393826068683,0.5405554377831626,24,22.4,8.9
DD+CS+SKEW+TERM,4,114,1,5,1.0345735351485523,1.8126664390775522,12,87.8,31.0
DD+LVIX+SKEW,3,2,2,5,0.7930726226248633,0.7394359564878671,24,22.3,8.9
DD+LVIX+SKEW,3,2,3,5,0.5516073565441405,0.5662326526911541,24,22.4,8.8
DD+LVIX+SKEW,3,3,1,5,-0.32827027442105366,-0.6536311260251351,24,27.5,10.5
DD+CS+SKEW+TERM,4,114,2,5,0.8553696314445299,1.6288240774735216,12,88.3,31.3
DD+LVIX+SKEW,3,3,2,5,-0.13368068449198317,-0.5353930895500458,24,27.7,10.4
DD+LVIX+SKEW,3,3,3,5,-0.3333090310590228,-0.6537379646027256,24,28.0,10.4
DD+CS+SKEW+TERM,4,114,3,5,1.1289688569343344,1.8022383359758005,12,87.9,31.0
DD+LVIX+SKEW,3,4,1,5,0.29782084318552854,1.2064147187570244,24,32.9,11.8
DD+LVIX+SKEW,3,4,2,5,0.34963881054491436,1.1891792775511512,24,33.0,11.8
DD+LVIX+SKEW,3,4,3,5,0.2768527508915668,1.2326106684560585,24,32.7,12.0
DD+LVIX+SKEW,3,5,1,5,0.883163235819219,1.4209353859850908,24,38.0,13.4
DD+LVIX+SKEW,3,5,2,5,1.235990798577395,1.6307201390596024,24,37.8,13.8
DD+LVIX+SKEW,3,5,3,5,1.3228032254193456,1.7210339237368812,24,37.9,13.9
DD+LVIX+SKEW,3,6,1,5,-0.1905067956779083,-0.36960154878907203,30,43.0,15.5
DD+LVIX+SKEW,3,6,2,5,-0.18912227571253262,-0.35819353908723656,30,43.4,15.3
DD+LVIX+SKEW,3,6,3,5,-0.28668830563035075,-0.4061098848048231,30,43.5,15.5
DD+LVIX+SKEW,3,7,1,5,1.4733912424259104,1.6759607936144285,18,49.3,17.4
DD+LVIX+SKEW,3,7,2,5,1.4803678685151358,1.662070752874022,18,50.1,17.2
DD+LVIX+SKEW,3,7,3,5,1.529381020757614,1.5680718966742435,18,49.6,17.9
DD+LVIX+SKEW,3,101,1,5,-0.2204929843622901,0.06404345335800571,12,53.5,19.1
DD+LVIX+SKEW,3,101,2,5,-0.3484853109001214,0.016544804150564217,12,53.3,18.8
DD+LVIX+SKEW,3,101,3,5,-0.1540194680913018,0.09976071681034387,12,53.7,19.0
DD+LVIX+SKEW,3,102,1,5,-0.6474590087411075,1.1186367142102491,12,57.0,19.9
DD+LVIX+SKEW,3,102,2,5,-0.184494431326629,1.202406810516655,12,56.4,19.5
DD+LVIX+SKEW,3,102,3,5,-1.468957670555548,0.6974538394241605,12,57.0,19.6
DD+LVIX+SKEW,3,103,1,5,0.8547505829391043,2.2735803103661407,12,59.7,21.2
DD+LVIX+SKEW,3,103,2,5,1.7325572986403868,2.7632746344342762,12,59.5,21.3
DD+LVIX+SKEW,3,103,3,5,1.0407611863003499,2.441377108481048,12,59.5,21.2
DD+LVIX+SKEW,3,104,1,5,-0.41880988202648767,0.6344971294249735,12,63.1,21.9
DD+LVIX+SKEW,3,104,2,5,0.4617848550491715,1.2615499610844136,12,62.6,21.7
DD+LVIX+SKEW,3,104,3,5,0.0665091932995322,1.060302382374153,12,63.0,21.1
DD+LVIX+SKEW,3,105,1,5,-1.8633822872974044,-0.8342896419615321,12,66.0,22.2
DD+LVIX+SKEW,3,105,2,5,-0.45566869575694885,-0.2593218701374663,12,64.8,22.6
DD+LVIX+SKEW,3,105,3,5,-1.919142337787937,-0.913271110262228,12,64.7,22.2
DD+LVIX+SKEW,3,106,1,5,0.3672844153829203,1.6425213719058236,12,67.1,23.3
DD+LVIX+SKEW,3,106,2,5,0.4114616746751895,1.546682202608774,12,66.7,23.3
DD+LVIX+SKEW,3,106,3,5,0.619791653393233,1.7748636343883162,12,67.0,23.4
DD+LVIX+SKEW,3,107,1,5,0.1984494378834439,2.8004915226280045,12,69.0,23.8
DD+LVIX+SKEW,3,107,2,5,-0.23319459761277275,2.2791426052303696,12,70.0,23.8
DD+LVIX+SKEW,3,107,3,5,0.5238046062587708,2.4010476691994684,12,69.6,24.3
DD+LVIX+SKEW,3,108,1,5,1.2852436454041671,0.463162717992845,12,72.0,25.2
DD+LVIX+SKEW,3,108,2,5,0.12020326279035505,0.01767124845553901,12,71.8,25.1
DD+LVIX+SKEW,3,108,3,5,1.05642133518176,0.35836717513911986,12,72.2,25.0
DD+LVIX+SKEW,3,109,1,5,-0.45638415027688334,1.16250234308432,12,74.3,25.8
DD+LVIX+SKEW,3,109,2,5,-0.5926170229316929,1.1705861933185537,12,74.0,25.8
DD+LVIX+SKEW,3,109,3,5,-0.6144796925369842,1.0446678347343472,12,75.0,25.5
DD+LVIX+SKEW,3,110,1,5,2.3518506946349533,1.4978948290196612,12,76.2,27.0
DD+LVIX+SKEW,3,110,2,5,2.0690168818448513,1.4092809162401163,12,77.1,27.1
DD+LVIX+SKEW,3,110,3,5,2.185152527857476,1.4369460663910887,12,76.7,26.9
DD+LVIX+SKEW,3,111,1,5,-2.6773374299761725,-0.9446286581431417,12,79.8,27.6
DD+LVIX+SKEW,3,111,2,5,-2.053220673754489,-0.3104473180367506,12,80.2,27.7
DD+LVIX+SKEW,3,111,3,5,-2.4008260066116325,-0.7206664668588643,12,79.2,27.6
DD+LVIX+SKEW,3,112,1,5,0.8566729989413453,0.21402859686439338,12,82.7,28.3
DD+LVIX+SKEW,3,112,2,5,1.005756499500912,0.27749757427878097,12,82.1,29.1
DD+LVIX+SKEW,3,112,3,5,0.8204562690612789,0.21465345279204978,12,82.6,28.9
DD+LVIX+SKEW,3,113,1,5,1.7201484570217629,2.0095183801648657,12,85.1,29.8
DD+VOL+REL_N+CS,4,1,1,5,0.2981654452315763,1.0666631974161311,24,17.2,6.9
DD+LVIX+SKEW,3,113,2,5,0.3534902297938687,1.0452281974768218,12,85.3,29.8
DD+VOL+REL_N+CS,4,1,2,5,0.2707808774607888,1.0724830598548574,24,17.2,7.0
DD+LVIX+SKEW,3,113,3,5,1.8218658344999439,2.2222071686592426,12,85.9,29.9
DD+VOL+REL_N+CS,4,1,3,5,0.2670150707893224,1.0720710994466973,24,17.2,6.9
DD+LVIX+SKEW,3,114,1,5,1.5141271541545585,2.1327778886599376,12,87.7,30.7
DD+VOL+REL_N+CS,4,2,1,5,0.607364162930231,0.6202879288475454,24,22.3,9.0
DD+VOL+REL_N+CS,4,2,2,5,0.4831904618766273,0.5104006031082473,24,22.1,8.7
DD+VOL+REL_N+CS,4,2,3,5,0.5486552141185937,0.5673529135688534,24,22.3,8.6
DD+VOL+REL_N+CS,4,3,1,5,-0.36971336305766217,-0.6533608814804215,24,28.1,10.4
DD+LVIX+SKEW,3,114,2,5,1.436336640776014,2.082082900679212,12,88.8,30.8
DD+VOL+REL_N+CS,4,3,2,5,-0.4389421121968389,-0.6957393268092873,24,27.4,10.2
DD+VOL+REL_N+CS,4,3,3,5,-0.506227110335592,-0.7359043380991982,24,28.0,10.2
DD+LVIX+SKEW,3,114,3,5,1.1167898946137413,1.8671363983392535,12,88.2,30.7
DD+VOL+REL_N+CS,4,4,1,5,0.9261272058572971,1.5783355499132659,24,32.9,12.0
DD+VOL+REL_N+CS,4,4,2,5,1.506989917823178,1.9959064815298768,24,33.2,11.7
DD+VOL+REL_N+CS,4,4,3,5,1.1712014201394396,1.7686160316453174,24,32.9,11.7
DD+VOL+REL_N+CS,4,5,1,5,1.433612389222957,1.7513650823166833,24,38.0,13.7
DD+VOL+REL_N+CS,4,5,2,5,1.5632888924220663,1.8890289401098759,24,37.9,13.5
DD+VOL+REL_N+CS,4,5,3,5,1.3934340989978824,1.7167026766594136,24,37.9,13.6
DD+VOL+REL_N+CS,4,6,1,5,-0.15036851107620747,-0.3677961605785247,30,43.0,15.5
DD+VOL+REL_N+CS,4,6,2,5,-0.047874123750417864,-0.3059466116619112,30,42.8,15.4
DD+VOL+REL_N+CS,4,6,3,5,-0.15365241349749056,-0.36597168359923693,30,43.3,15.3
DD+VOL+REL_N+CS,4,7,1,5,0.3815782082393823,1.0925930561034964,18,49.8,17.2
DD+VOL+REL_N+CS,4,7,2,5,0.5606549573244284,1.1874215664129082,18,50.1,17.5
DD+VOL+REL_N+CS,4,7,3,5,0.6055647234313167,1.188086673951529,18,49.2,17.3
DD+VOL+REL_N+CS,4,101,1,5,-0.5185410297130407,-0.08670482496016196,12,53.6,18.8
DD+VOL+REL_N+CS,4,101,2,5,-0.7853999429479138,-0.22535714077735217,12,53.7,18.8
DD+VOL+REL_N+CS,4,101,3,5,-0.41526938594319424,-0.04430931929320074,12,53.4,18.9
DD+VOL+REL_N+CS,4,102,1,5,-1.1376120711800044,0.4847106276113737,12,56.2,19.6
DD+VOL+REL_N+CS,4,102,2,5,-1.1789311910054079,0.4221358666064414,12,56.2,19.5
DD+VOL+REL_N+CS,4,102,3,5,-0.17979256687179684,1.0031722629408306,12,56.5,19.7
DD+VOL+REL_N+CS,4,103,1,5,0.14439861941528942,1.5407890583294666,12,58.2,20.5
DD+VOL+REL_N+CS,4,103,2,5,0.5808420394286625,2.022428743808165,12,59.0,20.5
DD+VOL+REL_N+CS,4,103,3,5,0.019642578784095695,1.6632554991282051,12,58.7,20.5
DD+VOL+REL_N+CS,4,104,1,5,0.5476399590142739,1.3181148030602794,12,61.5,21.4
DD+VOL+REL_N+CS,4,104,2,5,0.8099446492559431,1.5698133159097256,12,61.9,21.4
DD+VOL+REL_N+CS,4,104,3,5,0.14446448301551978,1.1212858769192304,12,61.6,21.3
DD+VOL+REL_N+CS,4,105,1,5,-1.5810886316071828,-0.571322291577698,12,64.6,22.1
DD+VOL+REL_N+CS,4,105,2,5,-2.6044750187510584,-0.8704803973403316,12,63.3,22.3
DD+VOL+REL_N+CS,4,105,3,5,-2.300033209611267,-0.877014952485447,12,64.2,22.4
DD+VOL+REL_N+CS,4,106,1,5,3.3637122805955504,3.6046286872279816,12,66.4,23.1
DD+VOL+REL_N+CS,4,106,2,5,-0.06884786494165626,1.4866172604424261,12,66.1,23.2
DD+VOL+REL_N+CS,4,106,3,5,1.1029605679128194,2.3624180891622744,12,67.0,22.9
DD+VOL+REL_N+CS,4,107,1,5,-0.5788247397938109,2.117208045651096,12,68.8,23.9
DD+VOL+REL_N+CS,4,107,2,5,0.5443248133422713,2.6725796904962915,12,69.6,24.0
DD+VOL+REL_N+CS,4,107,3,5,0.534440980594431,2.2946075709895726,12,69.0,23.7
DD+VOL+REL_N+CS,4,108,1,5,0.6824835118509587,0.3113892522189221,12,71.8,24.7
DD+VOL+REL_N+CS,4,108,2,5,0.5506705037555573,0.23627885763038778,12,71.7,25.1
DD+VOL+REL_N+CS,4,108,3,5,0.43430800823691273,0.18057964063604387,12,71.2,25.0
DD+VOL+REL_N+CS,4,109,1,5,-0.744869117637025,0.7745438989778379,12,75.1,25.6
DD+VOL+REL_N+CS,4,109,2,5,-0.22063693323149922,0.8563793709696471,12,74.3,25.5
DD+VOL+REL_N+CS,4,109,3,5,-0.8615882046410037,0.455440903133781,12,74.8,26.0
DD+VOL+REL_N+CS,4,110,1,5,3.580310328826541,1.9445709179607504,12,76.5,26.6
DD+VOL+REL_N+CS,4,110,2,5,3.5002519456541297,1.8629101590386874,12,77.3,26.4
DD+VOL+REL_N+CS,4,110,3,5,3.577895061845215,1.8667037020174926,12,77.3,26.5
DD+VOL+REL_N+CS,4,111,1,5,-1.7867246615832337,-0.5227432911509705,12,79.0,27.7
DD+VOL+REL_N+CS,4,111,2,5,-1.555915638764014,-0.3517572633459885,12,80.4,27.5
DD+VOL+REL_N+CS,4,111,3,5,-1.9970804945337512,-0.6524170372808051,12,79.9,27.7
DD+VOL+REL_N+CS,4,112,1,5,0.6737833028064457,0.15601908892319277,12,82.5,28.5
DD+VOL+REL_N+CS,4,112,2,5,0.43465362857797096,0.04869167510661287,12,82.3,28.8
DD+VOL+REL_N+CS,4,112,3,5,0.4555758353620324,0.05794048987646394,12,82.5,28.6
DD+VOL+REL_N+CS,4,113,1,5,1.2202425983597613,1.5972456817343699,12,84.2,29.6
DD+SKEW,2,1,1,5,0.27952322554769515,1.1659322671207053,24,16.9,7.1
DD+VOL+REL_N+CS,4,113,2,5,1.0522026760986767,1.5108750829488604,12,84.5,29.6
DD+SKEW,2,1,2,5,0.7819867884731077,1.3974257792342633,24,17.1,6.9
DD+VOL+REL_N+CS,4,113,3,5,1.1910294075614485,1.5952042844398278,12,85.2,29.5
DD+SKEW,2,1,3,5,-0.10575598207154531,1.0156695704835368,24,17.0,6.9
DD+SKEW,2,2,1,5,0.8255547016841706,0.8149437675286,24,22.1,8.8
DD+VOL+REL_N+CS,4,114,1,5,1.5644312513429424,2.182019427070591,12,87.5,30.5
DD+SKEW,2,2,2,5,0.6706159506859739,0.6841586943064879,24,22.5,8.8
DD+SKEW,2,2,3,5,0.7675413201880946,0.7518964209106342,24,22.4,8.9
DD+SKEW,2,3,1,5,-0.3562242673903696,-0.663838599895572,24,27.6,10.5
DD+VOL+REL_N+CS,4,114,2,5,1.9396993828209987,2.3619449873164173,12,88.4,31.3
DD+SKEW,2,3,2,5,-0.23448005215137316,-0.5936005994174149,24,27.7,10.3
DD+VOL+REL_N+CS,4,114,3,5,2.5885806536328695,2.674840322162167,12,87.1,30.8
DD+SKEW,2,3,3,5,-0.17107678042426624,-0.5521458053014564,24,27.7,10.3
DD+SKEW,2,4,1,5,1.50214737161911,1.8829235608721036,24,32.9,11.9
DD+SKEW,2,4,2,5,1.4628535791209154,1.8596103078704898,24,32.8,12.0
DD+SKEW,2,4,3,5,1.4375834487322778,1.8227355022666798,24,32.7,11.8
DD+SKEW,2,5,1,5,0.8166224399795599,1.4102870896057993,24,38.2,13.6
DD+SKEW,2,5,2,5,0.6390951712945167,1.3255804382239338,24,37.6,13.8
DD+SKEW,2,5,3,5,0.7580446383678942,1.397438692167326,24,37.7,13.6
DD+SKEW,2,6,1,5,0.4499408137498681,-0.07529710973922134,30,43.0,15.4
DD+SKEW,2,6,2,5,0.22018562578186285,-0.16322260557231263,30,42.9,15.5
DD+SKEW,2,6,3,5,0.07739797697375406,-0.23879750940417926,30,43.1,15.6
DD+SKEW,2,7,1,5,1.1652482684587404,1.483248214550422,18,49.9,17.3
DD+SKEW,2,7,2,5,1.2713004092709914,1.5607624349174374,18,49.8,17.7
DD+SKEW,2,7,3,5,1.3937776552785295,1.6077198709354004,18,49.0,17.6
DD+SKEW,2,101,1,5,0.1462688491948948,0.23875182271979398,12,52.8,18.8
DD+SKEW,2,101,2,5,-0.04784366112694372,0.15233883079329238,12,53.0,18.7
DD+SKEW,2,101,3,5,-0.02229249066469249,0.16412080966100678,12,53.4,18.7
DD+SKEW,2,102,1,5,-0.9571340037240866,0.5781031789065053,12,56.4,19.6
DD+SKEW,2,102,2,5,-0.0231538981753628,1.054970481917593,12,56.1,19.4
DD+SKEW,2,102,3,5,-1.1130684920323104,0.4781272190828191,12,56.3,19.5
DD+SKEW,2,103,1,5,0.7700176910984056,2.033132938104285,12,58.3,20.6
DD+SKEW,2,103,2,5,0.4308932076683036,1.9717512021498236,12,58.4,20.2
DD+SKEW,2,103,3,5,0.5436371938095038,1.9766010009092256,12,58.8,20.2
DD+SKEW,2,104,1,5,-0.9657848352816115,0.4275875728887806,12,61.2,21.4
DD+SKEW,2,104,2,5,-0.8696899157923481,0.4443067532391485,12,61.5,21.5
DD+SKEW,2,104,3,5,-0.6650221829224648,0.611988782593872,12,61.6,21.2
DD+SKEW,2,105,1,5,-0.6122455371957624,-0.37790657574540704,12,64.2,22.4
DD+SKEW,2,105,2,5,-0.8836918290902731,-0.5099625189009831,12,63.6,22.4
DD+SKEW,2,105,3,5,-0.7378216180845407,-0.4666094078280009,12,63.2,22.2
DD+SKEW,2,106,1,5,-1.111409054871183,1.3555753933167394,12,66.5,22.8
DD+SKEW,2,106,2,5,-0.19318920264620182,1.851216608943282,12,66.2,23.0
DD+SKEW,2,106,3,5,0.22835022677973843,1.3167163305843135,12,67.2,23.0
DD+SKEW,2,107,1,5,1.0614157514507263,2.7398745599848473,12,69.0,23.8
DD+SKEW,2,107,2,5,0.13587600313680426,2.9063865060807523,12,69.8,24.2
DD+SKEW,2,107,3,5,0.40481313409185743,3.152777116263432,12,68.6,24.2
DD+SKEW,2,108,1,5,-0.14723653171070603,-0.10443789856341366,12,71.0,24.7
DD+SKEW,2,108,2,5,-0.17852777850004733,-0.10405797441613078,12,72.0,24.5
DD+SKEW,2,108,3,5,-0.1622522652282082,-0.11198792527630218,12,71.4,24.9
DD+SKEW,2,109,1,5,0.4932849256296682,1.6531812459068835,12,74.7,25.7
DD+SKEW,2,109,2,5,-0.43393072145319705,0.7987717319352207,12,74.5,25.8
DD+SKEW,2,109,3,5,-0.464629190948583,0.7293740501661377,12,74.5,26.1
DD+SKEW,2,110,1,5,1.722671012626959,1.3190730478746269,12,76.6,27.0
DD+SKEW,2,110,2,5,2.1424346513466306,1.5115380307508872,12,76.9,26.9
DD+SKEW,2,110,3,5,2.0597217515259336,1.4362051888425738,12,77.2,26.6
DD+SKEW,2,111,1,5,-3.0650390189338554,-0.8323399953588846,12,80.2,27.6
DD+SKEW,2,111,2,5,-2.539208258033361,-0.5670453559543531,12,80.2,27.6
DD+SKEW,2,111,3,5,-2.4016937293437173,-0.6003329948576914,12,79.7,27.5
DD+SKEW,2,112,1,5,1.0825452730980962,0.3057337860787747,12,82.5,28.7
DD+SKEW,2,112,2,5,1.1630878706988268,0.3401447044376259,12,81.7,28.6
DD+SKEW,2,112,3,5,1.2237968761754432,0.35872778396195015,12,81.4,28.6
DD+SKEW,2,113,1,5,2.007246651266403,2.302462925658048,12,84.9,29.4
DD+REL_N+LVIX,3,1,1,5,1.224799489323259,1.6166495575747486,24,17.1,6.9
DD+SKEW,2,113,2,5,1.1245249731696525,1.5824976689110837,12,84.9,29.4
DD+REL_N+LVIX,3,1,2,5,1.2522250413900862,1.632593382708517,24,17.0,6.9
DD+REL_N+LVIX,3,1,3,5,1.1821026332297506,1.6155589696525927,24,17.0,6.9
DD+SKEW,2,113,3,5,1.1490625525856237,1.6218552964005464,12,85.3,29.6
DD+REL_N+LVIX,3,2,1,5,0.6973996508380331,0.6972690279042664,24,22.2,8.7
DD+SKEW,2,114,1,5,1.209339861504498,2.293892777196575,12,88.0,30.8
DD+REL_N+LVIX,3,2,2,5,0.6919920718219885,0.6940354524240979,24,22.4,8.9
DD+REL_N+LVIX,3,2,3,5,0.6624566930620657,0.6671374804150512,24,22.2,9.1
DD+REL_N+LVIX,3,3,1,5,-0.5442183975930394,-0.7697816177786871,24,27.8,10.4
DD+SKEW,2,114,2,5,1.5090953357105776,2.408855686179253,12,88.0,31.3
DD+SKEW,2,114,3,5,1.2800021586085764,2.1724692752094534,12,87.4,30.8
DD+REL_N+LVIX,3,3,2,5,-0.4196501722829827,-0.7074957340473061,24,27.8,10.2
DD+REL_N+LVIX,3,3,3,5,-0.32544588948479064,-0.6458455680411481,24,27.5,10.2
DD+REL_N+LVIX,3,4,1,5,0.8460061232252639,1.533043613156101,24,32.8,12.0
DD+REL_N+LVIX,3,4,2,5,0.9414139348702966,1.5349230038945743,24,32.9,11.9
DD+REL_N+LVIX,3,4,3,5,1.1113918063247343,1.6152891117876294,24,32.7,11.7
DD+REL_N+LVIX,3,5,1,5,1.2101310836517463,1.6257807024045812,24,38.1,13.7
DD+REL_N+LVIX,3,5,2,5,0.308091913624751,1.0221224826187039,24,37.6,13.7
DD+REL_N+LVIX,3,5,3,5,0.21249968839420602,1.0290912753820238,24,37.5,13.7
DD+REL_N+LVIX,3,6,1,5,0.01889616633314258,-0.26599626653391906,30,43.3,15.4
DD+REL_N+LVIX,3,6,2,5,0.188261291971749,-0.19015837823005585,30,43.0,15.6
DD+REL_N+LVIX,3,6,3,5,0.10661609285763421,-0.22887221968084304,30,43.0,15.6
DD+REL_N+LVIX,3,7,1,5,1.132665287184199,1.3753288455153327,18,49.7,17.2
DD+REL_N+LVIX,3,7,2,5,0.9331060044760606,1.3140560230686527,18,49.9,17.4
DD+REL_N+LVIX,3,7,3,5,1.0831923313085816,1.3573726050222212,18,49.5,17.5
DD+REL_N+LVIX,3,101,1,5,0.185744226534464,0.261310676652436,12,53.3,18.6
DD+REL_N+LVIX,3,101,2,5,0.20233046310100541,0.27300881256801346,12,53.4,18.7
DD+REL_N+LVIX,3,101,3,5,0.04015816937627104,0.19116088652388982,12,53.5,18.8
DD+REL_N+LVIX,3,102,1,5,-0.48395646811344545,1.078360674144108,12,55.7,19.6
DD+REL_N+LVIX,3,102,2,5,-0.9799150046128308,0.6926792179309383,12,56.5,19.2
DD+REL_N+LVIX,3,102,3,5,-1.2051557503213486,0.6775032748192457,12,56.4,19.4
DD+REL_N+LVIX,3,103,1,5,1.525747681414496,2.2840946630836783,12,58.7,20.6
DD+REL_N+LVIX,3,103,2,5,0.29160903142423406,1.724206284605118,12,58.9,20.4
DD+REL_N+LVIX,3,103,3,5,0.3713200140693161,1.7682276763614266,12,59.0,20.6
DD+REL_N+LVIX,3,104,1,5,-0.501128617195819,0.5118027464499949,12,61.0,21.4
DD+REL_N+LVIX,3,104,2,5,-0.45157748129371916,0.5723854275544478,12,60.9,21.3
DD+REL_N+LVIX,3,104,3,5,-0.6060612445274121,0.5096859729576322,12,61.9,21.1
DD+REL_N+LVIX,3,105,1,5,-0.4765485573527111,-0.2735115314907805,12,64.3,22.2
DD+REL_N+LVIX,3,105,2,5,-1.3303882930513244,-0.5537034360250278,12,63.5,22.2
DD+REL_N+LVIX,3,105,3,5,-1.4850576530232702,-0.6038666188995386,12,63.8,22.3
DD+REL_N+LVIX,3,106,1,5,0.43146727425229364,1.6329684434271665,12,67.2,23.5
DD+REL_N+LVIX,3,106,2,5,0.7223892561363521,1.823614683159647,12,66.5,23.4
DD+REL_N+LVIX,3,106,3,5,1.7232108963295385,2.457988988540958,12,65.6,23.2
DD+REL_N+LVIX,3,107,1,5,0.7277247134684122,2.6736746095432284,12,69.6,23.6
DD+REL_N+LVIX,3,107,2,5,0.6615089263782776,2.71881619141951,12,69.3,24.1
DD+REL_N+LVIX,3,107,3,5,1.0850128159137653,2.8918776324956976,12,69.0,24.1
DD+REL_N+LVIX,3,108,1,5,1.3562065175272229,0.634086982696673,12,71.6,24.9
DD+REL_N+LVIX,3,108,2,5,1.4117930149542472,0.6447452806461056,12,72.1,24.8
DD+REL_N+LVIX,3,108,3,5,1.344506912364812,0.6453359567959912,12,72.1,25.1
DD+REL_N+LVIX,3,109,1,5,-0.6385449386956313,1.3358790434680354,12,73.7,25.8
DD+REL_N+LVIX,3,109,2,5,0.9460564715409371,2.3254883694064956,12,74.8,25.3
DD+REL_N+LVIX,3,109,3,5,0.4720346197801093,2.1406609867214383,12,74.7,26.0
DD+REL_N+LVIX,3,110,1,5,2.439174790652558,1.6729523878980022,12,76.5,26.6
DD+REL_N+LVIX,3,110,2,5,2.1612598636028792,1.5371468580961865,12,77.0,26.5
DD+REL_N+LVIX,3,110,3,5,2.317162718782614,1.615979542484529,12,77.5,27.0
DD+REL_N+LVIX,3,111,1,5,-2.5963452597874266,-0.842638921295096,12,79.5,27.8
DD+REL_N+LVIX,3,111,2,5,-2.727255518210345,-0.7526397480816791,12,78.6,27.7
DD+REL_N+LVIX,3,111,3,5,-2.3482884901507273,-0.6201970243834847,12,79.9,27.3
DD+REL_N+LVIX,3,112,1,5,0.859055076110711,0.2235374013761986,12,82.4,28.6
DD+REL_N+LVIX,3,112,2,5,1.068826971222054,0.31930827967620556,12,81.8,28.7
DD+REL_N+LVIX,3,112,3,5,0.8984691519414636,0.24445214244808783,12,82.2,28.6
DD+REL_N+LVIX,3,113,1,5,1.0519447949477292,1.6781156453410748,12,85.1,29.8
DD+REL_N+LVIX+SKEW,4,1,1,5,-0.30816105790688336,0.7546025839603818,24,17.3,7.2
DD+REL_N+LVIX,3,113,2,5,0.6150755386521927,1.3822147564311607,12,85.0,30.0
DD+REL_N+LVIX,3,113,3,5,0.6188993017270594,1.337072578714188,12,84.5,29.6
DD+REL_N+LVIX+SKEW,4,1,2,5,-0.34318525629287544,0.7679878025461963,24,17.0,6.9
DD+REL_N+LVIX+SKEW,4,1,3,5,0.0009283226358911373,0.9401455715952379,24,16.9,6.8
DD+REL_N+LVIX+SKEW,4,2,1,5,0.5447518863519529,0.5664368085722599,24,22.3,8.8
DD+REL_N+LVIX+SKEW,4,2,2,5,0.6546351866899975,0.6612383555039878,24,22.2,8.9
DD+REL_N+LVIX,3,114,1,5,1.0071875893592976,1.931301915386484,12,87.6,30.9
DD+REL_N+LVIX+SKEW,4,2,3,5,0.6587904019759575,0.6489146993770281,24,22.5,8.9
DD+REL_N+LVIX+SKEW,4,3,1,5,-0.6836679560272274,-0.8640658968628365,24,27.9,10.5
DD+REL_N+LVIX,3,114,2,5,0.7471712894981014,1.7050524170645593,12,88.3,31.1
DD+REL_N+LVIX,3,114,3,5,1.0728475561091075,2.3533937263574263,12,87.3,31.0
DD+REL_N+LVIX+SKEW,4,3,2,5,-0.6878905886860402,-0.8575492638431698,24,27.7,10.3
DD+REL_N+LVIX+SKEW,4,3,3,5,-0.6237346561241898,-0.8233078107351218,24,27.6,10.2
DD+REL_N+LVIX+SKEW,4,4,1,5,0.9266596027260375,1.5512608539054167,24,33.0,11.9
DD+REL_N+LVIX+SKEW,4,4,2,5,0.843118058470556,1.519440570873091,24,32.9,11.8
DD+REL_N+LVIX+SKEW,4,4,3,5,1.0656001432080933,1.6022741294835245,24,32.7,11.9
DD+REL_N+LVIX+SKEW,4,5,1,5,0.9699670866600983,1.3984712640821264,24,38.2,13.7
DD+REL_N+LVIX+SKEW,4,5,2,5,0.9195753568617729,1.383515967982539,24,37.5,13.9
DD+REL_N+LVIX+SKEW,4,5,3,5,0.2007904135080995,1.000759707997782,24,38.0,13.8
DD+REL_N+LVIX+SKEW,4,6,1,5,0.15957817163489701,-0.1932516457886245,30,43.1,15.5
DD+REL_N+LVIX+SKEW,4,6,2,5,0.20845656467399548,-0.17838700640285757,30,43.0,15.5
DD+REL_N+LVIX+SKEW,4,6,3,5,0.18453814278600267,-0.18189086799746243,30,43.0,15.4
DD+REL_N+LVIX+SKEW,4,7,1,5,0.9036372409632769,1.2926912260590322,18,50.1,17.2
DD+REL_N+LVIX+SKEW,4,7,2,5,0.4542274034110104,1.132003125892372,18,49.9,17.5
DD+REL_N+LVIX+SKEW,4,7,3,5,0.8660581783443417,1.2704218719252165,18,49.1,17.7
DD+REL_N+LVIX+SKEW,4,101,1,5,0.0720667831715678,0.20562645923113215,12,53.6,18.7
DD+REL_N+LVIX+SKEW,4,101,2,5,0.2085012892559756,0.2734614079149987,12,53.1,18.9
DD+REL_N+LVIX+SKEW,4,101,3,5,0.2611951635422468,0.29842814844441024,12,54.0,18.6
DD+REL_N+LVIX+SKEW,4,102,1,5,-0.7697665148587097,0.7279584348591756,12,56.0,19.6
DD+REL_N+LVIX+SKEW,4,102,2,5,-0.8983415542108629,0.647325844619033,12,56.3,19.2
DD+REL_N+LVIX+SKEW,4,102,3,5,0.4431167244717846,1.3501820429492246,12,56.4,20.4
DD+REL_N+LVIX+SKEW,4,103,1,5,1.2626650032809292,2.365783529167434,12,58.3,22.1
DD+REL_N+LVIX+SKEW,4,103,2,5,0.9479115530648011,2.2032181745785757,12,59.9,21.3
DD+REL_N+LVIX+SKEW,4,103,3,5,1.0652190385329732,2.275967407410228,12,60.0,20.6
DD+REL_N+LVIX+SKEW,4,104,1,5,-0.30232782737177666,0.6162039757039978,12,62.8,21.5
DD+REL_N+LVIX+SKEW,4,104,2,5,0.07582953631012525,0.8789824792288422,12,63.1,21.6
DD+REL_N+LVIX+SKEW,4,104,3,5,-0.5408802029284966,0.4384547782390419,12,62.9,21.1
DD+REL_N+LVIX+SKEW,4,105,1,5,-2.9533427931911223,-1.2116146419425093,12,64.7,22.2
DD+REL_N+LVIX+SKEW,4,105,2,5,-1.9082352243915823,-0.9928884957536123,12,64.0,22.5
DD+REL_N+LVIX+SKEW,4,105,3,5,-2.477027724412958,-1.272162766382363,12,64.1,22.5
DD+REL_N+LVIX+SKEW,4,106,1,5,-0.4466477828225207,1.0410231435035977,12,66.4,23.1
DD+REL_N+LVIX+SKEW,4,106,2,5,-0.3964167204592127,1.0866660477681613,12,66.8,23.3
DD+REL_N+LVIX+SKEW,4,106,3,5,-0.02585277096864437,1.3780662073637433,12,66.9,23.2
DD+REL_N+LVIX+SKEW,4,107,1,5,-0.5078608803541412,3.1048989738818333,12,69.6,23.7
DD+REL_N+LVIX+SKEW,4,107,2,5,0.5636449759673855,4.1974014914432285,12,69.8,23.9
DD+REL_N+LVIX+SKEW,4,107,3,5,-0.21293999133943442,2.787148045402165,12,68.9,24.2
DD+REL_N+LVIX+SKEW,4,108,1,5,0.2089610356412344,0.059896813464235595,12,71.7,25.0
DD+REL_N+LVIX+SKEW,4,108,2,5,-0.5440272416761638,-0.300852630505751,12,71.5,24.9
DD+REL_N+LVIX+SKEW,4,108,3,5,0.3018978521401781,0.11069503595157636,12,72.1,25.0
DD+REL_N+LVIX+SKEW,4,109,1,5,-0.5142970840024825,1.4597983618604078,12,74.7,25.7
DD+REL_N+LVIX+SKEW,4,109,2,5,-0.4268060201935867,1.3977556836394203,12,74.5,25.7
DD+REL_N+LVIX+SKEW,4,109,3,5,-0.08308624647839148,1.7478996702542966,12,74.6,25.9
DD+REL_N+LVIX+SKEW,4,110,1,5,2.500460990723429,1.5144367045693228,12,76.7,26.9
DD+REL_N+LVIX+SKEW,4,110,2,5,2.6213397608841613,1.6326786792565653,12,76.7,26.9
DD+REL_N+LVIX+SKEW,4,110,3,5,2.21015215251644,1.3608142382856403,12,76.6,26.9
DD+REL_N+LVIX+SKEW,4,111,1,5,-2.1864142967621203,-0.9913997612225742,12,80.0,27.6
DD+REL_N+LVIX+SKEW,4,111,2,5,-2.235154619475154,-0.9139953854630462,12,80.0,27.6
DD+REL_N+LVIX+SKEW,4,111,3,5,-2.3924625404238724,-1.13665320632969,12,79.9,27.5
DD+REL_N+LVIX+SKEW,4,112,1,5,0.856696968557226,0.23986370891730727,12,83.0,28.7
DD+REL_N+LVIX+SKEW,4,112,2,5,0.8632900232891672,0.2177742677867411,12,81.6,29.1
DD+REL_N+LVIX+SKEW,4,112,3,5,1.485478552645291,0.504606063362781,12,82.5,28.8
DD+REL_N+LVIX+SKEW,4,113,1,5,1.162118590669532,1.6788596328387662,12,84.2,29.4
DD+VOL+SKEW+TERM,4,1,1,5,0.5750948050551411,1.2371678025666921,24,17.1,6.9
DD+REL_N+LVIX+SKEW,4,113,2,5,2.106358137317028,2.2240787837484013,12,85.5,29.7
DD+VOL+SKEW+TERM,4,1,2,5,0.7527592849404919,1.2975408701497142,24,17.0,6.9
DD+REL_N+LVIX+SKEW,4,113,3,5,1.7999075012373418,2.013962595854252,12,85.4,30.0
DD+VOL+SKEW+TERM,4,1,3,5,0.7594327254866989,1.2892921558801294,24,17.2,6.9
DD+VOL+SKEW+TERM,4,2,1,5,0.6694503427634722,0.6917167072807917,24,22.4,8.8
DD+REL_N+LVIX+SKEW,4,114,1,5,0.721806189233479,2.316869803095608,12,87.8,30.7
DD+VOL+SKEW+TERM,4,2,2,5,0.2004508786073485,0.29503698119413657,24,21.8,8.8
DD+VOL+SKEW+TERM,4,2,3,5,0.6811527121207379,0.7081843704123265,24,22.5,8.8
DD+VOL+SKEW+TERM,4,3,1,5,-0.6487998234256769,-0.8242257299425029,24,27.7,10.4
DD+REL_N+LVIX+SKEW,4,114,2,5,0.8908258920314966,1.9496904214338846,12,88.1,31.0
DD+VOL+SKEW+TERM,4,3,2,5,-0.7154528106753125,-0.8781166393246428,24,27.9,10.4
DD+VOL+SKEW+TERM,4,3,3,5,-0.630425245469761,-0.822929344311979,24,27.8,10.4
DD+REL_N+LVIX+SKEW,4,114,3,5,-0.05549617505676871,1.475582294263103,12,87.6,31.1
DD+VOL+SKEW+TERM,4,4,1,5,0.9653963950904488,1.564456187946209,24,32.8,12.0
DD+VOL+SKEW+TERM,4,4,2,5,0.4219708377042428,1.368735293893187,24,33.1,11.7
DD+VOL+SKEW+TERM,4,4,3,5,0.7841310093459244,1.543351745558577,24,32.9,11.9
DD+VOL+SKEW+TERM,4,5,1,5,1.2136995969933295,1.6254086041114297,24,38.2,13.5
DD+VOL+SKEW+TERM,4,5,2,5,1.0469667205214235,1.4980061570998005,24,38.2,13.7
DD+VOL+SKEW+TERM,4,5,3,5,1.0089270221079356,1.4721846954644255,24,37.6,14.0
DD+VOL+SKEW+TERM,4,6,1,5,0.05769254812316396,-0.24932613098679582,30,42.9,15.6
DD+VOL+SKEW+TERM,4,6,2,5,0.058469022838052456,-0.2645714023236603,30,43.1,15.4
DD+VOL+SKEW+TERM,4,6,3,5,0.44638451434859217,-0.079989298489249,30,43.2,15.3
DD+VOL+SKEW+TERM,4,7,1,5,1.5372816273869074,1.5942449976381199,18,49.5,17.2
DD+VOL+SKEW+TERM,4,7,2,5,1.0739896924451515,1.4371943006325025,18,49.8,17.3
DD+VOL+SKEW+TERM,4,7,3,5,1.2046131659241412,1.4977113873940153,18,50.1,17.8
DD+VOL+SKEW+TERM,4,101,1,5,-0.2611434585189937,0.0611487745064532,12,53.2,18.9
DD+VOL+SKEW+TERM,4,101,2,5,-0.18541488575621054,0.08385753033312342,12,53.5,19.0
DD+VOL+SKEW+TERM,4,101,3,5,-0.029340240200238833,0.1633447055176441,12,53.4,18.9
DD+VOL+SKEW+TERM,4,102,1,5,-0.792860939896654,0.8393243652560101,12,56.3,19.5
DD+VOL+SKEW+TERM,4,102,2,5,-0.26384697961756576,1.2041858863267128,12,56.3,19.6
DD+VOL+SKEW+TERM,4,102,3,5,-1.2736671785732796,0.848155281771,12,56.7,19.5
DD+VOL+SKEW+TERM,4,103,1,5,1.6789003418509525,2.963502369415271,12,59.0,20.6
DD+VOL+SKEW+TERM,4,103,2,5,1.5444502068557218,2.6164676149263664,12,58.6,21.3
DD+VOL+SKEW+TERM,4,103,3,5,1.4858567745819191,2.943498109764792,12,59.0,20.8
DD+VOL+SKEW+TERM,4,104,1,5,-0.6180309972854994,0.6626806683491129,12,61.4,21.6
DD+VOL+SKEW+TERM,4,104,2,5,-0.4246472439616712,0.7141872367507954,12,62.5,21.3
DD+VOL+SKEW+TERM,4,104,3,5,-0.7497054774407697,0.5714659963156754,12,61.6,21.2
DD+VOL+SKEW+TERM,4,105,1,5,-2.25404248388256,-0.7910388011236438,12,64.7,22.1
DD+VOL+SKEW+TERM,4,105,2,5,-2.3414057764509155,-1.0575108920338687,12,64.8,22.4
DD+VOL+SKEW+TERM,4,105,3,5,-3.010675595199482,-1.388526846145441,12,63.8,22.6
DD+VOL+SKEW+TERM,4,106,1,5,0.6361672393196166,1.8076436606751907,12,66.6,23.4
DD+VOL+SKEW+TERM,4,106,2,5,1.1082247567413521,2.0416424591803426,12,66.3,23.2
DD+VOL+SKEW+TERM,4,106,3,5,0.8228009848609865,1.8401628313776872,12,66.9,23.1
DD+VOL+SKEW+TERM,4,107,1,5,-0.4119865292242938,2.9330867963811644,12,69.4,23.9
DD+VOL+SKEW+TERM,4,107,2,5,-0.10916184934074785,2.0041988132919295,12,69.5,23.8
DD+VOL+SKEW+TERM,4,107,3,5,1.056396844751201,3.0369850441443713,12,69.6,24.5
DD+VOL+SKEW+TERM,4,108,1,5,-0.14542340911423066,-0.10923981944023778,12,71.1,25.5
DD+VOL+SKEW+TERM,4,108,2,5,0.23253515272555125,0.08244619179580862,12,71.6,25.4
DD+VOL+SKEW+TERM,4,108,3,5,-0.16528917668985724,-0.11536219392460738,12,71.3,25.0
DD+VOL+SKEW+TERM,4,109,1,5,-0.46873067391151857,0.8727270077471893,12,75.1,25.5
DD+VOL+SKEW+TERM,4,109,2,5,-0.2894021831867702,1.1851523353983597,12,74.6,25.5
DD+VOL+SKEW+TERM,4,109,3,5,-0.8884330077866444,0.6339983301834416,12,75.0,25.6
DD+VOL+SKEW+TERM,4,110,1,5,1.9679432726785329,1.405264623322478,12,77.2,26.9
DD+VOL+SKEW+TERM,4,110,2,5,2.4353666296889958,1.6145796799560024,12,76.6,26.9
DD+VOL+SKEW+TERM,4,110,3,5,3.1743252927886796,1.8373800873838984,12,76.8,26.9
DD+VOL+SKEW+TERM,4,111,1,5,-1.765793222889868,-0.050009237184162135,12,79.1,27.8
DD+VOL+SKEW+TERM,4,111,2,5,-3.318054744468985,-1.2019831488018802,12,79.9,27.4
DD+VOL+SKEW+TERM,4,111,3,5,-3.759871613408672,-1.4008467581754886,12,80.1,27.4
DD+VOL+SKEW+TERM,4,112,1,5,1.1329652390161216,0.3507064993077852,12,82.6,28.4
DD+VOL+SKEW+TERM,4,112,2,5,1.0950513751362965,0.31597419904342433,12,82.6,29.0
DD+VOL+SKEW+TERM,4,112,3,5,1.5321784765310729,0.502904271013245,12,82.2,29.0
DD+VOL+SKEW+TERM,4,113,1,5,1.9379422410006109,2.013257811551579,12,84.8,29.8
DD+VOL+CS+LVIX,4,1,1,5,0.4718504047056215,1.177069958427182,24,17.3,7.3
DD+VOL+SKEW+TERM,4,113,2,5,2.2616169289961263,2.1856694663225755,12,84.5,30.2
DD+VOL+CS+LVIX,4,1,2,5,0.30379179886913166,1.0846694180245304,24,18.0,7.3
DD+VOL+SKEW+TERM,4,113,3,5,1.2356921157304033,1.641307881266149,12,85.2,31.0
DD+VOL+CS+LVIX,4,1,3,5,0.3986961115084445,1.1391109952627747,24,17.7,7.2
DD+VOL+CS+LVIX,4,2,1,5,0.6004955232363851,0.6171302432461648,24,23.6,9.1
DD+VOL+SKEW+TERM,4,114,1,5,0.5883608868768984,1.797703347833529,12,88.8,31.9
DD+VOL+CS+LVIX,4,2,2,5,0.7248216663265775,0.7029110548439942,24,23.4,9.2
DD+VOL+CS+LVIX,4,2,3,5,0.797074295144631,0.7445726937467375,24,23.3,9.2
DD+VOL+CS+LVIX,4,3,1,5,0.10444449529490211,-0.40545245041493627,24,28.6,10.5
DD+VOL+SKEW+TERM,4,114,2,5,1.2905419243035419,2.1242863727557517,12,90.4,31.8
DD+VOL+CS+LVIX,4,3,2,5,-0.5749047668579768,-0.7759329166073725,24,28.6,10.7
DD+VOL+CS+LVIX,4,3,3,5,-0.452509423005318,-0.7194958925367496,24,28.6,10.5
DD+VOL+SKEW+TERM,4,114,3,5,-0.06268529772269085,1.6327889357859433,12,90.7,31.2
DD+VOL+CS+LVIX,4,4,1,5,1.0597408766792336,1.7409180506016413,24,33.1,12.2
DD+VOL+CS+LVIX,4,4,2,5,1.262844560748653,1.814340004058329,24,33.2,12.0
DD+VOL+CS+LVIX,4,4,3,5,0.534427985016626,1.3733002705165207,24,33.1,11.9
DD+VOL+CS+LVIX,4,5,1,5,1.2701359684927795,1.7809769684398218,24,38.3,13.7
DD+VOL+CS+LVIX,4,5,2,5,1.3444753387371287,1.7806516156842955,24,38.2,13.8
DD+VOL+CS+LVIX,4,5,3,5,1.6803111307295866,2.0033912367761073,24,38.0,13.7
DD+VOL+CS+LVIX,4,6,1,5,-0.2991960059318424,-0.4184618309288829,30,43.2,15.6
DD+VOL+CS+LVIX,4,6,2,5,-0.23840774897973213,-0.38755184388151764,30,43.0,15.6
DD+VOL+CS+LVIX,4,6,3,5,-0.14051803385865522,-0.34242255767759244,30,43.4,15.3
DD+VOL+CS+LVIX,4,7,1,5,1.4430941677597333,1.5733629896250594,18,49.9,17.3
DD+VOL+CS+LVIX,4,7,2,5,0.9578823834507536,1.3272497286881975,18,50.2,17.6
DD+VOL+CS+LVIX,4,7,3,5,1.2612003878256322,1.4504105436090797,18,49.4,17.5
DD+VOL+CS+LVIX,4,101,1,5,0.49014117254949746,0.42565668402436624,12,53.7,18.5
DD+VOL+CS+LVIX,4,101,2,5,0.38593398850010807,0.36346000580212373,12,53.7,19.0
DD+VOL+CS+LVIX,4,101,3,5,0.27392803579732933,0.3060539815101959,12,53.3,19.0
DD+VOL+CS+LVIX,4,102,1,5,-0.5059256938497175,1.1835363943333592,12,56.3,19.7
DD+VOL+CS+LVIX,4,102,2,5,-0.9688824549383674,0.7642682503609445,12,56.3,19.4
DD+VOL+CS+LVIX,4,102,3,5,-0.4771172799570338,1.0373170950792354,12,56.5,19.7
DD+VOL+CS+LVIX,4,103,1,5,1.2131304469397493,2.562074671453982,12,58.5,20.7
DD+VOL+CS+LVIX,4,103,2,5,1.8544247610150613,3.260071506338743,12,58.7,20.4
DD+VOL+CS+LVIX,4,103,3,5,0.7994020082955152,2.4092646060852894,12,59.1,20.8
DD+VOL+CS+LVIX,4,104,1,5,-0.20581277992469163,0.8442709643651373,12,61.2,21.6
DD+VOL+CS+LVIX,4,104,2,5,-0.37291479231906793,0.5431995346381854,12,61.8,21.4
DD+VOL+CS+LVIX,4,104,3,5,-0.5674234092167838,0.5573629847265693,12,61.6,21.0
DD+VOL+CS+LVIX,4,105,1,5,-0.3491332832489901,-0.19883284655568584,12,64.3,22.5
DD+VOL+CS+LVIX,4,105,2,5,-1.2051152229295727,-0.6291448856063034,12,63.9,22.7
DD+VOL+CS+LVIX,4,105,3,5,-1.2989306945605754,-0.698743015403472,12,64.3,22.2
DD+VOL+CS+LVIX,4,106,1,5,1.3538636890760052,2.2606371585192897,12,67.1,23.4
DD+VOL+CS+LVIX,4,106,2,5,1.3243054667876875,2.162840883915215,12,66.5,23.2
DD+VOL+CS+LVIX,4,106,3,5,1.083253243360102,2.061245125991784,12,66.9,23.5
DD+VOL+CS+LVIX,4,107,1,5,-1.0270105102050895,2.0448947610804438,12,69.4,23.9
DD+VOL+CS+LVIX,4,107,2,5,-1.1173423067590347,2.2949574786870617,12,69.2,24.1
DD+VOL+CS+LVIX,4,107,3,5,-2.1538440545521977,1.696171839179903,12,69.2,23.9
DD+VOL+CS+LVIX,4,108,1,5,0.16283077452611516,0.03840161273151676,12,72.1,24.8
DD+VOL+CS+LVIX,4,108,2,5,0.7593875412404124,0.35264591002365797,12,72.2,25.2
DD+VOL+CS+LVIX,4,108,3,5,0.3769044911087079,0.14556477010940594,12,71.5,25.3
DD+VOL+CS+LVIX,4,109,1,5,-0.27712750533684655,1.1574383471420366,12,74.7,25.6
DD+VOL+CS+LVIX,4,109,2,5,0.5154652675294525,1.4356852166752614,12,74.0,25.4
DD+VOL+CS+LVIX,4,109,3,5,-0.20970893708240151,1.4061520427937042,12,75.1,25.8
DD+VOL+CS+LVIX,4,110,1,5,2.3075983453881808,1.6118526599911198,12,76.5,26.8
DD+VOL+CS+LVIX,4,110,2,5,3.568914614108085,1.928571860092371,12,77.0,26.5
DD+VOL+CS+LVIX,4,110,3,5,3.135953831344608,1.9307772506525251,12,77.2,26.7
DD+VOL+CS+LVIX,4,111,1,5,0.07497554418267213,0.9855837881386595,12,79.3,28.0
DD+VOL+CS+LVIX,4,111,2,5,-2.8583143189805806,-1.1671648009810562,12,79.6,27.5
DD+VOL+CS+LVIX,4,111,3,5,-2.6976234849361607,-0.9539422125533437,12,80.0,27.2
DD+VOL+CS+LVIX,4,112,1,5,0.6293836247933452,0.12840327420382425,12,82.8,28.7
DD+VOL+CS+LVIX,4,112,2,5,1.1058198494381968,0.3313828358871998,12,81.7,28.7
DD+VOL+CS+LVIX,4,112,3,5,0.6195115742245747,0.12981089318923844,12,82.5,28.3
DD+VOL+CS+LVIX,4,113,1,5,1.6384084472055624,1.9993392368067096,12,85.4,29.7
DD+SKEW+TERM,3,1,1,5,0.46014897308713026,1.1912385130552625,24,17.0,7.1
DD+VOL+CS+LVIX,4,113,2,5,0.8018651362525749,1.6100899139482174,12,84.6,29.9
DD+VOL+CS+LVIX,4,113,3,5,0.850096174726252,1.5634548248831301,12,85.0,29.8
DD+SKEW+TERM,3,1,2,5,0.6666778242084898,1.3044077728167163,24,17.3,6.9
DD+SKEW+TERM,3,1,3,5,0.5457170839576464,1.2173183714788958,24,17.1,6.9
DD+SKEW+TERM,3,2,1,5,0.7032629192676636,0.6948657341358001,24,22.1,8.5
DD+VOL+CS+LVIX,4,114,1,5,1.042335506359182,2.1489619995843205,12,87.4,30.9
DD+SKEW+TERM,3,2,2,5,0.970003218859373,0.9189464423332275,24,22.3,8.9
DD+SKEW+TERM,3,2,3,5,0.81369496525724,0.7824735075128508,24,22.2,8.9
DD+SKEW+TERM,3,3,1,5,-0.4677396580781937,-0.7126414139958192,24,27.5,10.4
DD+VOL+CS+LVIX,4,114,2,5,1.479866976522362,2.56987913943668,12,88.3,31.3
DD+VOL+CS+LVIX,4,114,3,5,1.7931927443815496,3.0007621319102875,12,87.2,31.2
DD+SKEW+TERM,3,3,2,5,-0.6517784672159905,-0.8291116979263856,24,27.7,10.4
DD+SKEW+TERM,3,3,3,5,-0.33684476386794027,-0.6663026016613196,24,27.8,10.1
DD+SKEW+TERM,3,4,1,5,1.2956936117771656,1.8475941501837765,24,32.8,11.8
DD+SKEW+TERM,3,4,2,5,0.7059540834263759,1.4194225087818715,24,32.8,11.9
DD+SKEW+TERM,3,4,3,5,0.8030294583176001,1.5017125378832599,24,32.5,11.9
DD+SKEW+TERM,3,5,1,5,0.30337979148049926,1.0223319878056407,24,38.2,13.8
DD+SKEW+TERM,3,5,2,5,0.40928548460805775,1.0437768660976707,24,37.5,13.9
DD+SKEW+TERM,3,5,3,5,-0.05750554946477548,0.7794403665440142,24,37.4,13.8
DD+SKEW+TERM,3,6,1,5,-0.04493064112480394,-0.30871473881557104,30,43.2,15.3
DD+SKEW+TERM,3,6,2,5,0.07087872180449777,-0.2461235447383121,30,42.9,15.4
DD+SKEW+TERM,3,6,3,5,-0.02731814379557605,-0.2980189832771064,30,43.3,15.5
DD+SKEW+TERM,3,7,1,5,1.5176714685468158,1.5627674380206864,18,50.0,17.3
DD+SKEW+TERM,3,7,2,5,1.4988290963036943,1.5949462745714158,18,49.8,17.6
DD+SKEW+TERM,3,7,3,5,1.291490835961984,1.5508651015034773,18,49.2,17.5
DD+SKEW+TERM,3,101,1,5,1.07535492004065,0.6818012325876687,12,53.1,18.9
DD+SKEW+TERM,3,101,2,5,1.0200700860087475,0.6645231059538096,12,53.4,18.4
DD+SKEW+TERM,3,101,3,5,1.1829722614138891,0.7312875370347225,12,53.6,18.6
DD+SKEW+TERM,3,102,1,5,-0.7929602199871297,0.7118432989289813,12,56.5,19.5
DD+SKEW+TERM,3,102,2,5,-0.7939765480733018,0.6175176139506939,12,56.2,19.4
DD+SKEW+TERM,3,102,3,5,-1.173799282506071,0.24341063373450503,12,56.5,19.6
DD+SKEW+TERM,3,103,1,5,0.9290861258950543,2.3185150436201716,12,58.5,20.8
DD+SKEW+TERM,3,103,2,5,0.041184095884876246,1.5705967027983785,12,58.4,20.7
DD+SKEW+TERM,3,103,3,5,1.4850892447319504,3.03958497484439,12,58.9,20.2
DD+SKEW+TERM,3,104,1,5,-0.8826163778375671,0.4170592506604718,12,61.2,21.3
DD+SKEW+TERM,3,104,2,5,-0.5750856346307024,0.4197399292785623,12,61.7,21.2
DD+SKEW+TERM,3,104,3,5,-0.5216471667084559,0.5774521566188104,12,61.2,21.2
DD+SKEW+TERM,3,105,1,5,-1.8474002713729842,-0.7335051511855251,12,64.3,22.3
DD+SKEW+TERM,3,105,2,5,-1.8430668799323842,-0.8178768675751774,12,63.6,22.7
DD+SKEW+TERM,3,105,3,5,-1.3925702773943858,-0.6972449364727745,12,63.8,22.5
DD+SKEW+TERM,3,106,1,5,0.6698335402943929,2.21797327387466,12,66.6,22.9
DD+SKEW+TERM,3,106,2,5,0.5447369055658243,2.09164341603996,12,66.5,23.1
DD+SKEW+TERM,3,106,3,5,0.8915169872174156,2.1507543217502314,12,66.5,23.1
DD+SKEW+TERM,3,107,1,5,0.1580501945121218,2.4830444699627243,12,69.3,23.7
DD+SKEW+TERM,3,107,2,5,-0.8153734800901498,2.506276274583639,12,69.3,24.1
DD+SKEW+TERM,3,107,3,5,0.48563274003862383,2.601471237678875,12,68.8,24.2
DD+SKEW+TERM,3,108,1,5,-0.37861415199754206,-0.239130847077092,12,71.5,24.8
DD+SKEW+TERM,3,108,2,5,-0.12380382785354214,-0.09828354344544035,12,72.0,24.5
DD+SKEW+TERM,3,108,3,5,-0.44118291450621167,-0.26868988380061526,12,71.7,24.7
DD+SKEW+TERM,3,109,1,5,0.6947992459658453,1.9006974583245526,12,74.4,25.9
DD+SKEW+TERM,3,109,2,5,-0.14097180528906234,1.3004640103950351,12,74.4,25.6
DD+SKEW+TERM,3,109,3,5,-0.377862608768674,1.0244198075351822,12,75.0,26.0
DD+SKEW+TERM,3,110,1,5,1.6384772227887097,1.2579403200837413,12,76.5,26.9
DD+SKEW+TERM,3,110,2,5,2.0631188479727194,1.514964465744906,12,76.7,27.0
DD+SKEW+TERM,3,110,3,5,2.1172762451754603,1.4882359648608987,12,77.1,26.6
DD+SKEW+TERM,3,111,1,5,-2.6076718891182633,-0.9060089698802279,12,79.7,27.4
DD+SKEW+TERM,3,111,2,5,-2.8731501407698445,-1.1602887678640852,12,79.8,27.9
DD+SKEW+TERM,3,111,3,5,-2.1992588060827662,-0.6852979690708915,12,80.1,27.6
DD+SKEW+TERM,3,112,1,5,1.3973915834805586,0.4393313319982857,12,83.0,29.0
DD+SKEW+TERM,3,112,2,5,1.4105126379150552,0.4534407154568268,12,81.8,28.9
DD+SKEW+TERM,3,112,3,5,1.3052784706606884,0.42641656180979487,12,82.3,28.8
DD+SKEW+TERM,3,113,1,5,2.391295703684489,2.3907948896718483,12,85.3,29.3
DD+VOL+LVIX+TERM,4,1,1,5,0.47211096986331114,1.2523900362454137,24,16.7,6.8
DD+SKEW+TERM,3,113,2,5,1.6488374104697605,1.8334897207901382,12,85.4,29.6
DD+VOL+LVIX+TERM,4,1,2,5,-0.20037140361317202,0.9327196948458648,24,17.0,6.9
DD+VOL+LVIX+TERM,4,1,3,5,0.532532723503722,1.259582056930867,24,17.1,6.9
DD+SKEW+TERM,3,113,3,5,2.0779900183562967,2.229152565452229,12,84.8,29.5
DD+VOL+LVIX+TERM,4,2,1,5,0.621233030861283,0.6479681282993054,24,22.3,8.8
DD+VOL+LVIX+TERM,4,2,2,5,0.5982732713645378,0.6328667121262113,24,22.2,8.7
DD+SKEW+TERM,3,114,1,5,1.8495837579604628,2.5150905665881393,12,88.0,30.7
DD+VOL+LVIX+TERM,4,2,3,5,0.6134899281268691,0.6476693751014384,24,22.4,8.7
DD+VOL+LVIX+TERM,4,3,1,5,-0.5598893997051732,-0.7929412508816537,24,27.6,10.3
DD+SKEW+TERM,3,114,2,5,1.2753095447397982,2.1713432993242288,12,88.8,31.1
DD+SKEW+TERM,3,114,3,5,1.7082193087583977,2.4768418305392346,12,87.4,31.1
DD+VOL+LVIX+TERM,4,3,2,5,-0.46655073529252433,-0.7586632062673212,24,27.6,10.4
DD+VOL+LVIX+TERM,4,3,3,5,-0.5586871974914166,-0.8026235746219519,24,27.7,10.4
DD+VOL+LVIX+TERM,4,4,1,5,0.5765962735723436,1.439076562423195,24,32.9,11.9
DD+VOL+LVIX+TERM,4,4,2,5,0.3949185081660009,1.263661081826383,24,32.9,11.9
DD+VOL+LVIX+TERM,4,4,3,5,0.7889091227461497,1.5157784991648142,24,33.0,11.6
DD+VOL+LVIX+TERM,4,5,1,5,0.5175923597423249,1.1688813654255295,24,38.0,13.7
DD+VOL+LVIX+TERM,4,5,2,5,0.8498484837821644,1.4004635639037109,24,37.9,14.0
DD+VOL+LVIX+TERM,4,5,3,5,0.7205871282107673,1.3187737986445884,24,37.8,13.9
DD+VOL+LVIX+TERM,4,6,1,5,0.20452886923971056,-0.1764688546167785,30,43.1,15.8
DD+VOL+LVIX+TERM,4,6,2,5,0.2952801336679674,-0.1354409737630432,30,43.3,15.4
DD+VOL+LVIX+TERM,4,6,3,5,0.044315511745796676,-0.2584894174790195,30,43.0,15.3
DD+VOL+LVIX+TERM,4,7,1,5,0.7547892590721675,1.2200029779429908,18,50.1,17.1
DD+VOL+LVIX+TERM,4,7,2,5,1.2719390337706291,1.4102165953869368,18,50.1,17.4
DD+VOL+LVIX+TERM,4,7,3,5,0.8922174438029934,1.3761002051530917,18,49.3,17.5
DD+VOL+LVIX+TERM,4,101,1,5,-0.3102933219571149,0.04290964954574612,12,53.2,19.1
DD+VOL+LVIX+TERM,4,101,2,5,-0.40658603490397266,0.011354634472969484,12,53.4,18.8
DD+VOL+LVIX+TERM,4,101,3,5,-0.20919910719549853,0.07809174133806797,12,53.6,18.7
DD+VOL+LVIX+TERM,4,102,1,5,0.27526199196834655,1.7661640731399728,12,55.6,19.4
DD+VOL+LVIX+TERM,4,102,2,5,0.32614445413859233,1.5464229065763213,12,56.4,19.1
DD+VOL+LVIX+TERM,4,102,3,5,0.16333308092010013,1.273530858938359,12,56.4,19.8
DD+VOL+LVIX+TERM,4,103,1,5,0.4574261608525487,2.197839142304872,12,58.0,20.5
DD+VOL+LVIX+TERM,4,103,2,5,0.572472459048911,2.0473546327442245,12,58.9,20.5
DD+VOL+LVIX+TERM,4,103,3,5,0.8461420007050533,1.9661550146003697,12,58.4,20.3
DD+VOL+LVIX+TERM,4,104,1,5,-0.8528350075401033,0.4108587614016558,12,61.5,21.6
DD+VOL+LVIX+TERM,4,104,2,5,-0.1846168066547221,0.8764444577868371,12,60.8,21.4
DD+VOL+LVIX+TERM,4,104,3,5,-0.4112101784378714,0.6740240621540966,12,61.6,21.2
DD+VOL+LVIX+TERM,4,105,1,5,-0.06968357978498582,-0.08369736169886158,12,64.4,22.4
DD+VOL+LVIX+TERM,4,105,2,5,-0.3793296631935888,-0.24001126915232948,12,63.7,22.5
DD+VOL+LVIX+TERM,4,105,3,5,0.17434062077239137,0.02546266834066967,12,63.9,22.6
DD+VOL+LVIX+TERM,4,106,1,5,0.7489536246358,1.8550315400454749,12,66.2,23.3
DD+VOL+LVIX+TERM,4,106,2,5,0.6165916403685928,1.8350394010707933,12,66.8,23.3
DD+VOL+LVIX+TERM,4,106,3,5,0.7718179897445256,1.8601253048187263,12,66.4,23.2
DD+VOL+LVIX+TERM,4,107,1,5,-0.24861838840100517,2.157061731014514,12,69.5,23.7
DD+VOL+LVIX+TERM,4,107,2,5,0.15883305202507547,3.131048045524814,12,69.9,24.1
DD+VOL+LVIX+TERM,4,107,3,5,0.3040687507664107,3.038595459971208,12,69.4,24.2
DD+VOL+LVIX+TERM,4,108,1,5,0.451097316632081,0.2089435451688972,12,72.1,25.1
DD+VOL+LVIX+TERM,4,108,2,5,-0.5028021148440619,-0.28302118272378085,12,71.9,25.1
DD+VOL+LVIX+TERM,4,108,3,5,0.23202228057202323,0.08113570940475025,12,72.2,25.0
DD+VOL+LVIX+TERM,4,109,1,5,0.0772234752353328,1.4810660146067378,12,74.7,26.0
DD+VOL+LVIX+TERM,4,109,2,5,-0.32057586176754516,1.2028352404778677,12,74.6,25.2
DD+VOL+LVIX+TERM,4,109,3,5,-0.03214535948515729,1.3910857923470874,12,74.8,25.6
DD+VOL+LVIX+TERM,4,110,1,5,1.958966285901583,1.411616359976107,12,76.9,27.0
DD+VOL+LVIX+TERM,4,110,2,5,2.4119488952513923,1.7867965603293252,12,77.6,26.9
DD+VOL+LVIX+TERM,4,110,3,5,2.483661177740971,1.75995395363813,12,77.2,26.9
DD+VOL+LVIX+TERM,4,111,1,5,-1.30522331205627,0.001694431334348506,12,79.8,27.5
DD+VOL+LVIX+TERM,4,111,2,5,-1.2077958186768116,-0.014725133201228525,12,79.0,27.4
DD+VOL+LVIX+TERM,4,111,3,5,-1.3538812719736228,-0.015244075101586424,12,80.2,27.0
DD+VOL+LVIX+TERM,4,112,1,5,0.8724508129838884,0.23541794402626962,12,82.6,28.3
DD+VOL+LVIX+TERM,4,112,2,5,0.8142690790971494,0.19589836854808387,12,81.7,28.7
DD+VOL+LVIX+TERM,4,112,3,5,0.9873585862090667,0.2833421423375817,12,82.5,28.7
DD+VOL+LVIX+TERM,4,113,1,5,0.8082525771805417,1.5328971671377642,12,84.5,29.6
DD+LVIX+TERM,3,1,1,5,0.5915097522914535,1.2945930100215781,24,17.3,6.9
DD+VOL+LVIX+TERM,4,113,2,5,0.7928856880117923,1.421203595581525,12,84.8,29.8
DD+VOL+LVIX+TERM,4,113,3,5,0.23176780609442837,1.1608121357190633,12,84.4,29.5
DD+LVIX+TERM,3,1,2,5,0.22610927647297419,1.1785016689927845,24,17.0,6.9
DD+LVIX+TERM,3,1,3,5,0.45310343545912807,1.2147077182837087,24,17.1,6.9
DD+LVIX+TERM,3,2,1,5,0.7183625463865091,0.7616513927809906,24,22.2,8.8
DD+LVIX+TERM,3,2,2,5,0.7666871986752695,0.8009306774482708,24,22.3,8.8
DD+LVIX+TERM,3,2,3,5,0.7667411972854057,0.8016952327306592,24,22.0,8.9
DD+VOL+LVIX+TERM,4,114,1,5,-0.5179121965192844,1.0312037930054196,12,88.4,30.6
DD+LVIX+TERM,3,3,1,5,-0.26140987112911107,-0.6316927897283199,24,27.6,10.5
DD+VOL+LVIX+TERM,4,114,2,5,-0.160738627258678,1.3363665656711807,12,88.2,30.7
DD+LVIX+TERM,3,3,2,5,-0.2925466491575431,-0.6445859725343108,24,27.7,10.4
DD+VOL+LVIX+TERM,4,114,3,5,0.43887958031959945,1.9577460400197482,12,87.6,31.3
DD+LVIX+TERM,3,3,3,5,-0.3543223474668858,-0.6855802133725631,24,27.7,10.4
DD+LVIX+TERM,3,4,1,5,0.63941905656579,1.426476816359104,24,32.9,12.0
DD+LVIX+TERM,3,4,2,5,0.6415837544494644,1.411584137316572,24,33.3,11.9
DD+LVIX+TERM,3,4,3,5,0.7073898173431268,1.4651851214482914,24,32.8,11.7
DD+LVIX+TERM,3,5,1,5,1.0718086937845637,1.5742127186874775,24,38.2,13.7
DD+LVIX+TERM,3,5,2,5,0.8615906404060232,1.4395328606030682,24,37.6,13.8
DD+LVIX+TERM,3,5,3,5,1.0683462260941785,1.561227191038637,24,37.4,13.9
DD+LVIX+TERM,3,6,1,5,0.05388592333518472,-0.2495837861532687,30,42.6,15.8
DD+LVIX+TERM,3,6,2,5,-0.04656214748370955,-0.30298310004687634,30,43.3,15.5
DD+LVIX+TERM,3,6,3,5,-0.049774108518593804,-0.2997429534052514,30,43.2,15.4
DD+LVIX+TERM,3,7,1,5,0.5459321199519007,1.1183614405766926,18,49.5,17.2
DD+LVIX+TERM,3,7,2,5,0.7554737301218202,1.241973341914579,18,49.8,17.5
DD+LVIX+TERM,3,7,3,5,0.921603039868372,1.2840694359269251,18,49.4,17.6
DD+LVIX+TERM,3,101,1,5,0.04906931450132612,0.20013613886665158,12,53.2,19.0
DD+LVIX+TERM,3,101,2,5,-0.4000502988073465,0.00775939108660557,12,53.0,19.0
DD+LVIX+TERM,3,101,3,5,-0.22134847706971958,0.08096776452746228,12,53.5,19.0
DD+LVIX+TERM,3,102,1,5,-0.16586550644478368,0.9607588044208761,12,56.2,19.8
DD+LVIX+TERM,3,102,2,5,-0.03717333697354584,1.643726141483199,12,56.2,19.2
DD+LVIX+TERM,3,102,3,5,-0.8627783281268027,0.8019160353785821,12,56.4,19.8
DD+LVIX+TERM,3,103,1,5,-0.05814350926666399,1.4620933161551493,12,58.5,20.7
DD+LVIX+TERM,3,103,2,5,0.3761811822310986,1.9691344140160116,12,58.7,20.7
DD+LVIX+TERM,3,103,3,5,0.6592630781551753,2.069904071123512,12,58.1,20.9
DD+LVIX+TERM,3,104,1,5,-0.633258992892321,0.6989544327774192,12,61.5,22.0
DD+LVIX+TERM,3,104,2,5,0.5471915677318017,1.4774356901069696,12,61.6,21.9
DD+LVIX+TERM,3,104,3,5,-0.4231669497594685,0.6006542212388621,12,61.9,21.1
DD+LVIX+TERM,3,105,1,5,-0.48382337207105064,-0.29996737446197747,12,64.6,22.3
DD+LVIX+TERM,3,105,2,5,-0.6605108016109512,-0.3663074219578455,12,63.8,22.6
DD+LVIX+TERM,3,105,3,5,-0.4875987514712984,-0.27652453307170555,12,64.1,22.4
DD+LVIX+TERM,3,106,1,5,0.9630326494767962,1.997747831761793,12,66.3,23.1
DD+LVIX+TERM,3,106,2,5,0.9414044982632793,2.034380450326582,12,66.5,23.3
DD+LVIX+TERM,3,106,3,5,1.1147814470803616,2.0922741238572073,12,67.1,23.1
DD+LVIX+TERM,3,107,1,5,1.3750633112945294,2.960416690365622,12,69.1,23.5
DD+LVIX+TERM,3,107,2,5,1.761762225380652,3.8448243328533587,12,69.7,24.2
DD+LVIX+TERM,3,107,3,5,1.4580700292606144,3.1202552342342638,12,69.0,24.2
DD+LVIX+TERM,3,108,1,5,0.7633904185069136,0.3904571563265733,12,71.4,25.1
DD+LVIX+TERM,3,108,2,5,0.665512676646959,0.3257689812248349,12,71.4,24.9
DD+LVIX+TERM,3,108,3,5,1.4497012622366394,0.6929597716042959,12,71.5,24.9
DD+LVIX+TERM,3,109,1,5,-0.7103758531068167,0.7714704186133291,12,74.6,25.5
DD+LVIX+TERM,3,109,2,5,-1.0715781072513475,0.6406268903909077,12,74.7,25.3
DD+LVIX+TERM,3,109,3,5,-0.8459591241586224,1.0402922542533355,12,74.4,25.9
DD+LVIX+TERM,3,110,1,5,2.584636802076496,1.7951180157147721,12,77.1,27.0
DD+LVIX+TERM,3,110,2,5,2.2934852333401987,1.7195354354090278,12,76.5,26.7
DD+LVIX+TERM,3,110,3,5,2.3926294300541135,1.7275830767446836,12,77.0,26.8
DD+LVIX+TERM,3,111,1,5,-1.4995269051588442,-0.07987799647486948,12,79.4,27.6
DD+LVIX+TERM,3,111,2,5,-1.7188910789927612,-0.28271862065602366,12,79.8,27.5
DD+LVIX+TERM,3,111,3,5,-1.962626211415969,-0.504122742633762,12,79.6,27.1
DD+LVIX+TERM,3,112,1,5,0.9080472752003287,0.2527651877332493,12,82.4,28.7
DD+LVIX+TERM,3,112,2,5,0.6634199818219187,0.15043937899189605,12,82.7,29.0
DD+LVIX+TERM,3,112,3,5,0.8449313307152172,0.22299678267633283,12,82.0,28.8
DD+LVIX+TERM,3,113,1,5,0.3061483849626435,1.3066951925428691,12,84.1,29.6
DD+DISP+REL_N,3,1,1,5,0.3589138618960062,1.1286155335758614,24,17.0,7.0
DD+LVIX+TERM,3,113,2,5,-0.09769412621379356,1.0075539622401937,12,85.0,29.9
DD+DISP+REL_N,3,1,2,5,0.10227693438734607,1.0345759976786546,24,17.3,6.8
DD+LVIX+TERM,3,113,3,5,0.18852927209500467,1.1678954729482693,12,85.0,29.7
DD+DISP+REL_N,3,1,3,5,0.41106737976917807,1.1079145236789818,24,17.1,6.9
DD+DISP+REL_N,3,2,1,5,0.7991444970975995,0.7840890613604685,24,22.1,8.6
DD+DISP+REL_N,3,2,2,5,0.6953294339528252,0.6940444118820913,24,22.1,8.9
DD+LVIX+TERM,3,114,1,5,0.3017234517552271,1.4361050927884933,12,87.8,30.4
DD+DISP+REL_N,3,2,3,5,0.7098865288937721,0.705659642068595,24,22.4,8.8
DD+DISP+REL_N,3,3,1,5,-0.7874995104394582,-0.9156086760878934,24,27.3,10.4
DD+LVIX+TERM,3,114,2,5,-0.31172775971787064,1.4849970939895165,12,88.1,31.2
DD+DISP+REL_N,3,3,2,5,-0.5733810851378748,-0.7814773208942315,24,27.7,10.4
DD+DISP+REL_N,3,3,3,5,-0.5523228917352047,-0.7665644891504783,24,27.7,10.4
DD+LVIX+TERM,3,114,3,5,0.11715714325019647,1.5725746586757545,12,87.5,31.1
DD+DISP+REL_N,3,4,1,5,0.4658310332297726,1.3141375763212535,24,32.7,12.0
DD+DISP+REL_N,3,4,2,5,0.5455657919295396,1.3646023907942295,24,33.2,12.0
DD+DISP+REL_N,3,4,3,5,0.9038454432893134,1.5828919715818606,24,32.6,11.7
DD+DISP+REL_N,3,5,1,5,0.6498746845008646,1.2510711567482058,24,37.9,13.8
DD+DISP+REL_N,3,5,2,5,0.8498026565121931,1.3927258562841875,24,37.9,13.8
DD+DISP+REL_N,3,5,3,5,0.6748307160987269,1.2485228838829248,24,37.6,13.8
DD+DISP+REL_N,3,6,1,5,0.22276237577412314,-0.16931174529180276,30,43.0,15.5
DD+DISP+REL_N,3,6,2,5,0.07274271675518205,-0.24422482136281173,30,43.0,15.5
DD+DISP+REL_N,3,6,3,5,0.11133205714915638,-0.22263094832383504,30,43.4,15.5
DD+DISP+REL_N,3,7,1,5,0.215932944535756,1.0281028541729806,18,49.5,17.2
DD+DISP+REL_N,3,7,2,5,1.0713995445778706,1.3731785088373683,18,49.6,17.5
DD+DISP+REL_N,3,7,3,5,0.7853835013032041,1.2553946790701433,18,49.7,17.6
DD+DISP+REL_N,3,101,1,5,-0.24384257034801565,0.06702475289395772,12,53.4,18.8
DD+DISP+REL_N,3,101,2,5,-0.42360273825599815,0.003495981684230824,12,53.4,18.8
DD+DISP+REL_N,3,101,3,5,-0.5511432990627549,-0.08643952368793256,12,53.3,18.8
DD+DISP+REL_N,3,102,1,5,-0.4078745997631556,0.9394130600871838,12,56.1,19.4
DD+DISP+REL_N,3,102,2,5,0.6019288304875456,1.523839885349065,12,55.8,19.1
DD+DISP+REL_N,3,102,3,5,-0.42635689611819033,0.9130171972560109,12,56.1,19.9
DD+DISP+REL_N,3,103,1,5,0.6667467089227876,2.009364766902811,12,58.6,20.8
DD+DISP+REL_N,3,103,2,5,0.5745518575268583,2.197786075157892,12,58.4,20.8
DD+DISP+REL_N,3,103,3,5,0.6512382847515656,2.0138304580061828,12,58.9,20.7
DD+DISP+REL_N,3,104,1,5,-0.6307715184663732,0.3890347557673575,12,62.0,21.5
DD+DISP+REL_N,3,104,2,5,-0.7226625487202983,0.3057660631573275,12,61.7,21.4
DD+DISP+REL_N,3,104,3,5,-0.6353108913834769,0.3814788744488891,12,61.6,20.8
DD+DISP+REL_N,3,105,1,5,-0.30591361490576624,-0.16545975058955217,12,64.4,22.3
DD+DISP+REL_N,3,105,2,5,1.1380968321764906,0.3137287419438768,12,63.9,22.3
DD+DISP+REL_N,3,105,3,5,0.43276975633700115,0.10873180084463999,12,63.6,22.3
DD+DISP+REL_N,3,106,1,5,0.5117175589577165,1.6241675605816968,12,67.1,23.1
DD+DISP+REL_N,3,106,2,5,0.3972689390103945,1.5671074844617523,12,66.8,23.9
DD+DISP+REL_N,3,106,3,5,0.5327625684937181,1.6955260126136718,12,67.2,23.6
DD+DISP+REL_N,3,107,1,5,0.9873991856400519,2.8138832715864255,12,69.4,24.4
DD+DISP+REL_N,3,107,2,5,1.1085753072269173,2.7867411760164167,12,71.0,24.7
DD+DISP+REL_N,3,107,3,5,1.3439364531994966,3.0552080321482524,12,70.2,24.5
DD+DISP+REL_N,3,108,1,5,-0.5906913841278372,-0.3465444779259766,12,72.9,25.1
DD+DISP+REL_N,3,108,2,5,-0.5023905532996642,-0.29277869794466804,12,73.4,25.0
DD+DISP+REL_N,3,108,3,5,-0.2461024471545809,-0.1612052923437288,12,73.1,25.0
DD+DISP+REL_N,3,109,1,5,-0.5089949506533349,1.1848631830662988,12,75.2,25.8
DD+DISP+REL_N,3,109,2,5,-0.6217298599171717,1.118254085846238,12,74.6,25.2
DD+DISP+REL_N,3,109,3,5,-0.8925201553241996,0.9707220335816727,12,75.0,25.7
DD+DISP+REL_N,3,110,1,5,1.8366279957444516,1.4216048529073138,12,77.1,26.7
DD+DISP+REL_N,3,110,2,5,1.9760806738685386,1.5028702901405155,12,76.9,26.6
DD+DISP+REL_N,3,110,3,5,1.5258504953625698,1.296816101489424,12,77.5,26.8
DD+DISP+REL_N,3,111,1,5,-1.1692952333124371,0.21685596500710713,12,79.5,27.7
DD+DISP+REL_N,3,111,2,5,-1.3459284773487508,0.18341208748975327,12,79.6,27.6
DD+DISP+REL_N,3,111,3,5,-1.2823055553247136,0.2916595579825074,12,79.3,27.0
DD+DISP+REL_N,3,112,1,5,0.911612136535386,0.2445161754215857,12,82.7,28.8
DD+DISP+REL_N,3,112,2,5,0.8603430678457287,0.2248610050325603,12,82.1,28.9
DD+DISP+REL_N,3,112,3,5,1.1213656183235858,0.3366492655831919,12,81.6,28.5
DD+DISP+REL_N,3,113,1,5,1.4838341114486369,1.8896143860705144,12,84.8,29.4
DD+CS+LVIX,3,1,1,5,0.5086517627962894,1.2433387540549041,24,17.2,7.0
DD+DISP+REL_N,3,113,2,5,1.3952087683929675,1.9332139117356333,12,84.8,29.8
DD+DISP+REL_N,3,113,3,5,1.2315494149368735,1.7616978408800397,12,84.6,29.7
DD+CS+LVIX,3,1,2,5,-0.12839015210736704,0.9379669567380854,24,17.1,6.9
DD+CS+LVIX,3,1,3,5,0.16943082357702535,1.1257941941710348,24,17.2,6.9
DD+CS+LVIX,3,2,1,5,0.29346064381473297,0.3615262224303383,24,22.4,8.6
DD+DISP+REL_N,3,114,1,5,0.41764167695521476,1.451727906196233,12,87.6,30.4
DD+CS+LVIX,3,2,2,5,0.4668593825510052,0.4972676601110662,24,22.3,8.7
DD+CS+LVIX,3,2,3,5,0.4363742279454694,0.48125279235075574,24,22.1,8.7
DD+CS+LVIX,3,3,1,5,-0.12711792249970497,-0.5306831975674539,24,27.4,10.5
DD+DISP+REL_N,3,114,2,5,0.012467186604756441,1.163673803155868,12,88.2,31.1
DD+CS+LVIX,3,3,2,5,-0.21164548596969124,-0.5672624709104526,24,27.9,10.4
DD+CS+LVIX,3,3,3,5,-0.07164893828987545,-0.5079903025078888,24,27.6,10.3
DD+DISP+REL_N,3,114,3,5,0.4447158124307296,1.3640831415073935,12,87.1,31.3
DD+CS+LVIX,3,4,1,5,0.7462142855749915,1.4431687678539067,24,33.2,12.0
DD+CS+LVIX,3,4,2,5,0.6565113730031302,1.4471788162232722,24,33.0,12.1
DD+CS+LVIX,3,4,3,5,0.730305192510512,1.48237290226437,24,32.8,11.8
DD+CS+LVIX,3,5,1,5,0.6823257752271595,1.3463852682907882,24,38.1,14.0
DD+CS+LVIX,3,5,2,5,0.6824792433865893,1.2877205217105736,24,38.0,14.2
DD+CS+LVIX,3,5,3,5,1.2439068931768025,1.646313567607,24,37.5,14.0
DD+CS+LVIX,3,6,1,5,0.1371504568920233,-0.22517250841174904,30,43.2,15.7
DD+CS+LVIX,3,6,2,5,-0.1887387432895748,-0.38092108347017567,30,43.4,15.4
DD+CS+LVIX,3,6,3,5,0.13842887745720656,-0.229487996575796,30,43.3,15.5
DD+CS+LVIX,3,7,1,5,0.7410342175359412,1.3506789061815236,18,49.3,17.3
DD+CS+LVIX,3,7,2,5,0.5020230426694963,1.1703142732760503,18,50.1,17.7
DD+CS+LVIX,3,7,3,5,1.0608043623318684,1.410706965366495,18,49.8,17.9
DD+CS+LVIX,3,101,1,5,0.003655249964661375,0.17111188097666882,12,52.5,19.2
DD+CS+LVIX,3,101,2,5,0.6228660882704675,0.46260883017890214,12,53.2,18.9
DD+CS+LVIX,3,101,3,5,-0.07775155691504691,0.1370768008376764,12,53.5,18.6
DD+CS+LVIX,3,102,1,5,-0.8849041253486858,0.7432706478043987,12,56.4,19.6
DD+CS+LVIX,3,102,2,5,-1.077139566872461,0.7238789641014052,12,55.7,19.2
DD+CS+LVIX,3,102,3,5,-0.6440169158751136,1.0293657348819392,12,56.4,19.6
DD+CS+LVIX,3,103,1,5,0.5924658180704941,2.01397213593744,12,58.7,21.0
DD+CS+LVIX,3,103,2,5,0.5887650567434549,2.0088622445780797,12,58.1,20.9
DD+CS+LVIX,3,103,3,5,0.7574702581728621,2.1279028517913554,12,58.2,20.5
DD+CS+LVIX,3,104,1,5,-0.8705879168412768,0.502983408759259,12,61.7,21.4
DD+CS+LVIX,3,104,2,5,0.23746689521842118,1.0521859596626655,12,61.6,21.2
DD+CS+LVIX,3,104,3,5,0.002486832779728512,0.934456121331885,12,61.2,21.0
DD+CS+LVIX,3,105,1,5,-1.0973262203385266,-0.4422630927959731,12,64.1,22.6
DD+CS+LVIX,3,105,2,5,-0.2733219410384357,-0.18237593775903996,12,64.1,22.8
DD+CS+LVIX,3,105,3,5,-0.871394668577098,-0.43307069518519314,12,63.5,22.8
DD+CS+LVIX,3,106,1,5,1.3256562567081247,2.183198076625227,12,66.3,23.2
DD+CS+LVIX,3,106,2,5,0.5025394947966144,2.1490367525839837,12,66.6,23.1
DD+CS+LVIX,3,106,3,5,1.0099545145778568,1.9546049280255489,12,66.6,23.1
DD+CS+LVIX,3,107,1,5,0.6521581683160348,3.1998795641865003,12,69.0,23.6
DD+CS+LVIX,3,107,2,5,1.2659342106750657,2.9697024507440406,12,69.3,24.4
DD+CS+LVIX,3,107,3,5,0.984232548543828,2.8838405041472606,12,69.1,24.5
DD+CS+LVIX,3,108,1,5,0.9446727463582649,0.431542891360354,12,71.1,25.2
DD+CS+LVIX,3,108,2,5,1.3498038017682923,0.5869326412011143,12,71.6,24.8
DD+CS+LVIX,3,108,3,5,0.853775258200263,0.4003495586614532,12,72.0,24.7
DD+CS+LVIX,3,109,1,5,-0.7892907732171541,1.302538482457088,12,74.5,25.8
DD+CS+LVIX,3,109,2,5,-0.6596141467348319,1.3586453386017852,12,73.9,25.3
DD+CS+LVIX,3,109,3,5,-0.1706513026501025,1.5510595373336553,12,74.7,25.6
DD+CS+LVIX,3,110,1,5,2.306894403444146,1.7794847836024172,12,76.9,27.3
DD+CS+LVIX,3,110,2,5,2.591209912918318,1.8277061454193235,12,76.2,27.3
DD+CS+LVIX,3,110,3,5,2.0476011549639157,1.667913584524619,12,76.9,26.5
DD+CS+LVIX,3,111,1,5,-1.2956022096885191,-0.0037482017682121493,12,79.7,27.5
DD+CS+LVIX,3,111,2,5,-1.1867024664583472,0.08071044415022012,12,79.7,27.6
DD+CS+LVIX,3,111,3,5,-0.7766468953652111,0.43595346808491703,12,79.6,27.2
DD+CS+LVIX,3,112,1,5,1.0719325470857852,0.31362787134166803,12,82.6,28.7
DD+CS+LVIX,3,112,2,5,1.3589252150285749,0.43850933397931563,12,82.3,29.2
DD+CS+LVIX,3,112,3,5,1.139882633667574,0.33885892128340095,12,81.5,28.8
DD+CS+LVIX,3,113,1,5,1.2308645530351277,1.8593421725383976,12,84.5,29.5
DD+DISP+REL_N+TERM,4,1,1,5,1.0234791852601333,1.4722796024667277,24,16.9,7.0
DD+CS+LVIX,3,113,2,5,0.9107831492723428,1.59807756531855,12,85.0,29.7
DD+DISP+REL_N+TERM,4,1,2,5,0.908927010439388,1.3846644209069272,24,17.1,6.9
DD+CS+LVIX,3,113,3,5,1.3269164128207858,2.0105022720042705,12,84.8,29.7
DD+DISP+REL_N+TERM,4,1,3,5,0.8284099230488678,1.3546678755796246,24,17.2,6.9
DD+DISP+REL_N+TERM,4,2,1,5,0.7603065525360058,0.7600458633247466,24,22.2,8.7
DD+CS+LVIX,3,114,1,5,-0.32094355270766334,1.2330755122122876,12,87.1,30.5
DD+DISP+REL_N+TERM,4,2,2,5,0.9685097562634022,0.9306161759797679,24,21.9,8.8
DD+DISP+REL_N+TERM,4,2,3,5,0.8463572232226543,0.8223379612229962,24,22.3,8.7
DD+DISP+REL_N+TERM,4,3,1,5,-0.17904962601774801,-0.5679481146313882,24,27.1,10.2
DD+CS+LVIX,3,114,2,5,0.3502494066136934,1.529701338401929,12,88.3,30.7
DD+DISP+REL_N+TERM,4,3,2,5,-0.4744560467486748,-0.7338275212463942,24,28.1,10.5
DD+DISP+REL_N+TERM,4,3,3,5,-0.13799110038025086,-0.5414921752538505,24,27.5,10.6
DD+CS+LVIX,3,114,3,5,0.24073104837705828,1.5665600257458985,12,87.9,31.0
DD+DISP+REL_N+TERM,4,4,1,5,0.8151837396717827,1.4391674425125023,24,33.1,12.0
DD+DISP+REL_N+TERM,4,4,2,5,0.5964246085588303,1.354044509389638,24,33.0,11.9
DD+DISP+REL_N+TERM,4,4,3,5,0.6155961157479655,1.330376514526615,24,32.8,11.7
DD+DISP+REL_N+TERM,4,5,1,5,0.9634756386091221,1.4649868288328403,24,38.0,13.8
DD+DISP+REL_N+TERM,4,5,2,5,0.6752689749831979,1.2537459692786113,24,37.6,13.9
DD+DISP+REL_N+TERM,4,5,3,5,0.8171417348569217,1.3522762178554515,24,37.7,13.9
DD+DISP+REL_N+TERM,4,6,1,5,0.22235134305008067,-0.18213064723511466,30,43.0,15.5
DD+DISP+REL_N+TERM,4,6,2,5,0.051356049112996426,-0.2513692297241514,30,42.8,15.5
DD+DISP+REL_N+TERM,4,6,3,5,0.3914519309157486,-0.08366067283682975,30,43.3,15.4
DD+DISP+REL_N+TERM,4,7,1,5,0.7551215515353813,1.3119937883952537,18,49.1,17.0
DD+DISP+REL_N+TERM,4,7,2,5,0.29152039040945266,1.0724441001247322,18,49.9,17.7
DD+DISP+REL_N+TERM,4,7,3,5,0.5640785956698179,1.206023762314633,18,49.7,17.6
DD+DISP+REL_N+TERM,4,101,1,5,-0.3141461988533714,0.04539554163274735,12,53.3,19.0
DD+DISP+REL_N+TERM,4,101,2,5,-0.45938228292986255,-0.031381212136054264,12,53.5,18.6
DD+DISP+REL_N+TERM,4,101,3,5,-0.242498797391024,0.06729307034250967,12,53.4,18.9
DD+DISP+REL_N+TERM,4,102,1,5,0.239295303521268,1.315398320182562,12,56.3,19.3
DD+DISP+REL_N+TERM,4,102,2,5,-0.2244135483378381,0.837167197156187,12,55.6,19.2
DD+DISP+REL_N+TERM,4,102,3,5,-1.2288670095610992,0.6760509633458962,12,56.5,19.8
DD+DISP+REL_N+TERM,4,103,1,5,0.516153079953136,1.9637190730877319,12,58.6,20.5
DD+DISP+REL_N+TERM,4,103,2,5,0.49275936181679025,1.8347252901976485,12,58.6,20.6
DD+DISP+REL_N+TERM,4,103,3,5,0.507786468024083,1.8156901236935357,12,58.9,20.5
DD+DISP+REL_N+TERM,4,104,1,5,-0.770874720460831,0.5145683169231275,12,61.4,21.4
DD+DISP+REL_N+TERM,4,104,2,5,-0.5834579238728671,0.5854283247354629,12,61.2,21.2
DD+DISP+REL_N+TERM,4,104,3,5,-0.671024446301126,0.5804841379314484,12,61.2,21.0
DD+DISP+REL_N+TERM,4,105,1,5,-0.7321517030275324,-0.393325082316643,12,64.0,22.4
DD+DISP+REL_N+TERM,4,105,2,5,-1.2469607585532267,-0.4870317469113083,12,63.9,22.4
DD+DISP+REL_N+TERM,4,105,3,5,-0.5301284032613887,-0.24505661228700595,12,63.7,22.3
DD+DISP+REL_N+TERM,4,106,1,5,0.8970238216406158,1.8457449750762875,12,66.8,23.1
DD+DISP+REL_N+TERM,4,106,2,5,-0.18682009073907255,1.2539060623428495,12,66.5,23.3
DD+DISP+REL_N+TERM,4,106,3,5,0.002398155400609233,1.3408945675269572,12,66.7,23.2
DD+DISP+REL_N+TERM,4,107,1,5,0.330882809097099,2.235435884507808,12,68.6,23.6
DD+DISP+REL_N+TERM,4,107,2,5,0.5427360181159195,2.6043957204450745,12,69.2,24.2
DD+DISP+REL_N+TERM,4,107,3,5,0.6120760592020295,2.633843699988269,12,69.4,24.2
DD+DISP+REL_N+TERM,4,108,1,5,0.03377155775420201,-0.019636562718110637,12,71.3,25.0
DD+DISP+REL_N+TERM,4,108,2,5,0.02526756267615383,-0.018480022747694905,12,71.5,25.0
DD+DISP+REL_N+TERM,4,108,3,5,0.24637921158488227,0.09732428363527336,12,71.5,24.9
DD+DISP+REL_N+TERM,4,109,1,5,-0.8998479769282505,0.6064544966040947,12,74.4,25.8
DD+DISP+REL_N+TERM,4,109,2,5,-1.307875477583885,0.4391771153701624,12,74.3,25.3
DD+DISP+REL_N+TERM,4,109,3,5,-0.6182444997104227,0.7847030321682695,12,74.6,25.9
DD+DISP+REL_N+TERM,4,110,1,5,2.3155029639292413,1.5693420247373477,12,76.8,27.1
DD+DISP+REL_N+TERM,4,110,2,5,2.178312433017536,1.5889153629506096,12,76.9,26.9
DD+DISP+REL_N+TERM,4,110,3,5,2.816723595845479,1.7096852305645496,12,77.0,26.8
DD+DISP+REL_N+TERM,4,111,1,5,-1.272494725832055,0.14541509592069846,12,79.5,27.7
DD+DISP+REL_N+TERM,4,111,2,5,-1.2013382840364129,0.1759046588140379,12,79.5,27.7
DD+DISP+REL_N+TERM,4,111,3,5,-1.061647748200184,0.24570668682231295,12,79.2,27.3
DD+DISP+REL_N+TERM,4,112,1,5,0.9148565704057423,0.25407506732296126,12,82.4,28.9
DD+DISP+REL_N+TERM,4,112,2,5,0.18006391156155915,-0.06808369651464102,12,82.6,29.0
DD+DISP+REL_N+TERM,4,112,3,5,0.3995325396627363,0.023884313161918892,12,81.9,28.8
DD+DISP+REL_N+TERM,4,113,1,5,1.4235992297767495,1.8928485444202312,12,85.2,29.4
DD+VOL+LVIX+SKEW,4,1,1,5,0.09042671386144822,1.0001145839354744,24,17.1,7.0
DD+DISP+REL_N+TERM,4,113,2,5,1.335052533913375,1.8098687489096001,12,84.8,29.6
DD+DISP+REL_N+TERM,4,113,3,5,1.457152849848605,1.847277340828803,12,85.4,29.7
DD+VOL+LVIX+SKEW,4,1,2,5,-0.10210114379153118,0.8848638306216369,24,17.1,6.9
DD+VOL+LVIX+SKEW,4,1,3,5,0.23988360632938346,1.068608304379368,24,17.0,6.9
DD+DISP+REL_N+TERM,4,114,1,5,0.3995941105148931,1.612129263689985,12,87.0,30.7
DD+VOL+LVIX+SKEW,4,2,1,5,0.7486384847672131,0.741826070611032,24,22.4,8.7
DD+VOL+LVIX+SKEW,4,2,2,5,0.6973528198631093,0.6895755198487666,24,22.4,8.5
DD+VOL+LVIX+SKEW,4,2,3,5,0.7918236235610056,0.7705289314479917,24,22.2,8.7
DD+VOL+LVIX+SKEW,4,3,1,5,-0.5133862519970608,-0.7606771683548227,24,27.5,10.5
DD+VOL+LVIX+SKEW,4,3,3,5,-0.5996947779903676,-0.8150309956079759,24,27.5,10.4
DD+VOL+LVIX+SKEW,4,3,2,5,-0.627156898658722,-0.8247607285308642,24,27.4,10.6
DD+DISP+REL_N+TERM,4,114,2,5,0.019929476685238565,1.3444627080735796,12,88.3,31.3
DD+DISP+REL_N+TERM,4,114,3,5,-0.546375425114883,0.9794036046887273,12,87.8,31.1
DD+VOL+LVIX+SKEW,4,4,1,5,0.3486162189551495,1.2967388689831876,24,33.1,11.9
DD+VOL+LVIX+SKEW,4,4,2,5,0.6341474183625591,1.401500307553744,24,33.0,12.0
DD+VOL+LVIX+SKEW,4,4,3,5,0.5080683932159928,1.277402192915316,24,32.8,11.8
DD+VOL+LVIX+SKEW,4,5,1,5,0.6000611339176104,1.353343081442306,24,37.6,13.8
DD+VOL+LVIX+SKEW,4,5,2,5,0.1308038422681396,0.993618627202304,24,37.6,13.9
DD+VOL+LVIX+SKEW,4,5,3,5,0.781255606891798,1.4291276946503848,24,37.8,13.9
DD+VOL+LVIX+SKEW,4,6,1,5,-0.14978945541904565,-0.3447960261237533,30,43.6,15.4
DD+VOL+LVIX+SKEW,4,6,2,5,-0.2644936813039137,-0.40375100997659136,30,42.7,15.5
DD+VOL+LVIX+SKEW,4,6,3,5,-0.28992357774163446,-0.4162728104008342,30,43.0,15.5
DD+VOL+LVIX+SKEW,4,7,1,5,1.183001330329492,1.533166672645041,18,49.5,17.1
DD+VOL+LVIX+SKEW,4,7,3,5,0.7879056763030353,1.354998086762087,18,49.1,17.7
DD+VOL+LVIX+SKEW,4,7,2,5,-0.09481574252962376,0.9054196215497262,18,49.6,17.7
DD+VOL+LVIX+SKEW,4,101,1,5,0.13423926102510578,0.23700362859786733,12,53.7,18.7
DD+VOL+LVIX+SKEW,4,101,2,5,0.4986286477883978,0.4147213039976279,12,53.8,18.8
DD+VOL+LVIX+SKEW,4,101,3,5,0.46153532808484155,0.3893040102020086,12,53.6,19.0
DD+VOL+LVIX+SKEW,4,102,1,5,-2.076909804870745,0.36100980819244455,12,56.1,19.6
DD+VOL+LVIX+SKEW,4,102,2,5,-2.064717242767798,0.03921949621650884,12,55.9,19.2
DD+VOL+LVIX+SKEW,4,102,3,5,-0.1255367131950228,1.3208093595886155,12,55.8,19.6
DD+VOL+LVIX+SKEW,4,103,1,5,0.4830087050154893,2.1577003575645977,12,58.3,20.7
DD+VOL+LVIX+SKEW,4,103,2,5,1.6009974501770783,2.9440469332806343,12,59.1,20.5
DD+VOL+LVIX+SKEW,4,103,3,5,1.2253466498175483,2.2821074478947456,12,58.8,20.4
DD+VOL+LVIX+SKEW,4,104,1,5,-0.1716766450462463,0.7803593944827686,12,61.5,21.6
DD+VOL+LVIX+SKEW,4,104,2,5,0.11387057710238817,0.9374081910733338,12,61.2,21.4
DD+VOL+LVIX+SKEW,4,104,3,5,0.042422772578064594,0.8995874774663453,12,60.9,21.1
DD+VOL+LVIX+SKEW,4,105,1,5,-0.7921316879670501,-0.36476008138327704,12,63.5,22.5
DD+VOL+LVIX+SKEW,4,105,2,5,-0.6826585126696059,-0.3461871793727054,12,63.5,22.6
DD+VOL+LVIX+SKEW,4,105,3,5,-1.7137529704091305,-0.7581960548550675,12,64.6,22.3
DD+VOL+LVIX+SKEW,4,106,1,5,0.020611184594551888,1.751339764378848,12,66.4,23.3
DD+VOL+LVIX+SKEW,4,106,2,5,-1.4347236112812967,0.7587839234193555,12,66.8,23.3
DD+VOL+LVIX+SKEW,4,106,3,5,-0.12672700604509185,1.7147070379828218,12,66.9,23.5
DD+VOL+LVIX+SKEW,4,107,1,5,-1.391382104882293,2.1725975068225925,12,69.0,23.6
DD+VOL+LVIX+SKEW,4,107,2,5,-1.5876908848589038,2.5836666710036735,12,68.7,24.2
DD+VOL+LVIX+SKEW,4,107,3,5,-0.5461708511346632,2.2013504577444962,12,69.0,24.1
DD+VOL+LVIX+SKEW,4,108,1,5,-0.08473639339582274,-0.07780601944660732,12,72.2,25.4
DD+VOL+LVIX+SKEW,4,108,2,5,0.050351241567660784,-0.010001498030196098,12,72.4,25.7
DD+VOL+LVIX+SKEW,4,108,3,5,-0.6745009562307975,-0.3480533720687678,12,71.9,26.0
DD+VOL+LVIX+SKEW,4,109,1,5,-1.1454069194190304,0.9501055987242043,12,74.9,26.6
DD+VOL+LVIX+SKEW,4,109,2,5,-1.0554536470060945,1.0732753061531306,12,75.5,25.9
DD+VOL+LVIX+SKEW,4,109,3,5,-0.8233372797145843,1.015489853971132,12,75.4,26.1
DD+VOL+LVIX+SKEW,4,110,1,5,1.8007909082375337,1.320351214279886,12,78.5,27.1
DD+VOL+LVIX+SKEW,4,110,2,5,1.5367275313168958,1.2128637274608407,12,79.2,26.9
DD+VOL+LVIX+SKEW,4,110,3,5,1.7741506038662385,1.3840009137056302,12,78.4,26.9
DD+VOL+LVIX+SKEW,4,111,1,5,-3.008647752867986,-1.0067721760332522,12,80.6,27.7
DD+VOL+LVIX+SKEW,4,111,2,5,-2.507086424664215,-0.7076524202182989,12,80.5,27.8
DD+VOL+LVIX+SKEW,4,111,3,5,-3.047041301438973,-1.228772852247766,12,79.6,27.2
DD+VOL+LVIX+SKEW,4,112,1,5,0.9265487940064638,0.24248382666036628,12,81.5,28.6
DD+VOL+LVIX+SKEW,4,112,2,5,1.171935144450288,0.3356685298834298,12,81.9,28.8
DD+VOL+LVIX+SKEW,4,112,3,5,0.9768761898793346,0.2647448485070937,12,82.8,28.5
DD+VOL+LVIX+SKEW,4,113,1,5,1.664057647947534,2.008783481287024,12,85.4,29.8
DD+VOL+REL_N+SKEW,4,1,1,5,0.5129131773021058,1.250914940353319,24,17.1,7.0
DD+VOL+LVIX+SKEW,4,113,2,5,1.3302179891377757,1.7837754556462135,12,84.9,29.9
DD+VOL+LVIX+SKEW,4,113,3,5,1.2602005985322113,1.7005474630538095,12,85.2,30.2
DD+VOL+REL_N+SKEW,4,1,2,5,0.3015318840849026,1.1986265654210586,24,17.5,7.0
DD+VOL+REL_N+SKEW,4,1,3,5,0.41350542377771193,1.1516697396805697,24,17.2,7.0
DD+VOL+LVIX+SKEW,4,114,1,5,0.5688458696834301,1.6931411765095556,12,86.8,30.4
DD+VOL+REL_N+SKEW,4,2,1,5,0.6041323710786675,0.6068339837671344,24,22.2,8.8
DD+VOL+REL_N+SKEW,4,2,2,5,0.5057764018786822,0.5275373332568611,24,22.2,8.9
DD+VOL+REL_N+SKEW,4,2,3,5,0.47951253431791435,0.5072420818994315,24,22.3,8.8
DD+VOL+REL_N+SKEW,4,3,1,5,-0.5256830438906391,-0.7728775487995404,24,27.8,10.7
DD+VOL+LVIX+SKEW,4,114,2,5,1.089726207267733,2.0117493088249105,12,87.7,31.6
DD+VOL+REL_N+SKEW,4,3,2,5,-0.6066028841187154,-0.8152934391813423,24,27.8,10.5
DD+VOL+LVIX+SKEW,4,114,3,5,0.8055917101523878,1.7135163352640908,12,87.7,31.5
DD+VOL+REL_N+SKEW,4,3,3,5,-0.5917380233387008,-0.8129978208024219,24,28.1,10.3
DD+VOL+REL_N+SKEW,4,4,1,5,0.9146331263168435,1.451748535885119,24,33.1,11.8
DD+VOL+REL_N+SKEW,4,4,2,5,1.1577167508980397,1.6002314770556814,24,33.4,12.0
DD+VOL+REL_N+SKEW,4,4,3,5,1.2061027603274934,1.6443041569612076,24,33.2,11.8
DD+VOL+REL_N+SKEW,4,5,1,5,0.6836356273023346,1.2807991528184386,24,37.5,13.6
DD+VOL+REL_N+SKEW,4,5,2,5,0.6879106747931675,1.2752484839583076,24,37.7,13.8
DD+VOL+REL_N+SKEW,4,5,3,5,0.7007055478123639,1.2852864701642948,24,38.1,14.0
DD+VOL+REL_N+SKEW,4,6,1,5,0.05932286477522813,-0.24545078652950672,30,42.9,15.6
DD+VOL+REL_N+SKEW,4,6,2,5,0.2357107839647091,-0.15986940735088123,30,42.8,15.5
DD+VOL+REL_N+SKEW,4,6,3,5,0.17368217728296914,-0.18403823886359189,30,43.2,15.3
DD+VOL+REL_N+SKEW,4,7,1,5,1.3247765758701973,1.4382863008087672,18,50.0,17.3
DD+VOL+REL_N+SKEW,4,7,2,5,1.2199699604867862,1.4024271993480004,18,49.6,17.5
DD+VOL+REL_N+SKEW,4,7,3,5,1.1101007189261587,1.3490437938415991,18,49.2,17.6
DD+VOL+REL_N+SKEW,4,101,1,5,-0.14216351842666605,0.11173794382996434,12,52.9,18.7
DD+VOL+REL_N+SKEW,4,101,2,5,-0.07190775876026426,0.13311262212258998,12,53.7,18.5
DD+VOL+REL_N+SKEW,4,101,3,5,-0.4291233339491583,-0.029373052880554956,12,53.6,18.7
DD+VOL+REL_N+SKEW,4,102,1,5,-0.639578648561599,0.8784270839459172,12,56.5,19.5
DD+VOL+REL_N+SKEW,4,102,2,5,-1.5071397695571884,0.3748996826683116,12,56.4,19.3
DD+VOL+REL_N+SKEW,4,102,3,5,-1.4046134989774763,0.39865650739271485,12,55.5,19.6
DD+VOL+REL_N+SKEW,4,103,1,5,1.161454666325332,2.1414383525291574,12,58.7,20.7
DD+VOL+REL_N+SKEW,4,103,2,5,0.7509529404732103,1.8822601627213293,12,58.9,20.8
DD+VOL+REL_N+SKEW,4,103,3,5,0.26952221858132797,2.0254383741144464,12,58.8,20.4
DD+VOL+REL_N+SKEW,4,104,1,5,-0.21438594633587124,0.6213173754175202,12,61.2,21.2
DD+VOL+REL_N+SKEW,4,104,2,5,-0.21440214787108755,0.6795928546348864,12,61.7,21.4
DD+VOL+REL_N+SKEW,4,104,3,5,0.15812945382044627,0.9767742457942051,12,61.8,21.1
DD+VOL+REL_N+SKEW,4,105,1,5,-1.4966023819525809,-0.7913560166937254,12,63.4,22.3
DD+VOL+REL_N+SKEW,4,105,2,5,-1.2683338752178177,-0.6519134310192178,12,63.8,22.5
DD+VOL+REL_N+SKEW,4,105,3,5,-1.4552280222626173,-0.7396146235310636,12,63.9,22.2
DD+VOL+REL_N+SKEW,4,106,1,5,-0.49794395889629517,1.0172032671181563,12,67.1,23.3
DD+VOL+REL_N+SKEW,4,106,2,5,0.0733528100422995,1.3413048098026248,12,66.6,23.2
DD+VOL+REL_N+SKEW,4,106,3,5,0.89114853336201,1.7232798410736483,12,67.1,23.1
DD+VOL+REL_N+SKEW,4,107,1,5,-1.3108652084287307,1.483187444990459,12,69.8,23.6
DD+VOL+REL_N+SKEW,4,107,2,5,-1.5451456662377376,1.3884969962176013,12,69.1,24.2
DD+VOL+REL_N+SKEW,4,107,3,5,0.9770376859785633,2.74670305576826,12,69.0,24.1
DD+VOL+REL_N+SKEW,4,108,1,5,0.3460343387444677,0.13580070173456985,12,71.8,25.0
DD+VOL+REL_N+SKEW,4,108,2,5,0.015581613570170478,-0.026415362946165307,12,72.2,24.8
DD+VOL+REL_N+SKEW,4,108,3,5,0.15093726155953616,0.04144918103407626,12,72.0,24.8
DD+VOL+REL_N+SKEW,4,109,1,5,-1.166633750869625,0.43829069764589096,12,74.4,25.5
DD+VOL+REL_N+SKEW,4,109,2,5,-0.7437294606658261,0.7270809574461067,12,75.1,25.7
DD+VOL+REL_N+SKEW,4,109,3,5,-0.44660581151674167,1.0864400620161396,12,73.9,25.6
DD+VOL+REL_N+SKEW,4,110,1,5,2.142159033362513,1.6320699363335813,12,76.7,26.7
DD+VOL+REL_N+SKEW,4,110,2,5,2.6687001298876774,1.6725351936544508,12,76.9,26.5
DD+VOL+REL_N+SKEW,4,110,3,5,2.3530178720701356,1.6630204201844763,12,77.2,26.6
DD+VOL+REL_N+SKEW,4,111,1,5,-2.120495268341125,-0.46800666553832926,12,79.8,27.8
DD+VOL+REL_N+SKEW,4,111,2,5,-2.422214298753574,-0.7766159614053699,12,79.8,27.6
DD+VOL+REL_N+SKEW,4,111,3,5,-3.050378051119824,-1.0678217709518043,12,79.7,27.4
DD+VOL+REL_N+SKEW,4,112,1,5,0.5758818890837727,0.15088551777806802,12,81.8,28.5
DD+VOL+REL_N+SKEW,4,112,2,5,0.7380596895075401,0.1697281809898062,12,82.4,28.7
DD+VOL+REL_N+SKEW,4,112,3,5,0.68669631563553,0.15378339552140521,12,82.1,28.7
DD+VOL+REL_N+SKEW,4,113,1,5,1.7925083461193427,1.9566656991608704,12,85.3,29.4
DD+DISP,2,1,1,5,0.7894964102681743,1.321675336026309,24,17.0,6.9
DD+VOL+REL_N+SKEW,4,113,2,5,1.77282426150153,2.0357248395434646,12,84.9,29.9
DD+DISP,2,1,2,5,0.3967239218675959,1.1866389689452406,24,17.1,6.9
DD+VOL+REL_N+SKEW,4,113,3,5,1.3992590019996722,1.9157282326969172,12,85.0,29.5
DD+DISP,2,1,3,5,1.2708553709357142,1.5949798762866947,24,17.1,7.0
DD+DISP,2,2,1,5,0.324919215344515,0.3848423810940698,24,22.8,9.5
DD+DISP,2,2,2,5,0.4574212977549033,0.493898012909189,24,23.1,9.5
DD+VOL+REL_N+SKEW,4,114,1,5,1.0937022950845967,1.8641897215775665,12,88.0,32.7
DD+DISP,2,2,3,5,0.37459354784478727,0.424484239019173,24,23.4,9.6
DD+DISP,2,3,1,5,-0.1417710483704508,-0.5392082011912627,24,29.6,11.3
DD+VOL+REL_N+SKEW,4,114,2,5,0.16462052351620365,1.1864513836926016,12,87.8,33.2
DD+DISP,2,3,2,5,-0.18159073635013553,-0.5664050864752243,24,29.0,10.2
DD+VOL+REL_N+SKEW,4,114,3,5,1.1073615728269393,1.9101742831112252,12,89.8,31.3
DD+DISP,2,3,3,5,-0.39988693253318464,-0.7019230180936253,24,29.0,10.3
DD+DISP,2,4,1,5,1.365273974542931,1.7391901749048504,24,34.1,11.9
DD+DISP,2,4,2,5,1.560725545961146,1.8708410866892013,24,33.6,11.8
DD+DISP,2,4,3,5,1.1931227260334105,1.6378887338795574,24,32.9,11.8
DD+DISP,2,5,1,5,0.040821450232356005,1.069340049097232,24,37.7,13.4
DD+DISP,2,5,2,5,0.026494216823785815,1.0427826265743951,24,38.1,13.6
DD+DISP,2,5,3,5,0.14061000928632064,1.125983912451227,24,37.9,13.6
DD+DISP,2,6,1,5,0.30839296384419207,-0.11762142874273085,30,43.2,15.7
DD+DISP,2,6,2,5,0.13319114541885496,-0.20210091698929852,30,43.4,15.4
DD+DISP,2,6,3,5,-0.020680100114736102,-0.28430535973699006,30,43.5,15.4
DD+DISP,2,7,1,5,0.8707757475138078,1.4059828901368296,18,49.7,17.2
DD+DISP,2,7,2,5,1.724087754146469,1.7270955418664653,18,49.3,17.3
DD+DISP,2,7,3,5,1.1718446925684023,1.560418354443822,18,49.7,17.5
DD+DISP,2,101,1,5,-0.3862647837990747,-0.024512195574130893,12,53.3,18.8
DD+DISP,2,101,2,5,-0.4074395414504116,-0.033907439649158634,12,53.2,18.9
DD+DISP,2,101,3,5,-0.40695716010780325,-0.042496655640258924,12,53.7,18.7
DD+DISP,2,102,1,5,-0.7033007225663503,1.0301105914235906,12,56.7,19.4
DD+DISP,2,102,2,5,-1.1625165867023055,0.7756118518261954,12,56.2,19.3
DD+DISP,2,102,3,5,-0.6076780802469929,1.0326521470555603,12,55.8,19.3
DD+DISP,2,103,1,5,0.6089549283033785,2.0748583143784973,12,58.5,20.4
DD+DISP,2,103,2,5,0.6194696899482317,1.9477137247120087,12,58.4,20.7
DD+DISP,2,103,3,5,0.39948786595736263,1.9164687463287562,12,58.5,20.6
DD+DISP,2,104,1,5,-0.46230631359273744,0.4888853851909359,12,61.7,21.5
DD+DISP,2,104,2,5,-0.8606552537088293,0.2900700453492279,12,61.2,21.4
DD+DISP,2,104,3,5,-0.7721386464757232,0.30157653473654444,12,61.0,21.5
DD+DISP,2,105,1,5,-0.9141354889124658,-0.37811338689544266,12,63.5,22.3
DD+DISP,2,105,2,5,-0.1764998286411815,-0.13719688581586376,12,64.4,22.6
DD+DISP,2,105,3,5,-1.5198805159759257,-0.7819585530351193,12,63.8,22.6
DD+DISP,2,106,1,5,0.25174287249962873,1.612528572177526,12,66.3,23.2
DD+DISP,2,106,2,5,2.6027342748885425,3.104109355574347,12,67.0,23.0
DD+DISP,2,106,3,5,1.2874353128766411,2.552063139252915,12,66.9,23.0
DD+DISP,2,107,1,5,-0.6988654869437569,2.259554158690297,12,69.6,24.1
DD+DISP,2,107,2,5,-0.3045904719723665,1.9055970651799718,12,68.9,23.7
DD+DISP,2,107,3,5,-1.9995315950068866,1.9047438232772362,12,69.2,24.0
DD+DISP,2,108,1,5,0.2326113498057364,0.09091548798788715,12,71.1,24.8
DD+DISP,2,108,2,5,-0.00497966451690372,-0.03862491500933135,12,71.7,24.8
DD+DISP,2,108,3,5,0.5974101563633226,0.23671417771520825,12,72.2,24.8
DD+DISP,2,109,1,5,-0.9718933012127213,0.9175845416602145,12,74.4,25.6
DD+DISP,2,109,2,5,-1.5586643200163826,0.6124589456789112,12,74.1,25.5
DD+DISP,2,109,3,5,-1.140431883478777,0.7587861487707122,12,74.0,25.3
DD+DISP,2,110,1,5,0.6457099724995115,0.8894423317216027,12,76.8,26.5
DD+DISP,2,110,2,5,0.3611482892744732,0.7637282344438326,12,76.7,26.9
DD+DISP,2,110,3,5,2.2092521025567566,1.5741044296051727,12,76.8,26.5
DD+DISP,2,111,1,5,-0.5245646317222021,0.47515847997424004,12,79.7,27.7
DD+DISP,2,111,2,5,-1.1627101054346303,0.021736225894398758,12,80.1,27.7
DD+DISP,2,111,3,5,-0.7919486955987732,0.3550886132321315,12,79.4,27.7
DD+DISP,2,112,1,5,0.9997974966154038,0.29033734103526376,12,81.6,28.1
DD+DISP,2,112,2,5,0.9753238306560252,0.2918417826235146,12,83.0,28.6
DD+DISP,2,112,3,5,1.3513524629215214,0.45254045151485117,12,82.2,28.8
DD+DISP,2,113,1,5,0.9384945990969841,1.4626263602719782,12,85.0,29.5
DD+VOL,2,1,1,5,0.8049391612503402,1.3198432830282152,24,17.1,7.0
DD+DISP,2,113,2,5,1.39417614525828,1.8225713123878264,12,85.5,29.9
DD+VOL,2,1,2,5,0.8303089557796751,1.3260834773862913,24,17.1,7.0
DD+DISP,2,113,3,5,1.2996079659834598,1.7866422341520647,12,85.4,29.8
DD+VOL,2,1,3,5,0.8160854299994287,1.3275034795360394,24,17.0,6.9
DD+DISP,2,114,1,5,1.183072317699097,1.9252527394667847,12,87.1,31.0
DD+VOL,2,2,1,5,0.6557568949360939,0.6501569470791833,24,22.5,9.0
DD+VOL,2,2,2,5,0.6109419773059043,0.6225772924218393,24,22.6,8.8
DD+VOL,2,2,3,5,0.620021244242736,0.6210996370866718,24,22.5,8.7
DD+DISP,2,114,2,5,0.9260197387541856,1.7250986278933416,12,87.1,31.0
DD+VOL,2,3,1,5,-0.3835197273677224,-0.6939839161400098,24,27.6,10.3
DD+VOL,2,3,2,5,-0.28995957262682903,-0.6447523402907247,24,27.6,10.3
DD+VOL,2,3,3,5,-0.3337601676917953,-0.6638709633613763,24,27.5,10.3
DD+DISP,2,114,3,5,0.940378668679873,1.8199409778145283,12,88.5,30.6
DD+VOL,2,4,1,5,0.8958260674659224,1.6018512321673153,24,32.7,12.1
DD+VOL,2,4,2,5,0.7126088803012668,1.4887684440199063,24,32.8,12.0
DD+VOL,2,4,3,5,0.9150315644798122,1.628581894704023,24,32.7,12.0
DD+VOL,2,5,1,5,0.871468436604484,1.5617980734608274,24,37.5,13.5
DD+VOL,2,5,2,5,1.200008004645895,1.7167327034108848,24,37.7,14.0
DD+VOL,2,5,3,5,1.4098961755801211,1.8621781978242729,24,37.9,13.8
DD+VOL,2,6,1,5,0.18906435832669513,-0.1615390300046753,30,43.5,16.1
DD+VOL,2,6,2,5,0.10179451967000501,-0.22168266852654764,30,43.3,16.1
DD+VOL,2,6,3,5,0.09114348009371137,-0.22317648160077813,30,43.6,15.9
DD+VOL,2,7,1,5,1.6600115589507465,1.626508599288221,18,50.7,17.7
DD+VOL,2,7,2,5,1.690385691184381,1.6397268691371467,18,50.3,17.6
DD+VOL,2,7,3,5,1.1559910725677296,1.433057443137268,18,50.4,17.6
DD+VOL,2,101,1,5,-0.29032989765365047,0.01162074120888501,12,54.9,18.9
DD+VOL,2,101,2,5,-0.3134129890449255,0.007094794512608842,12,54.3,18.9
DD+VOL,2,101,3,5,0.05556279172201331,0.19170330345597325,12,54.0,18.9
DD+VOL,2,102,1,5,-0.441154867196113,1.3198729899258081,12,57.0,19.7
DD+VOL,2,102,2,5,-0.9036526726080262,1.1888409907023842,12,56.5,19.5
DD+VOL,2,102,3,5,0.6060622173644713,1.6692933273442396,12,56.3,19.4
DD+VOL,2,103,1,5,1.3213788081323075,2.6095668205247864,12,58.8,20.3
DD+VOL,2,103,2,5,1.8412367697208196,2.9012938397953407,12,58.6,20.7
DD+VOL,2,103,3,5,0.7493045489526312,2.068568081744939,12,58.7,20.7
DD+VOL,2,104,1,5,-0.024771816408497228,0.8523261216369263,12,61.6,21.6
DD+VOL,2,104,2,5,0.011016346315656905,0.8386569651680839,12,61.7,21.8
DD+VOL,2,104,3,5,-0.6643068478300134,0.4636498611912713,12,60.5,21.5
DD+VOL,2,105,1,5,-0.6416371710119717,-0.2638155671016403,12,63.8,22.0
DD+VOL,2,105,2,5,-2.2594370891150652,-0.7555888492412082,12,63.6,22.1
DD+VOL,2,105,3,5,-1.4503261759912733,-0.4375156541394616,12,64.0,22.1
DD+VOL,2,106,1,5,-0.365177753535,1.255453837588044,12,66.7,23.3
DD+VOL,2,106,2,5,0.45723984293621905,1.6305174343297608,12,66.4,23.2
DD+VOL,2,106,3,5,0.3378306396756092,1.6836210987627327,12,66.7,23.4
DD+VOL,2,107,1,5,-1.3884102816419461,1.9440669035709552,12,68.7,23.9
DD+VOL,2,107,2,5,-1.9623730778647936,1.5958609063600875,12,69.0,23.6
DD+VOL,2,107,3,5,-1.5241940609709388,2.0117735943231683,12,69.1,23.8
DD+VOL,2,108,1,5,-0.24937288736919147,-0.15995411770201487,12,72.2,24.9
DD+VOL,2,108,2,5,0.2574722735788756,0.08234221792946954,12,72.0,25.0
DD+VOL,2,108,3,5,-0.05707404936413978,-0.06500563806607022,12,71.8,24.9
DD+VOL,2,109,1,5,-0.6085409546182088,1.572996935119401,12,74.0,25.9
DD+VOL,2,109,2,5,-0.24617893822907172,1.864675827256598,12,73.8,25.8
DD+VOL,2,109,3,5,-0.26681882066730755,1.532221300706546,12,74.2,25.6
DD+VOL,2,110,1,5,2.6483045491594126,1.6577092551632717,12,76.6,26.5
DD+VOL,2,110,2,5,2.490410872982627,1.523715085395302,12,77.1,27.0
DD+VOL,2,110,3,5,2.076529712212934,1.4274775144760492,12,77.4,26.8
DD+VOL,2,111,1,5,-2.8716654066707585,-1.059103985367349,12,79.4,27.8
DD+VOL,2,111,2,5,-2.70348811643446,-1.2095517712968047,12,79.7,27.8
DD+VOL,2,111,3,5,-2.2338238236205847,-0.6631995125221143,12,78.9,27.8
DD+VOL,2,112,1,5,0.6144939298554977,0.12121942699705147,12,82.2,28.2
DD+VOL,2,112,2,5,0.8326190738398542,0.21421448074517568,12,82.3,28.5
DD+VOL,2,112,3,5,0.7439253622603276,0.17719059175122165,12,82.1,28.5
DD+VOL,2,113,1,5,1.1314393264466924,1.5688434466908074,12,84.6,29.8
DD,1,1,1,5,0.9017213796182721,1.3923736749002469,24,16.9,7.1
DD+VOL,2,113,2,5,0.6133207852425892,1.2692374948979868,12,84.7,29.7
DD,1,1,2,5,0.9200930498546394,1.403476407311508,24,17.1,6.9
DD+VOL,2,113,3,5,0.693619347422953,1.4003364484784007,12,84.9,30.2
DD,1,1,3,5,0.9200930498546394,1.403476407311508,24,17.1,7.0
DD+VOL,2,114,1,5,2.7633705179441255,3.5532145127660226,12,87.0,31.0
DD,1,2,1,5,1.0105282343851187,0.961883322274541,24,22.1,8.7
DD,1,2,2,5,1.0201337064123124,0.9695593522031827,24,22.1,8.8
DD,1,2,3,5,1.3303216416904478,1.1941200979083477,24,22.2,8.9
DD+VOL,2,114,2,5,1.9354935964813207,3.1073492242919216,12,87.4,30.9
DD,1,3,1,5,-0.4855836487806848,-0.7302629691431858,24,27.4,10.4
DD,1,3,2,5,-0.4514772590223095,-0.7067029248987442,24,27.2,10.4
DD,1,3,3,5,-0.5501244429611423,-0.7600575483083766,24,27.4,10.4
DD+VOL,2,114,3,5,2.9494418873622927,3.7955765504858285,12,87.6,30.7
DD,1,4,1,5,0.8552350390011849,1.4967360300162793,24,32.8,11.9
DD,1,4,2,5,1.0414195596781934,1.6542383486875978,24,32.5,12.0
DD,1,4,3,5,0.9591428785103874,1.616392928307759,24,32.8,12.0
DD,1,5,1,5,0.6468222307318306,1.3144079067480814,24,38.2,13.5
DD,1,5,2,5,0.9144170552179529,1.5070152179207594,24,37.3,13.7
DD,1,5,3,5,0.936950094998628,1.5410833281232523,24,37.7,13.6
DD,1,6,1,5,-0.04278607888477241,-0.2976145117828708,30,42.9,15.4
DD,1,6,2,5,-0.13171089993468146,-0.3395006821569767,30,43.0,15.7
DD,1,6,3,5,-0.19635209608649104,-0.3713900932847027,30,43.0,15.6
DD,1,7,1,5,1.0812904556318845,1.5027702368969618,18,49.4,17.3
DD,1,7,2,5,1.167079853995641,1.536842288609061,18,49.8,17.2
DD,1,7,3,5,1.0762689312506344,1.4866171757194087,18,48.9,17.3
DD,1,101,1,5,-0.6767885161046775,-0.13313518493088403,12,53.2,18.7
DD,1,101,2,5,-0.18092138549128473,0.099024146213008,12,53.4,18.5
DD,1,101,3,5,-0.4975249343688208,-0.04361823965414863,12,53.3,18.9
DD,1,102,1,5,-1.4807727367551282,0.04572800607258024,12,55.9,19.7
DD,1,102,2,5,-1.3173130983745815,0.2553868487117018,12,55.6,19.8
DD,1,102,3,5,-1.1546624371894365,0.29945226115161744,12,56.6,19.5
DD,1,103,1,5,1.0489285490738833,2.1503103148273386,12,58.0,20.5
DD,1,103,2,5,1.0759279562684307,2.1800825816390255,12,58.5,20.5
DD,1,103,3,5,0.9884628604425908,2.2160132253707605,12,58.4,20.3
DD,1,104,1,5,0.5570904145854101,1.4111845722022893,12,61.1,21.5
DD,1,104,2,5,0.8191278502274741,1.552852789122783,12,61.3,21.6
DD,1,104,3,5,0.33901107426493104,1.2456332941692312,12,61.0,21.3
DD,1,105,1,5,-0.42119246149877027,-0.25734605736614674,12,64.3,22.1
DD,1,105,2,5,-0.5982727406564651,-0.38365722158850407,12,63.2,22.3
DD,1,105,3,5,-0.682922304081139,-0.40469943899593364,12,63.8,22.3
DD,1,106,1,5,0.4587212566008731,1.8646878072848767,12,66.4,23.0
DD,1,106,2,5,1.6061622511983507,2.3441706397136346,12,66.9,23.4
DD,1,106,3,5,1.6797035148540684,2.4562649876568097,12,66.2,23.4
DD,1,107,1,5,-1.0064791492244498,1.953354820975386,12,68.5,24.1
DD,1,107,2,5,-1.1718510197942291,2.0004665569492257,12,69.2,24.2
DD,1,107,3,5,0.025533137968129345,2.773993629190367,12,68.4,24.2
DD,1,108,1,5,-0.17748418628337528,-0.11989094868978296,12,71.9,24.8
DD,1,108,2,5,-0.2666985960717036,-0.16362211730823809,12,71.4,24.9
DD,1,108,3,5,-0.043263139122939755,-0.0572787699578059,12,71.6,25.2
DD,1,109,1,5,-0.7917070206174216,1.2390239473145352,12,74.4,26.3
DD,1,109,2,5,0.03516708564923534,1.920558490582496,12,74.1,26.1
DD,1,109,3,5,-0.49229232992188715,1.1757227473629455,12,74.6,25.8
DD,1,110,1,5,2.459873560247357,1.6451209677435343,12,76.3,26.7
DD,1,110,2,5,2.099103349298439,1.4701188933431042,12,76.4,26.9
DD,1,110,3,5,2.1664922315082005,1.5435974495181466,12,76.7,26.4
DD,1,111,1,5,-2.0908377738632784,0.3494707794996719,12,79.3,27.7
DD,1,111,2,5,-1.5401669339013364,0.4839104358201806,12,79.4,27.9
DD,1,111,3,5,-1.315003107217554,0.4338873088545034,12,79.0,27.7
DD,1,112,1,5,0.5919130825012293,0.11202757583659909,12,82.4,28.4
DD,1,112,2,5,0.47051553726076867,0.057108239031584816,12,81.4,28.6
DD,1,112,3,5,0.6392610918845109,0.13700010643124075,12,82.0,28.7
DD,1,113,1,5,1.4468140232998465,1.828067410467649,12,84.3,29.2
DD+CS,2,1,1,5,0.5980452159834619,1.2794366996310307,24,16.8,6.8
DD+CS,2,1,2,5,0.6401781144266242,1.2951055278547106,24,17.2,7.1
DD,1,113,2,5,1.3199065415805502,1.7334135360225085,12,84.5,30.0
DD+CS,2,1,3,5,1.0482659138853907,1.511989778068431,24,17.0,7.0
DD,1,113,3,5,1.60644133546671,1.8844636121361,12,84.9,29.9
DD,1,114,1,5,0.518635492361113,1.8069332612601556,12,86.6,31.3
DD+CS,2,2,1,5,1.042464407443809,0.9567679914942431,24,22.4,8.8
DD+CS,2,2,2,5,0.9955514026195112,0.9190681859665328,24,22.6,8.7
DD+CS,2,2,3,5,1.0280166368839632,0.9226323664069078,24,22.2,8.8
DD+CS,2,3,1,5,-0.7851670474407164,-0.9077202680584856,24,28.0,10.5
DD,1,114,2,5,0.6184991619395387,1.9857489835554156,12,88.4,31.2
DD,1,114,3,5,1.6082531411687657,2.5181173283381337,12,86.8,31.0
DD+CS,2,3,2,5,-0.8200233513249577,-0.9336138476712215,24,27.7,10.3
DD+CS,2,3,3,5,-0.5795596556680939,-0.7930406577679294,24,27.7,10.0
DD+CS,2,4,1,5,0.8527291619927386,1.628110269545107,24,32.6,11.9
DD+CS,2,4,2,5,1.0100150989185397,1.691610604626063,24,32.7,11.8
DD+CS,2,4,3,5,0.6836055743809566,1.494023825841175,24,32.9,11.9
DD+CS,2,5,1,5,0.8857371889888904,1.5095685836238995,24,37.8,13.5
DD+CS,2,5,2,5,0.9438759612373842,1.5620388039598219,24,37.6,13.7
DD+CS,2,5,3,5,0.8632666251347239,1.493255101267085,24,37.9,13.6
DD+CS,2,6,1,5,0.005710105612377714,-0.2752068876460867,30,42.7,15.3
DD+CS,2,6,2,5,0.10053308893695842,-0.21793775855335137,30,43.3,15.6
DD+CS,2,6,3,5,0.01227221699378716,-0.26456260992772634,30,43.1,15.4
DD+CS,2,7,1,5,0.13961668511972003,0.9681724384244385,18,49.7,17.2
DD+CS,2,7,2,5,0.37403004792283806,1.0899295343478503,18,49.8,17.5
DD+CS,2,7,3,5,0.48115339507895855,1.1563008048447034,18,49.0,17.4
DD+CS,2,101,1,5,0.3760074343956843,0.3511718025630572,12,53.3,18.6
DD+CS,2,101,2,5,0.5079670114813504,0.4119775352714419,12,53.3,18.7
DD+CS,2,101,3,5,0.1826132937746425,0.2583136754100218,12,53.5,18.7
DD+CS,2,102,1,5,-1.8708668081869513,0.1375453754214717,12,56.0,19.5
DD+CS,2,102,2,5,-1.6239668081582466,0.24351585911370288,12,56.1,19.5
DD+CS,2,102,3,5,-1.7456139781241442,0.23495198725576785,12,56.2,19.7
DD+CS,2,103,1,5,1.073020506580074,2.6225233127505634,12,58.4,20.6
DD+CS,2,103,2,5,0.6153044117499824,2.4300156279006555,12,58.6,20.6
DD+CS,2,103,3,5,0.36846100242730695,2.3460167636634184,12,58.4,20.5
DD+CS,2,104,1,5,-0.09102935512656084,0.9324850751691255,12,61.3,21.5
DD+CS,2,104,2,5,0.3708883894523919,1.10205126095756,12,61.2,21.5
DD+CS,2,104,3,5,0.2547518536962906,1.0399769916531894,12,61.4,21.3
DD+CS,2,105,1,5,-2.6477772035186273,-0.9707708060279618,12,64.2,22.2
DD+CS,2,105,2,5,-2.3186472625503,-0.7942582880830237,12,63.6,22.4
DD+CS,2,105,3,5,-2.9598497082087594,-0.8258100192954186,12,63.6,22.4
DD+CS,2,106,1,5,2.999660449794964,3.104215500850552,12,66.5,23.0
DD+CS,2,106,2,5,1.0332843632881934,2.0649857540892618,12,66.6,23.3
DD+CS,2,106,3,5,0.897269277359035,2.0035324721563703,12,66.6,23.1
DD+CS,2,107,1,5,0.4032626809149423,3.1061436224959627,12,69.2,23.7
DD+CS,2,107,2,5,0.8534709344293082,3.305495288183219,12,69.2,23.9
DD+CS,2,107,3,5,-0.18025154644430078,2.403672001388801,12,68.6,23.9
DD+CS,2,108,1,5,0.11024452292916607,0.017329561017144224,12,71.6,24.8
DD+CS,2,108,2,5,0.06185781371413068,-0.004652784444843532,12,71.5,24.8
DD+CS,2,108,3,5,0.6031294817681712,0.24280770403347623,12,71.9,24.9
DD+CS,2,109,1,5,0.5904973905524721,2.0684835541621496,12,74.6,25.7
DD+CS,2,109,2,5,1.0836894139742166,2.180997591597388,12,74.6,25.3
DD+CS,2,109,3,5,0.23529680294993718,1.891707071054257,12,75.0,25.9
DD+CS,2,110,1,5,1.719780644629084,1.3658576175448627,12,76.2,26.7
DD+CS,2,110,2,5,2.095911040524043,1.6269217972203218,12,76.8,26.7
DD+CS,2,110,3,5,2.1113184718473517,1.5463434327835401,12,76.5,27.0
DD+CS,2,111,1,5,-1.5457847189287481,-0.05919021138082279,12,79.7,27.5
DD+CS,2,111,2,5,-1.611438627952671,-0.037540577828960454,12,80.2,27.6
DD+CS,2,111,3,5,-1.9298473344077611,-0.333529157718721,12,79.9,27.4
DD+CS,2,112,1,5,0.5208605230501065,0.08586695554584438,12,82.7,28.7
DD+CS,2,112,2,5,0.793011053221979,0.20818464822841337,12,82.4,28.6
DD+CS,2,112,3,5,0.6635581244436669,0.1441351882819562,12,82.0,28.6
DD+CS,2,113,1,5,1.6592024632787035,2.058709430497659,12,84.2,29.6
DD+REL_N,2,1,1,5,0.4978147624869946,1.168144968647325,24,17.1,7.1
DD+CS,2,113,2,5,1.3635694427615395,1.8063072036598553,12,84.4,29.5
DD+REL_N,2,1,2,5,0.6308666211697166,1.2855699632763629,24,17.0,6.8
DD+REL_N,2,1,3,5,0.6878736987609213,1.3099155317402658,24,17.1,6.8
DD+CS,2,113,3,5,1.6186136776290025,1.9900149524804285,12,84.6,29.5
DD+REL_N,2,2,1,5,0.728568511805712,0.7083787831201054,24,22.3,8.8
DD+REL_N,2,2,2,5,0.7096197410359498,0.6940702514183715,24,22.2,8.9
DD+CS,2,114,1,5,1.0608348083822838,2.0972997692390662,12,87.6,30.7
DD+REL_N,2,2,3,5,0.7356275256817845,0.7145574284710966,24,22.1,8.9
DD+REL_N,2,3,1,5,-0.6629927891714963,-0.8347506999953602,24,27.7,10.5
DD+CS,2,114,2,5,2.416567437581802,2.8639926501467734,12,87.7,31.1
DD+REL_N,2,3,2,5,-0.46477132857377595,-0.7282190037719186,24,27.7,10.2
DD+CS,2,114,3,5,1.2235507826688476,2.1411201628454153,12,87.3,30.8
DD+REL_N,2,3,3,5,-0.6629927891714963,-0.8347506999953602,24,27.6,10.3
DD+REL_N,2,4,1,5,0.9237061016892067,1.6119419350147015,24,32.9,11.9
DD+REL_N,2,4,2,5,0.9057127590583,1.5952726812530815,24,32.8,11.8
DD+REL_N,2,4,3,5,0.9237061016892067,1.6119419350147015,24,32.6,11.8
DD+REL_N,2,5,1,5,0.5705015864768403,1.2628978470062657,24,37.9,13.4
DD+REL_N,2,5,2,5,0.6110140696909724,1.2624386273988724,24,37.8,13.6
DD+REL_N,2,5,3,5,0.5892564731914001,1.2536012677318678,24,37.8,13.6
DD+REL_N,2,6,1,5,-0.0380625048082008,-0.3062380967091588,30,43.2,15.5
DD+REL_N,2,6,2,5,0.3965490042537025,-0.10357083951970938,30,43.0,15.5
DD+REL_N,2,6,3,5,0.4977527205426296,-0.04037414501279655,30,42.9,15.6
DD+REL_N,2,7,1,5,-0.005907642216129588,0.8704581258928155,18,49.3,17.3
DD+REL_N,2,7,2,5,0.3365855218049644,1.0068737844363658,18,49.5,17.4
DD+REL_N,2,7,3,5,0.3752514393103084,1.0472088110125943,18,49.6,17.4
DD+REL_N,2,101,1,5,-0.38864192829893857,0.0006208310448744506,12,53.1,18.9
DD+REL_N,2,101,2,5,-0.4032331555001258,-0.029085204079528477,12,53.5,18.8
DD+REL_N,2,101,3,5,-0.23308449037767393,0.06284363213797355,12,53.4,18.8
DD+REL_N,2,102,1,5,-0.7377439384314054,0.7927951532379662,12,55.9,19.6
DD+REL_N,2,102,2,5,-0.7211645075608065,0.787448854103397,12,55.7,19.3
DD+REL_N,2,102,3,5,-0.8297367326828335,0.6651614458187317,12,56.2,19.4
DD+REL_N,2,103,1,5,1.8921054295629323,3.0339304252586934,12,58.9,20.5
DD+REL_N,2,103,2,5,1.066378865654147,2.2884228337067296,12,58.2,20.4
DD+REL_N,2,103,3,5,0.9107836200774533,2.207621015222528,12,58.8,20.6
DD+REL_N,2,104,1,5,-0.34141186913834626,0.5988691957961164,12,61.2,21.2
DD+REL_N,2,104,2,5,-0.23869766774325094,0.6147957181642401,12,60.9,21.3
DD+REL_N,2,104,3,5,-0.5229166833981994,0.4287867183828304,12,61.4,21.1
DD+REL_N,2,105,1,5,-1.2229402868327957,-0.5879196897303484,12,64.0,22.0
DD+REL_N,2,105,2,5,-0.9632112384065926,-0.5124497024065098,12,64.0,22.4
DD+REL_N,2,105,3,5,-0.4869669941926121,-0.26695523233495605,12,63.7,22.4
DD+REL_N,2,106,1,5,0.6962234563647843,1.7627533588258248,12,66.2,23.2
DD+REL_N,2,106,2,5,0.6925834228791496,1.8338280347658433,12,66.5,23.0
DD+REL_N,2,106,3,5,1.155335327174193,2.056503487596437,12,66.2,23.1
DD+REL_N,2,107,1,5,0.2956939573834089,2.5653607434102357,12,68.8,23.7
DD+REL_N,2,107,2,5,0.5627244841648401,2.6393199867169574,12,69.7,23.4
DD+REL_N,2,107,3,5,-0.8153480352775998,1.9600068175708483,12,69.3,23.9
DD+REL_N,2,108,1,5,0.33878730226126935,0.14305151046119172,12,71.1,24.9
DD+REL_N,2,108,2,5,0.3031636705263272,0.11503664187627967,12,71.6,24.9
DD+REL_N,2,108,3,5,0.23710515526397452,0.08857014969380436,12,71.5,24.9
DD+REL_N,2,109,1,5,-1.6651535225284397,0.4873522203092909,12,74.1,25.7
DD+REL_N,2,109,2,5,-1.578491433534585,0.3467045077983748,12,74.0,25.4
DD+REL_N,2,109,3,5,-1.0504178931422667,0.5647827503248558,12,74.6,25.3
DD+REL_N,2,110,1,5,0.68297928452719,0.918792087516206,12,77.1,26.6
DD+REL_N,2,110,2,5,0.6779251610250707,0.9724576248580622,12,76.5,26.8
DD+REL_N,2,110,3,5,0.7145972676344937,0.9721727553642813,12,76.7,26.7
DD+REL_N,2,111,1,5,-1.1440341092845245,0.453716479830339,12,79.3,27.7
DD+REL_N,2,111,2,5,-2.213720965173768,-0.45594009266246766,12,79.4,27.7
DD+REL_N,2,111,3,5,-1.4639284399254604,0.20254185223447885,12,79.8,27.1
DD+REL_N,2,112,1,5,0.4035627623277581,0.030231563272697284,12,82.7,28.4
DD+REL_N,2,112,2,5,0.8608720659660848,0.2542985223560464,12,82.5,28.5
DD+REL_N,2,112,3,5,0.7466770261533655,0.1781498050968124,12,81.4,28.5
DD+REL_N,2,113,1,5,0.8783985670352884,1.5979452268746572,12,84.1,27.9
DD+REL_N,2,113,2,5,1.3871385046953677,1.73600189818545,12,84.3,26.4
DD+REL_N,2,113,3,5,1.66072468134833,1.890118887482956,12,82.9,24.8
DD+REL_N,2,114,1,5,1.870435706867469,3.299232455614687,12,82.4,22.8
DD+REL_N,2,114,2,5,1.4169523709695981,2.7079132594950304,12,76.1,22.7
DD+REL_N,2,114,3,5,1.9443042165168054,3.306729049132906,12,68.3,21.8
