strategy,family,params,gross_ir,net_ir_0,net_ir_meas,to_mo,to_calm,to_crash,to_recovery,n_names,breakeven_bp,alpha_ff5lo,t_ff5lo,alpha_ff6lo,t_ff6lo,mean_hs_bp,hs_fallback_frac,net_ir_meas_pre,net_ir_meas_post,net_ir_stress3,net_ir_stress5
momentum,diag,"(10, 10)",0.22347460440475247,0.22347460440475247,0.15846847564982103,0.33326729041532127,0.3269969925047931,0.3476773728708056,0.34784386216211416,100.0,47.85359923548938,0.034907544601037094,1.327306777924921,-0.019684322212919395,-1.3165857050099794,14.259119087266988,0.026928508721706934,0.16647998219077687,0.15211651016566372,0.10763828605460234,0.056940622897156457
momentum,regime2,"(10, 15)",0.20356572022859626,0.20356572022859626,0.14407175697856187,0.3034529617209511,0.3302173399174831,0.2480602196670615,0.23230469696332784,104.61916461916462,47.26341702841537,0.032800693262165066,1.2725801790260762,-0.0211065014978978,-1.4698571926412036,14.202061619550493,0.027020493175140402,0.18141702223734904,0.07894488194302603,0.10737075583417706,0.07068439655315173
momentum,diag,"(15, 15)",0.19645006605542478,0.19645006605542478,0.15017851103680607,0.22828565943144277,0.22441811171652037,0.2386513241742811,0.23511945992765831,117.28255528255528,58.611437477596425,0.03484728712856375,1.328933487371473,-0.018981062888552877,-1.3513283186402418,14.26614012214526,0.027298301670544926,0.23118286505595304,-0.00919745750853587,0.11237408026592491,0.07459509333469608
momentum,regime2,"(10, 20)",0.18588091473871104,0.18588091473871104,0.12827767708893545,0.2934105638270599,0.333167370766719,0.209961570492791,0.18942743067782827,107.63144963144963,44.365089075881016,0.029659781841061966,1.147529392658891,-0.023716788496318336,-1.6705134026005946,14.154041907822515,0.027112830243760034,0.14625829266081808,0.10061628006120334,0.09671510753362766,0.06514128951987551
momentum,diag,"(40, 40)",0.19927878386829193,0.19927878386829193,0.17033826179086595,0.11358027422052333,0.11172333221240154,0.1092737807246319,0.13041518533065655,174.24570024570025,93.18582446452088,0.022359125796444175,1.1713470030928101,-0.018107175648107886,-1.6019199725931677,14.381827228620875,0.027175015209896573,0.20044453392924952,0.12220929910394115,0.146660371115291,0.12302379003600619
momentum,diag,"(20, 20)",0.17033581120301589,0.17033581120301589,0.13202006915562914,0.18089230173245896,0.1772406903442651,0.19067840536626487,0.18734574311204344,131.63636363636363,60.57211556665912,0.028238838657282994,1.1090165172773,-0.023681683104057404,-1.7492618600707757,14.218339175709668,0.027511503067484663,0.21361406819696616,-0.025459014074805057,0.1001395958365548,0.0682318930945369
momentum,diag,"(30, 30)",0.18677339204984905,0.18677339204984905,0.1545564139792058,0.13942218432979095,0.13670690624484885,0.14734502927872922,0.14327761022681215,154.13513513513513,78.35722531750926,0.026015886896314018,1.1729115711616558,-0.020951549166359537,-1.81088194140895,14.248951804468696,0.02763628176624546,0.21692834959398577,0.04092751689409824,0.12898091185156593,0.10341968558307962
momentum,regime2,"(10, 30)",0.19195277196140365,0.19195277196140365,0.13646656029968585,0.2861533762072685,0.33616088528945465,0.18620995824763448,0.14802811484151673,111.8009828009828,46.77353897366584,0.030053359054892495,1.1607890376431202,-0.02217741108316605,-1.5542573513288835,13.952303842481973,0.027184810575814036,0.15490186874431858,0.1083630755298624,0.11037241031758217,0.08424536569619291
momentum,regime2,"(15, 10)",0.2097807703026496,0.2097807703026496,0.15553637163871586,0.264935745412218,0.22823990377010842,0.35091126854734567,0.34784386216211416,111.98280098280098,54.43753672066886,0.034826550159151135,1.3138532612282678,-0.019433040059455946,-1.3239897903346955,14.466460885967543,0.027075780036077225,0.20241438112129065,0.07080323217934988,0.10218378974994219,0.04899807550871347
momentum,regime2,"(10, 40)",0.19383088360441209,0.19383088360441209,0.13932872129055804,0.2811528186907993,0.33817325845569324,0.16319886106180262,0.12948949896453668,115.0933660933661,47.91778542669323,0.03039846202408711,1.175452655838928,-0.020548823553419193,-1.417946929179057,13.916354500648586,0.027058455984448764,0.16738936093145018,0.0926383703020409,0.11600097165287804,0.09264152148246896
momentum,regime2,"(15, 20)",0.17151096888609657,0.17151096888609657,0.1283909211213238,0.21540216188512085,0.2260598305429646,0.1922127471302943,0.18872314945061497,120.8034398034398,53.97176287680339,0.031241980638472507,1.1907885853825602,-0.022088617054869406,-1.6069573532708383,14.082159995230636,0.02748533038523684,0.19278945643358278,0.0030007657206604786,0.09791774770490187,0.06741808734336253
momentum,regime2,"(15, 40)",0.17517866000376442,0.17517866000376442,0.1352542615040933,0.20255461157833643,0.23300460705905796,0.13615006080519076,0.12654928137663082,129.02457002457,57.92645836603654,0.030805465948489395,1.1813837638212834,-0.019809427924462494,-1.4209539704472784,13.770626679513184,0.027616631385033046,0.20718200768809691,-0.0036703191335524413,0.11430602509977093,0.093338126907123
momentum,regime2,"(15, 30)",0.1758113109798552,0.1758113109798552,0.13506174948967944,0.206809749155651,0.22958116191816877,0.16167648848489544,0.14336268524385326,125.44226044226045,57.143767134323504,0.030770017453401993,1.1804090855591796,-0.021191096590161357,-1.5487000761004739,13.804462246797586,0.02771442736737729,0.19802730947156114,0.013672678774318324,0.11131112189026389,0.08752525465895533
momentum,regime2,"(20, 10)",0.22140483797292462,0.22140483797292462,0.17062110342316908,0.2362890284963847,0.18287458298980153,0.36768575233998946,0.34784386216211416,121.34889434889435,63.10433325303157,0.03578263260951978,1.3459371411005083,-0.01783445731665908,-1.202142548566426,14.897667552937735,0.0271487868254986,0.2262786585220495,0.06839971455618143,0.11395775985483796,0.05745814661675133
momentum,regime2,"(20, 15)",0.19751099372409164,0.19751099372409164,0.15520993599316138,0.19625693691376792,0.17661320732180144,0.2452699101691726,0.23627438004324666,127.48402948402948,65.3563689866664,0.03214335742339879,1.2523795852710145,-0.020445488961771608,-1.4719720270394607,14.5124731977362,0.027340364647207915,0.25350980629498604,-0.03717562882823072,0.11456544125359625,0.07394832822062139
momentum,regime2,"(20, 40)",0.1695946608704206,0.1695946608704206,0.13515294090431837,0.16648766041817056,0.184721906820911,0.12333993197095441,0.12591282438354073,141.004914004914,64.62608583462752,0.02694570008155594,1.0715578189480863,-0.02206988246437286,-1.619176478681599,13.811557482533974,0.02792442555251335,0.22271915664890934,-0.03151349745257018,0.11482374174496766,0.09448091943666166
momentum,regime2,"(20, 30)",0.16696237727453914,0.16696237727453914,0.13157807130997817,0.17097967676914333,0.18077738608598243,0.15376475594591285,0.140462472251414,137.05405405405406,62.22944482820026,0.026606749347005614,1.0627521344318378,-0.02371554766543906,-1.7760754215946304,13.848841014482925,0.027883573308561695,0.2086917373337531,-0.01599854300382317,0.10776229693389207,0.08392428509666608
momentum,regime2,"(30, 10)",0.23244147186537362,0.23244147186537362,0.18222622734396457,0.21402246025820215,0.14627642248050662,0.3859238935961464,0.34784386216211416,134.57739557739558,69.69791644297348,0.03523886958237314,1.4231429286228992,-0.016669313767037418,-1.209397562099086,15.451581532004154,0.026873939903210246,0.2178944248782036,0.12248594382099649,0.11997448887824504,0.05799585455365723
momentum,regime2,"(30, 15)",0.22957172042860993,0.22957172042860993,0.18974237191005236,0.17104708608303815,0.137450730541114,0.2569494014139539,0.23645700517803028,141.67076167076166,82.92902902882494,0.03448868886285501,1.4193429818014276,-0.016724468275767478,-1.2947339594589808,14.90846649323884,0.026958757461396202,0.2775076722307051,0.02176595124314224,0.1462795726209336,0.10287507563245775
momentum,regime2,"(30, 20)",0.20156686916307448,0.20156686916307448,0.16615349447591185,0.15228848151022617,0.13499857790120284,0.19533612271768597,0.18764557784658698,146.96560196560196,80.49578920032347,0.02998912574082986,1.255365165444531,-0.020335752140334777,-1.633840890585928,14.773096113229117,0.02724361317871401,0.24001722674455814,0.02702730614478946,0.1315977931589985,0.09703277477212185
momentum,regime2,"(30, 40)",0.19259458352321315,0.19259458352321315,0.16105979908780185,0.13305128800259233,0.1394334472327709,0.1104264464265382,0.12983289227621733,159.15970515970517,82.25421296313236,0.02561658686488601,1.1839170117480509,-0.018393910236511275,-1.5779935313614037,14.22594937288059,0.02775114374161028,0.2300166273321843,0.03901504053330197,0.13967287831690642,0.11830979604460194
momentum,regime2,"(40, 10)",0.2568365461115914,0.2568365461115914,0.20794772813130422,0.20413056849801603,0.12810962029247758,0.40144953571949576,0.34784386216211416,144.6953316953317,79.91069358033694,0.03784586770778782,1.544875693849253,-0.012991193695960282,-0.9219039386809825,15.6157539101963,0.026434624519836965,0.22117887549396978,0.19654348068798938,0.14339614797960626,0.0791031976760698
momentum,regime2,"(40, 15)",0.25151817538295607,0.25151817538295607,0.21293219448816442,0.16098089151838543,0.11807082652105073,0.27636551121828895,0.23624851594138732,152.4029484029484,95.59570565640533,0.036695136774702666,1.5154242486523717,-0.01336377575740717,-1.0007311245522703,15.200419852652578,0.026481447426122136,0.2823865037076473,0.08449356798763889,0.16677164066270364,0.12066191089658508
momentum,regime2,"(40, 20)",0.22299900415644208,0.22299900415644208,0.18917343919025897,0.1410879914117879,0.1136085410290261,0.21620259549843643,0.187503947619368,158.61916461916462,94.14785688505641,0.03190179841999785,1.3623438209690875,-0.016763232985542213,-1.3125603763718354,14.957301483883967,0.026794284617283275,0.2477391098373881,0.08324482739693391,0.1514769327730284,0.11375955476351284
momentum,regime3,"(10, 10, 15)",0.21157721270013252,0.21157721270013252,0.14798571559386356,0.32192924815264923,0.3282790153934686,0.3456638016632435,0.25121012209932714,101.65356265356266,46.70108953021998,0.033953101974401,1.295339547880175,-0.020272400120210487,-1.377201497540265,14.392093632069693,0.026851221541487027,0.17775594827863492,0.09818032079454353,0.10071219621696037,0.053499890499881284
momentum,regime2,"(40, 30)",0.19652180752936083,0.19652180752936083,0.16619881923396698,0.12342788356511951,0.11158700945219373,0.15731403920469542,0.14121026129275713,167.58722358722358,87.79087060472675,0.023510699554840093,1.1835955307534922,-0.020416951407844275,-1.8227692723395337,14.335927521069719,0.02706173745527933,0.1892745151766304,0.1306292961471851,0.13736946548345635,0.10858373364799165
momentum,regime3,"(10, 10, 20)",0.20398156001280573,0.20398156001280573,0.14086438667880594,0.32013271206413463,0.3289794848407193,0.35066865466673663,0.22530056649333496,102.55036855036855,45.21664020240877,0.03256844443819001,1.2418095176959802,-0.021403914232266875,-1.4631366871901614,14.347446106573681,0.026750131588841267,0.16938739422212873,0.09305977463322175,0.0948961745981952,0.04899315457799828
momentum,regime3,"(10, 10, 30)",0.2140325363035303,0.2140325363035303,0.15080145299023426,0.31933963913023683,0.3303633285904863,0.36036044283383084,0.19683470958877222,103.35626535626535,47.477053490442,0.0343126527419047,1.3163630689660646,-0.019060919132228675,-1.3149445280209597,14.382360116672256,0.026711778230554983,0.17651134429906165,0.10924278608398443,0.10508502074008919,0.05943946795399121
momentum,regime3,"(10, 10, 40)",0.2149982125255813,0.2149982125255813,0.15175957019548744,0.31936116578757673,0.33066868488335555,0.3622113906640155,0.19257312900395207,103.75429975429975,47.6773137177981,0.03447193683382695,1.3237754945797633,-0.018784736981226825,-1.2950016008009824,14.378795274420456,0.02667536583092553,0.17714983593849332,0.11089866356032348,0.10613884673411896,0.06059744053267691
momentum,regime3,"(10, 15, 20)",0.18409770587305985,0.18409770587305985,0.12532134811388543,0.2995267535019196,0.3312433510412897,0.2507268165722649,0.19062438739559262,105.85503685503686,43.28689358574725,0.029036817745091037,1.1055534894579961,-0.024925007954264264,-1.724373834936819,14.20843876336212,0.02686396427978376,0.15592355175674533,0.0723103139507022,0.09047137449493586,0.05563299586709341
momentum,regime3,"(10, 15, 40)",0.19745620360997185,0.19745620360997185,0.13860310464647047,0.2988695251563537,0.3332118479728653,0.2656114953144315,0.1523618551277742,107.56511056511056,46.435901375049056,0.031237559505045823,1.197000036024297,-0.022039009958939322,-1.5268536376812027,14.233012301160896,0.0267342621635422,0.1671442133730487,0.09060789470196672,0.10430247565464149,0.07001396386325029
momentum,regime3,"(10, 15, 10)",0.22005081240264462,0.22005081240264462,0.15771855505514057,0.3192348551802056,0.32840648829655655,0.258832545165322,0.35532735170106183,102.44963144963145,48.881112680919024,0.034412004800404516,1.3331588386421012,-0.019961600022948243,-1.3688253335728577,14.205460919629747,0.02699192500988198,0.17155699785556022,0.13997532333205773,0.11418671853566967,0.07075390285180473
momentum,regime3,"(10, 20, 15)",0.20180853816274122,0.20180853816274122,0.14275673826940055,0.3002469553246491,0.33178400725266083,0.21469619916519628,0.24602060436634357,106.08353808353809,47.13031526924103,0.03242171392230503,1.2676218351664599,-0.020815658143844593,-1.4494627091933514,14.189421700365294,0.027248609012859724,0.1664592873171554,0.10468270415787792,0.10768945555515952,0.0726222379395077
momentum,regime3,"(10, 15, 30)",0.19477025035057619,0.19477025035057619,0.13600536075654848,0.29868195866403313,0.3328481939935713,0.2617020956185994,0.15860834203858945,106.97542997542998,45.845984971882864,0.030851565903045754,1.1800248218215215,-0.02260812519651358,-1.5690123701681544,14.226198323658197,0.02678751258811682,0.16513644417206455,0.08665446533908834,0.1017508211160174,0.06750041235789128
momentum,regime3,"(10, 20, 10)",0.2192950327808578,0.2192950327808578,0.15704740661910982,0.3176009371677791,0.3297675254215958,0.232171962062795,0.3732210195393762,103.6068796068796,48.776064148837115,0.03394971278725281,1.3224912581377866,-0.019843131486313385,-1.35971505103616,14.212607136726303,0.02720173373687554,0.154390971063379,0.1714128356998683,0.11424828723627378,0.07152635539323995
momentum,regime3,"(10, 20, 30)",0.19966461734746374,0.19966461734746374,0.1425625836827327,0.29116005316691806,0.33485440490142826,0.21968060795645902,0.14733612532217014,109.15724815724816,47.92883793374067,0.031918477631679,1.2415411897505213,-0.020802695512901124,-1.4707865607295945,14.127175544995232,0.02705338438199812,0.16001943369309946,0.11681010697224188,0.11263808026428214,0.08268292685383632
momentum,regime3,"(10, 20, 40)",0.20009286912805607,0.20009286912805607,0.14286963752232398,0.29171960845820993,0.3353114339530582,0.22779927745452003,0.13744172291285914,109.91891891891892,47.88502893798073,0.03179039254345059,1.2408030168996536,-0.02055913681114229,-1.4514965794577417,14.112233245902736,0.027003233920229967,0.1608011648308703,0.11619272490393763,0.11292777210311196,0.08296334749389826
momentum,regime3,"(10, 30, 10)",0.21179076038623995,0.21179076038623995,0.14981443975173184,0.3170289792394065,0.3304120851854555,0.2143862245724928,0.3908713592795408,104.83783783783784,47.196233828521095,0.03211570076490493,1.2538702556790409,-0.021372037607140633,-1.4637466364652927,14.178670606935182,0.027335864431891843,0.14733893001393938,0.16313936831771045,0.10773266047232032,0.06572809823014221
momentum,regime3,"(10, 30, 15)",0.193582939675266,0.193582939675266,0.13480083471328386,0.29921867595042545,0.33284596202348743,0.19244784721160255,0.2641011010141146,107.61425061425061,45.280175082192216,0.030376894375014833,1.1845886843223055,-0.022436512126083583,-1.5543695625128682,14.148726933091442,0.027420736932305057,0.15698011722603314,0.09925329415001535,0.10074713749195285,0.06669116257913628
momentum,regime3,"(10, 30, 20)",0.18075986879123512,0.18075986879123512,0.12385807214053547,0.29110434728311746,0.3342915129149228,0.18596713540953824,0.19930157582988844,109.58722358722359,43.36327144093798,0.028190826128799876,1.0881479313908697,-0.024592047439456158,-1.7217964902229954,14.060371123978786,0.027298591853639212,0.1420533261585925,0.09547654224492526,0.09427249494081771,0.0646758923928276
momentum,regime3,"(10, 30, 40)",0.18093970388969302,0.18093970388969302,0.1254511107864052,0.284987481480644,0.3368565498560908,0.18913800845068748,0.1303114037318421,113.05896805896806,44.18158532487935,0.02957549885028954,1.1453074391587785,-0.021900617823533405,-1.526234239102887,13.974954172852135,0.027077431954536657,0.1566031846991572,0.07163259328977094,0.09979760735590143,0.07412115830784075
momentum,regime3,"(10, 40, 10)",0.21622506160755597,0.21622506160755597,0.15434941001192826,0.3169676329628769,0.3310964344078417,0.20596111058611152,0.3987855634255542,105.45454545454545,48.25813616100729,0.03234159416923023,1.2644332016907693,-0.021007069750207163,-1.4358518220365513,14.178716204677558,0.027289657588553094,0.1476355341150432,0.17559838049984977,0.11236369608639073,0.07045074706770046
momentum,regime3,"(10, 40, 15)",0.1979120191526811,0.1979120191526811,0.13916443553098667,0.2991864972239364,0.333608401049967,0.18271292888231097,0.273721493270856,108.36855036855037,46.349151110375374,0.030445081722946667,1.1892068210550546,-0.022143857910259693,-1.5282530922853625,14.158897878847593,0.0273868253047011,0.15615818191523365,0.11393458645883917,0.1051144620192297,0.07106079660921438
momentum,regime3,"(10, 40, 20)",0.18809947453721382,0.18809947453721382,0.13124250960359898,0.2909186481472324,0.33508150285697685,0.17204218760234063,0.21363326579142558,110.58968058968058,45.19742325484576,0.028692183672246765,1.10430200976592,-0.023897863172215983,-1.6641431924603993,14.076482523087524,0.02730833199205966,0.14518666527173313,0.11151867028711182,0.10169922205051678,0.07213742759012082
momentum,regime3,"(10, 40, 30)",0.20549738206311935,0.20549738206311935,0.15033401588370773,0.2845084691839493,0.3370941946945205,0.16565575217451656,0.1593465151176761,113.33169533169533,50.28341061144813,0.031031273847365298,1.198611715664296,-0.020638081553111573,-1.4349658648824126,13.93849115987469,0.027223071113687058,0.16640463641160047,0.12749353029993657,0.12517015949989949,0.09997387755474722
momentum,regime3,"(15, 10, 15)",0.19479793597760198,0.19479793597760198,0.1427377973443578,0.2510440325219425,0.22545726922841233,0.3504732968574678,0.25121012209932714,113.7911547911548,52.973950860648905,0.03392266775211043,1.2869776023122301,-0.01993332278310408,-1.387795097825334,14.573672687626448,0.02697587207245454,0.2148741081864085,0.002154556501769751,0.09291301289929013,0.04317739004387121
momentum,regime3,"(15, 10, 30)",0.19695298980198597,0.19695298980198597,0.1454217370970337,0.24831228958366258,0.2273136432327509,0.3652642699042577,0.19683470958877222,115.58968058968058,53.970216480815246,0.03427677493165802,1.3071408492590428,-0.018732488594423273,-1.3241371395279067,14.53920289689177,0.026829908176650635,0.2132128817273771,0.01418575061466761,0.09721221988617788,0.049103187607106365
momentum,regime3,"(15, 10, 40)",0.19786214487476403,0.19786214487476403,0.14633264412829552,0.24828868815854377,0.22754925308050253,0.36713495555434233,0.19257312900395207,116.012285012285,54.20975438537365,0.034420633424287764,1.3138863662442635,-0.018470595192384486,-1.3044116170392377,14.534431183706058,0.02679178803788526,0.21385150826797558,0.01582103420498289,0.09822160738006658,0.050221076242995065
momentum,regime3,"(15, 10, 20)",0.186504644926613,0.186504644926613,0.13506308704005915,0.24904981273893007,0.2258501911734678,0.3555724817371635,0.22530056649333496,114.75675675675676,51.057519108860795,0.03254342831297524,1.2337882641042222,-0.021061445848553347,-1.4750805443824688,14.5027189718427,0.026869241049447844,0.20574327077795454,-0.0033930567454939432,0.08660172474128079,0.03823435103104466
momentum,regime3,"(15, 15, 10)",0.21221341730971513,0.21221341730971513,0.1619401166293414,0.24769188691619978,0.22747990193361609,0.24935896622211323,0.3600620258306417,114.85257985257985,58.95440784613393,0.03582160107052436,1.364561068388944,-0.018549517983081902,-1.2965434939716882,14.374627425432333,0.027229072487731088,0.21395175235300506,0.06662108555856416,0.11704625415599819,0.07226960777728164
momentum,regime3,"(15, 15, 20)",0.1775574012523415,0.1775574012523415,0.13238525714419072,0.22376855634772275,0.22554875629821025,0.24094847126636132,0.18857434484774135,118.65110565110565,54.02996580729437,0.03142626031345732,1.176799116605171,-0.022449810506328383,-1.58412021973783,14.221951450560198,0.02714526852457887,0.20488005266905138,-0.011138932893726496,0.09699498841656344,0.061611192527749194
momentum,regime3,"(15, 15, 30)",0.1854264841103067,0.1854264841103067,0.1402767044916459,0.2228260174253578,0.22733227839156642,0.2519233552015213,0.154748341984094,119.85012285012284,56.54434674174984,0.03277956463310593,1.2312864881705303,-0.02057081256099669,-1.452047131914932,14.245286612029668,0.027060754213819274,0.21069452447774387,0.002155717240229176,0.10566789402043945,0.07106634210484442
momentum,regime3,"(15, 15, 40)",0.18819153607352948,0.18819153607352948,0.142935773924305,0.22307270212222596,0.2277330013206688,0.25616393533931286,0.1482890021781239,120.48648648648648,57.303576643001804,0.033157664745717366,1.2477934461722076,-0.020009292500866464,-1.4097481592681858,14.25389507554245,0.027002638971652337,0.21283720438857037,0.006257149899389215,0.10827380339871297,0.07362760850212803
momentum,regime3,"(15, 20, 10)",0.20561738507190888,0.20561738507190888,0.15621610630849314,0.24405093666807626,0.22735043269424718,0.21578483809911794,0.38017830315010465,116.2948402948403,57.80253560506829,0.03482446597385138,1.337217808287055,-0.01899845247750457,-1.3421773565191337,14.318662976810105,0.027497340935641924,0.1961000416289125,0.08586460812996394,0.11344257239846145,0.070739146789262
momentum,regime3,"(15, 20, 15)",0.187338321579375,0.187338321579375,0.14235535176388261,0.22311161398147472,0.2246968945656428,0.19744602820969487,0.2515789754901988,119.06633906633907,56.994687672590274,0.03371954223164329,1.298061773514124,-0.019563110628598737,-1.4085496129132564,14.172533610009266,0.027627916566441015,0.21474227397217882,0.001704937713648425,0.10767246866032745,0.07298538848479806
momentum,regime3,"(15, 20, 30)",0.18252495149116268,0.18252495149116268,0.14001463975692524,0.21294040485124902,0.2281350088319738,0.20210398020072823,0.1424562342304926,122.45454545454545,57.96100967254783,0.033025647337347794,1.2639194130196483,-0.019598504994762938,-1.4281659093471963,14.028517213749426,0.027406946011009917,0.20400806955598738,0.016656642757724768,0.11162614257546809,0.0831971334163579
momentum,regime3,"(15, 20, 40)",0.18301710571073715,0.18301710571073715,0.14031553882221995,0.21368595539942895,0.2287149787476831,0.21102025984734518,0.13221301828738777,123.28255528255528,57.83410099855146,0.03289515573591234,1.2630141097549474,-0.019361382840168022,-1.40830290159815,14.01875491195976,0.027347478773466414,0.20509188515273957,0.015373846692966223,0.11179864648186488,0.08324968066770091
momentum,regime3,"(15, 30, 10)",0.19800653638867446,0.19800653638867446,0.148872048353951,0.2423831705471333,0.22796811539113548,0.19117134605843797,0.39902994758669585,117.7960687960688,55.835648992412715,0.0323874488542692,1.2566972235924747,-0.020919604299413523,-1.4918673111210332,14.292463397085031,0.027745165745856355,0.18667591748486947,0.08229828579323144,0.10727223665857959,0.06575418191706271
momentum,regime3,"(15, 30, 15)",0.1793225316057352,0.1793225316057352,0.1345491667349962,0.2211066983397229,0.22573774628523574,0.16836347480741498,0.27180745236637965,120.88452088452088,54.73876650825615,0.031126466631168477,1.2055235804312088,-0.021536414176946215,-1.55847563312674,14.162070347530843,0.027905159822004824,0.2032697746802499,0.0013182357432613956,0.1012881770398285,0.06802944981737645
momentum,regime3,"(15, 30, 20)",0.16760377658891107,0.16760377658891107,0.12516658155459623,0.2121346180930482,0.22719900876804744,0.16128941221667656,0.20080287963855517,123.06142506142506,53.204017351570975,0.029384487511749054,1.1279425289295433,-0.02318764603089072,-1.6980078156396552,13.997598550353844,0.027787560161660882,0.18770998317794335,0.0036705781245025292,0.09715562797694713,0.06912775778322061
momentum,regime3,"(15, 30, 40)",0.16413689209705914,0.16413689209705914,0.12330613560038192,0.20586755966065445,0.2305286662993112,0.16518666997064646,0.12518657290049603,126.7985257985258,53.468406011820896,0.030262849248538656,1.1644341677714862,-0.02094019320715985,-1.5219185418512027,13.853620259315566,0.027609824837372395,0.1998801899218876,-0.02844230979986363,0.09990947534930636,0.07648742321137098
momentum,regime3,"(15, 40, 15)",0.18193254233282574,0.18193254233282574,0.13697991413911795,0.22161752894133824,0.22732313301354568,0.156290355625914,0.2845873708517191,121.75675675675676,55.462106556217755,0.030935733414467887,1.197471534414213,-0.021431521250702988,-1.5391314707195811,14.192194931144932,0.027899750050665407,0.19892475100739682,0.019304291918608597,0.10341820764002548,0.06987667055297742
momentum,regime3,"(15, 40, 10)",0.20098687474260454,0.20098687474260454,0.15183267666976483,0.24271455099231268,0.2294300123763844,0.1804103164583786,0.4091349127503287,118.52825552825553,56.669117342324206,0.03239656461105076,1.2566524887236894,-0.020709840285835307,-1.4706499735111578,14.292284081076241,0.02773005291732527,0.18402563479513753,0.09717202044211341,0.11018907680367793,0.06864269966242977
momentum,regime3,"(15, 40, 20)",0.17335103152053072,0.17335103152053072,0.13072197960596263,0.21251086045922277,0.22882718163850932,0.14503864987553067,0.2183435836130659,124.1891891891892,54.97789708794652,0.02962252469469428,1.1314580686594788,-0.022686253547263932,-1.6458193224864548,14.042567218854602,0.02782078817241896,0.18735706804772795,0.02320900877169883,0.10243579502438777,0.0741412558349046
momentum,regime3,"(15, 40, 30)",0.18782416904915264,0.18782416904915264,0.14723317767184008,0.20569237526092599,0.23152687941619982,0.13868787622725978,0.1567789602481233,127.13759213759214,61.265337934613754,0.03149769744656933,1.2062257330873045,-0.0198441223137372,-1.434155723901149,13.80057379316758,0.027780957208496167,0.20629275357587296,0.03637676789337667,0.12432706459216447,0.10140225514746629
momentum,regime3,"(20, 10, 15)",0.20144822049000866,0.20144822049000866,0.15294255664952291,0.22203331030902904,0.17958856572085466,0.36717669213816073,0.25121012209932714,123.37346437346437,60.669102742412306,0.03443036327991948,1.30163317017078,-0.018832237848520034,-1.2960552364621345,15.061404983244515,0.027018000868316468,0.2345305224468396,-0.008247920582853873,0.09983098158863289,0.046805005363188795
momentum,regime3,"(20, 10, 20)",0.19350147196926631,0.19350147196926631,0.14566444734573997,0.21968467227111677,0.17943571767493896,0.3724231434245906,0.22530056649333496,124.46683046683047,58.81486294897118,0.033155427941038304,1.25270703498967,-0.01984873545531237,-1.3739934228099102,14.998670923798322,0.026895636303301808,0.22613964228090225,-0.014125513733354297,0.09393184141313961,0.04228999343516019
momentum,regime3,"(20, 10, 30)",0.2035487226202855,0.2035487226202855,0.1557459201298795,0.21865642661748888,0.18048253573129008,0.3821149315916848,0.19683470958877222,125.35626535626535,62.022192051903666,0.0348448121948389,1.3243359496773166,-0.01756406677811894,-1.2275791300736005,15.022510399279321,0.026849957092877418,0.2337763660667533,0.002253188371468884,0.10425014482636585,0.052852839419736626
momentum,regime3,"(20, 10, 40)",0.20469080986318383,0.20469080986318383,0.15690712118717712,0.21852949204958916,0.18057065380364748,0.38398330320204527,0.19257312900395207,125.8034398034398,62.38745460309187,0.035016740115115005,1.3322832076463718,-0.0172700275574972,-1.2059049530035417,15.018610996336104,0.026809960336399992,0.23447082467814886,0.004594403108379609,0.10550749043660193,0.054217238158975556
momentum,regime3,"(20, 15, 10)",0.2223060689224002,0.2223060689224002,0.17555422281041952,0.2163294037856275,0.18066181865372338,0.25492615232548477,0.3625700344666513,124.74447174447174,67.44755974246064,0.03404713283338777,1.3270298794945115,-0.019008209629729066,-1.346295819316755,14.630352352101731,0.02732548499419665,0.24498546065802862,0.047133355895143766,0.12735227613856004,0.07928215648569995
momentum,regime3,"(20, 15, 20)",0.17752531799194318,0.17752531799194318,0.13664256910159542,0.19089543496833916,0.17710523815589177,0.24782473841249522,0.18610696983457273,129.07371007371006,60.38760644435683,0.028787711114791732,1.1009985242362956,-0.023850616935704227,-1.7014055307448928,14.443622480793426,0.027175498298492952,0.22702955902183594,-0.04184472608021395,0.09891908818519946,0.06120747246239673
momentum,regime3,"(20, 15, 30)",0.18433415471051434,0.18433415471051434,0.14353644327468146,0.1896989669109399,0.17856459449578477,0.25902801661400904,0.15172178966254005,130.41523341523342,62.937709381470356,0.029988906509793106,1.151031561496884,-0.022122322293712582,-1.5830250924134068,14.466340073076354,0.027090032154340835,0.23269096113996807,-0.03152555624147274,0.106595439691264,0.06966926215275512
momentum,regime3,"(20, 15, 40)",0.18761742682699242,0.18761742682699242,0.14670413572702462,0.18983098308782784,0.1787976882923916,0.263251548020019,0.1453060727249067,131.0933660933661,63.98506420013504,0.030409578426315663,1.1694080127894964,-0.02151080655068506,-1.5363363472506173,14.48488478635079,0.02702832530062607,0.23505370459514396,-0.026279505537309383,0.10969909927262694,0.07271865904248567
momentum,regime3,"(20, 20, 10)",0.21355456352129268,0.21355456352129268,0.1678916473170944,0.21163946914794698,0.18044370056093426,0.21432911827120882,0.3849045470022168,126.46437346437347,65.81345474914193,0.03254429605919724,1.2888430990762,-0.01985438011055098,-1.4260531774780227,14.55137881464754,0.02761541997767124,0.2225861240012637,0.06976611377679569,0.12227379301325937,0.07672996505258586
momentum,regime3,"(20, 20, 40)",0.18266591917995556,0.18266591917995556,0.1449733204785288,0.17847562434769576,0.17914462752801005,0.21060858252808518,0.1277615673401421,134.3857493857494,65.55310779972224,0.030047377255145544,1.1910935073556403,-0.02069239220733233,-1.5356107373354098,14.135674636826012,0.02737120128287767,0.22818536104477272,-0.014634172162605081,0.11520720227847055,0.08540820175431496
momentum,regime3,"(20, 20, 15)",0.18719062250902038,0.18719062250902038,0.14658065949767385,0.1895433063349982,0.1764385800815946,0.19602641082296055,0.2545128189019057,129.63144963144964,63.608103435218226,0.030642067522483885,1.2152060987660347,-0.021243267591040872,-1.5524541515937444,14.354903574551042,0.027674114282944796,0.23532219157649834,-0.023789029935075083,0.10966078191687836,0.0727365278792304
momentum,regime3,"(20, 20, 30)",0.18132791200173773,0.18132791200173773,0.14381207507817462,0.17782623647928075,0.17877345980053214,0.2011371431763672,0.13841208423682697,133.49631449631448,65.41883619525457,0.030066407104811017,1.187460643385224,-0.021041517712300263,-1.5634429574099857,14.149029991771346,0.027437530622243998,0.2264161259299641,-0.014685486645795429,0.11417165848682068,0.08448986341639084
momentum,regime3,"(20, 30, 10)",0.2008260534184754,0.2008260534184754,0.1556006969029844,0.20956505855990765,0.18129514293876742,0.18359350895020446,0.40805664171815087,128.32432432432432,62.12323626320742,0.029224396537868503,1.1807925354381597,-0.022513927357188563,-1.640692772137528,14.483433802962647,0.027933323594812615,0.20528627508677627,0.06696312427823496,0.11163690034130463,0.06777504915455917
momentum,regime3,"(20, 30, 15)",0.17370416962402865,0.17370416962402865,0.13344432575441884,0.1872360544391497,0.17769534977963455,0.1608155355919353,0.2800012144221289,131.84029484029483,59.27955520629916,0.027138448466405226,1.0932112607323783,-0.023999238845878457,-1.7728603941039955,14.310060599506416,0.02804572776989429,0.21539880925293858,-0.023054749770194012,0.09835973544567227,0.06329217318962264
momentum,regime3,"(20, 30, 20)",0.16116865853619775,0.16116865853619775,0.12371688094285427,0.17733958588194712,0.17867032005740077,0.15287926256856516,0.2054930878029081,134.32678132678132,57.99017298153979,0.025486870468894217,1.018250638531055,-0.025572444938976223,-1.9147350182785547,14.092310102450703,0.027914949831723965,0.2001258722410712,-0.022959336324754814,0.09478383524094079,0.06584352128197449
momentum,regime3,"(20, 40, 10)",0.20780211843080912,0.20780211843080912,0.16258721291742337,0.20966070860684807,0.1830708121638985,0.16847664315224106,0.420820055966528,129.1941031941032,64.32783813336955,0.029677507078878302,1.194946136855123,-0.021895550070258115,-1.5885079679857892,14.493406379115328,0.02794188861985472,0.20648369384334936,0.08632926765340457,0.11890901736900449,0.07533913091917444
momentum,regime3,"(20, 40, 15)",0.18085897015379862,0.18085897015379862,0.14041955271984066,0.18760762099551417,0.1796134670539917,0.1441473320326882,0.29646643726908767,132.85257985257985,61.617203453225585,0.027434035531124622,1.1011330860299298,-0.023423200841533605,-1.717517924353624,14.349759642465603,0.02806255843065173,0.21558852269632822,-0.0001572702826088436,0.10534930770052442,0.07030612264556362
momentum,regime3,"(20, 30, 40)",0.1541736306190691,0.1541736306190691,0.11874293915956131,0.16984536951599097,0.18184223870587934,0.15726014055901416,0.12007758679461109,138.54299754299754,57.69944592931657,0.026015568231671116,1.0415602920364664,-0.02357071497147095,-1.7533209797704359,13.913688991502102,0.027793124616329035,0.2107990997707357,-0.06117750706033253,0.09538731003142673,0.07201845457777635
momentum,regime3,"(20, 40, 20)",0.17167606795058254,0.17167606795058254,0.13400679799933987,0.1776738340402563,0.18064213538242094,0.13206401745850826,0.22740421462611354,135.59459459459458,61.66166697000639,0.02620754465620355,1.0384258388333394,-0.02460319865201753,-1.8244902598031212,14.151850783218242,0.027967662390361143,0.20457978269993893,0.001605959751725889,0.10508376703135128,0.0761542160125249
momentum,regime3,"(20, 40, 30)",0.1838829869098654,0.1838829869098654,0.14872940140631696,0.16979287524873174,0.18305153606918748,0.12549184499929408,0.15916318595272225,138.93611793611794,68.8269782455875,0.027794294966464256,1.1047720917689985,-0.02193045690381378,-1.6235918139736625,13.832046224879889,0.028004042136207743,0.2223649513123947,0.011480838635390338,0.12627973393841313,0.10381923825301013
momentum,regime3,"(30, 10, 15)",0.21474910217632914,0.21474910217632914,0.16693302544273383,0.19932651341446014,0.14236859878292454,0.3853794904160047,0.25121012209932714,136.9189189189189,68.54040892742728,0.034304146603186314,1.395925026625544,-0.01722657226118523,-1.2827350435181144,15.691369244755212,0.02670522720979602,0.23111174134162074,0.04432905577985651,0.10823508378305711,0.0497092214829175
momentum,regime3,"(30, 10, 20)",0.20512737402787173,0.20512737402787173,0.1579893222702752,0.1967524185802953,0.1418162842250293,0.39092303174801546,0.22530056649333496,138.23587223587222,66.16798125575009,0.03296981244612775,1.3410372715466272,-0.018270948460398367,-1.368612995564841,15.643421981792514,0.026620034515936895,0.22262340304428202,0.03313381586868233,0.10066515101623384,0.0435212429622083
momentum,regime3,"(30, 10, 30)",0.2143500377141726,0.2143500377141726,0.1672704741806893,0.19534856754085977,0.14231215952438103,0.40066408499680983,0.19683470958877222,139.33169533169533,69.45141761243042,0.03454611417771935,1.4157369664352817,-0.01610568749414082,-1.2277235651604654,15.68611087736696,0.026546657762127376,0.2296580264468365,0.0480972554984543,0.11015043068370405,0.05322250351337722
momentum,regime3,"(30, 10, 40)",0.21581406647857132,0.21581406647857132,0.16875544548650806,0.1950899674442452,0.14220562783381577,0.40255564376447295,0.19257312900395207,139.86240786240785,69.98727127819939,0.03476165417689465,1.4264868356215876,-0.015758692618965144,-1.1998056820555563,15.6894271289709,0.026497382040495142,0.23124041841499918,0.049550699900132625,0.11171695947269679,0.05488326176810328
momentum,regime3,"(30, 15, 10)",0.2511711064588876,0.2511711064588876,0.20658069123547274,0.19185765697290783,0.14240600082752364,0.2662809957334107,0.3640849892883557,138.47665847665849,81.86244427517673,0.03584676045095645,1.473100157077608,-0.015839095648621584,-1.2007117471252782,14.966036332514298,0.026996488013437167,0.2641796419761745,0.10444353778200398,0.15528360761291857,0.10417019778355083
momentum,regime3,"(30, 15, 20)",0.21363919077277754,0.21363919077277754,0.17555744831055878,0.1643081466020895,0.13605388588857176,0.25987857866322345,0.1852595166456143,143.6977886977887,80.27129328035431,0.031991461619713404,1.2905890893702745,-0.019238537674032864,-1.4719452950458995,14.867285672166846,0.026801915697415,0.2553358060540974,0.021874301757791634,0.135230676195182,0.09493342803205145
momentum,regime3,"(30, 15, 30)",0.220273334140304,0.220273334140304,0.18249045575418837,0.16253415218576156,0.13665754869116592,0.2712228336760592,0.15082778505923014,145.36609336609337,83.41862510971464,0.03320199463927966,1.346062994310941,-0.017510560719472143,-1.3548117998610625,14.866530532548381,0.02667531280857147,0.2615256257984532,0.031011857538843994,0.14293082755457154,0.1034054496278173
momentum,regime3,"(30, 15, 40)",0.22388145431567238,0.22388145431567238,0.18598755352771698,0.1624961795395254,0.13663602708854775,0.2754804814057634,0.14442476473637084,146.15970515970517,84.74647259020647,0.03364890020575963,1.3674008342056825,-0.01686129454043552,-1.3026673328967362,14.893725206730666,0.026602300739523417,0.26489533423418227,0.03517180212757828,0.14633096233186027,0.10671955099104202
momentum,regime3,"(30, 20, 10)",0.23138249103673222,0.23138249103673222,0.1875937801281504,0.18575160183490222,0.14146355322634532,0.2157770983768487,0.39347049298026315,140.66093366093367,77.07924031971993,0.03231683090531015,1.363128374792564,-0.018568562072067495,-1.4411261039177687,15.060664819624959,0.027284800193166727,0.23165022932512203,0.11211303528741866,0.13836949159824066,0.08928170764436152
momentum,regime3,"(30, 20, 15)",0.2098725291175258,0.2098725291175258,0.17145480466117974,0.1629005921823919,0.13629770075860767,0.19777541024733936,0.2630877810946627,144.36117936117935,78.63846247655201,0.03118011406824356,1.3218502961334586,-0.019145409707723573,-1.5197757374842302,14.96375141307136,0.027336337760910816,0.24824351414212703,0.027548953733787355,0.13113998577345265,0.09085789242895219
momentum,regime3,"(30, 20, 30)",0.21510619162823622,0.21510619162823622,0.1810050701620534,0.1483674118179051,0.13546286731299784,0.20587221182567414,0.13770821659443555,149.34152334152333,87.93778988352732,0.032135079626272794,1.354765355667177,-0.017402271621938477,-1.421219892238628,14.604373785652978,0.027098823359561108,0.2570412283735783,0.0382299148849785,0.14910159406600565,0.11717199794248588
momentum,regime3,"(30, 20, 40)",0.21244518973963467,0.21244518973963467,0.178175143014248,0.1487343259835611,0.1358718396394583,0.215330300913038,0.12456312502102884,150.4078624078624,86.48185860624832,0.03164496700849285,1.3389222623237793,-0.017433082302319988,-1.4214270509580942,14.603573042173666,0.027012286140773913,0.2580148840463827,0.027309313394464747,0.14615975151548485,0.11413487517373427
momentum,regime3,"(30, 30, 10)",0.19897496606695503,0.19897496606695503,0.15555456048825472,0.18203476214817207,0.14176110902279235,0.17624524666589952,0.41924180450444676,143.2113022113022,66.29652648461631,0.025567381743249767,1.1593544587939109,-0.02407492946100244,-1.9651840388172914,14.966524432090397,0.027662517289073305,0.1832656930662264,0.11050346358689316,0.10836283851830676,0.06136469882542511
momentum,regime3,"(30, 30, 15)",0.17509212370842944,0.17509212370842944,0.13707303158533743,0.15895895132848167,0.13675421345031424,0.15380680635747435,0.2926039941341435,147.34398034398035,65.74371999378285,0.024112382437104164,1.0933399212862864,-0.024911186109260203,-2.0745746570338803,14.871782905570885,0.027865673165254668,0.19631992445805962,0.028165798855051855,0.09911827553678867,0.061240634328606325
momentum,regime3,"(30, 30, 20)",0.17872859835631733,0.17872859835631733,0.14372418884353821,0.14704623489070948,0.13580535022199247,0.14629314714791897,0.21199396791349606,150.57493857493859,71.0820305098197,0.024595835820367996,1.1126728918214894,-0.022937469352434424,-1.9819610529904632,14.594349769048414,0.02777618446713319,0.20599081303472647,0.03020678541830071,0.11223092051088449,0.08076148608215533
momentum,regime3,"(30, 30, 40)",0.17006419547047694,0.17006419547047694,0.13791109032763985,0.13756609201922676,0.1376047698422962,0.15108617839992233,0.11760707586837689,155.92874692874693,72.13313492286788,0.025318907078027426,1.1471814104804592,-0.02061404667506928,-1.7647553057822254,14.3648775080298,0.027509127902115443,0.21993381299351533,-0.016579469149565068,0.11304457227983633,0.08821119834981199
momentum,regime3,"(30, 40, 10)",0.20994503420331703,0.20994503420331703,0.16644615255602122,0.1809514025415045,0.14241149223663546,0.15704585552845204,0.43476019171221736,144.5012285012285,69.77567341463465,0.02532771049992602,1.167584805713063,-0.023657811302633183,-1.9241783119247378,14.948315743988399,0.027782698553292,0.1768477788889987,0.15463311026160723,0.11983555637443072,0.07342220230524019
momentum,regime3,"(30, 40, 20)",0.197026614258719,0.197026614258719,0.16127744094823082,0.14626655577359135,0.13671510483468602,0.11883084303494969,0.24057493770499058,152.38083538083538,77.12830366861122,0.024842778086738224,1.1349650437755698,-0.021256105097505515,-1.8301655122242395,14.659431974596192,0.02796984368122897,0.2085739243007923,0.08024961097291936,0.1296069371542872,0.09795680463106958
momentum,regime3,"(30, 40, 15)",0.18787020711054178,0.18787020711054178,0.1493436122888816,0.1583912019533247,0.13765556446349994,0.1329861269496451,0.31326103240090175,148.83046683046683,69.99103214473801,0.023816018478176458,1.0993606826216817,-0.024380783427305687,-2.0300493049217687,14.923821923826585,0.0279814324758145,0.19145480859219516,0.07641785523160612,0.1113010535205741,0.07338420483156065
momentum,regime3,"(30, 40, 30)",0.20930648119399695,0.20930648119399695,0.17673610862106529,0.13725584877275845,0.13806750457310257,0.11239096690094945,0.16894837135964505,156.65356265356266,86.87223574448984,0.02622838605682081,1.2029580293380917,-0.01891452303255463,-1.635287934809995,14.243345700778226,0.027874564459930314,0.22508164812155732,0.0944354455134378,0.15243592737097922,0.12816507657651263
momentum,regime3,"(40, 10, 15)",0.2400131446554311,0.2400131446554311,0.19357114324386127,0.18918827245751776,0.12366796252701505,0.4016084853091932,0.25121012209932714,147.24324324324326,79.78418496940456,0.03680553929322591,1.5122957633419527,-0.01355936273660633,-0.9829837264311992,15.8844864092012,0.026248696256808438,0.23514859443478497,0.12192085210410009,0.1325284268284939,0.07163494321344295
momentum,regime3,"(40, 10, 20)",0.22806738191949671,0.22806738191949671,0.18232822839151056,0.1865270201624629,0.1229603893835167,0.4072701136511906,0.22530056649333496,148.76658476658477,76.70433700398478,0.0351973478703865,1.4448573751369842,-0.014876832777772955,-1.083209966841025,15.837881511839871,0.026227293630719704,0.22575995515161654,0.10548155642457127,0.1226434086610568,0.06312268684535863
momentum,regime3,"(40, 10, 30)",0.2382178968309052,0.2382178968309052,0.19254446875378783,0.18508119262867784,0.12335745496466524,0.4171615439790186,0.19683470958877222,150.0933660933661,80.51117878905659,0.03687703126076729,1.5258551570409322,-0.012596355598277209,-0.9331684236267785,15.882516725275341,0.02612616469043848,0.2333271041106911,0.12242051809654247,0.13300017873706807,0.07363010481460248
momentum,regime3,"(40, 10, 40)",0.23922530933832675,0.23922530933832675,0.1935699646805059,0.18478246496320538,0.12319462612751259,0.4190483968440197,0.19257312900395207,150.73955773955774,80.94159931198608,0.03703244234975448,1.534365433489573,-0.012303194406414409,-0.9107848453622254,15.88925938652373,0.026064699608958408,0.2346404400714679,0.12292659363479602,0.1341013298734766,0.07482123070944172
momentum,regime3,"(40, 15, 30)",0.2403233270277247,0.2403233270277247,0.20404039007260613,0.15197726579946763,0.11636969995553217,0.29193733695612284,0.14988653590430462,156.73710073710075,96.33353342702867,0.035220060613760026,1.4314197500986159,-0.01431116353618165,-1.0666658858060802,15.127519806811328,0.026215674067925573,0.2664077913800582,0.08901076915734249,0.16160546532595,0.11919495053292124
momentum,regime3,"(40, 15, 10)",0.2719124624659314,0.2719124624659314,0.22849931767249207,0.18218947093648563,0.12377435474643045,0.28462591489138966,0.36443012272183956,148.9017199017199,92.52058981317434,0.03811274783366009,1.5737119276637745,-0.012530145703003683,-0.9243791088325306,15.209555296020698,0.02655681605774346,0.2686432033887749,0.16321924541370755,0.17451748314271073,0.12072152063566463
momentum,regime3,"(40, 15, 20)",0.23293826789937,0.23293826789937,0.19619122208492268,0.15406550854818546,0.11635382389833317,0.2799676228494806,0.18445079047945578,154.74201474201473,92.40784980257081,0.03394727483310402,1.3726326943160985,-0.0161125912725617,-1.1891185741275592,15.159504246147446,0.026377589532835696,0.260400583809652,0.07658416555881653,0.1531191723434249,0.11006862936547575
momentum,regime3,"(40, 15, 40)",0.24431459240755377,0.24431459240755377,0.20794571421420083,0.15183722118002155,0.11618953444833177,0.29625374864911896,0.14346795171113733,157.7125307125307,97.95229543803246,0.035729400145162876,1.456027706815835,-0.013594304051908722,-1.0136019158054566,15.155485272441238,0.02612417931812864,0.2707467123665478,0.09238587122031196,0.16539415073800331,0.1228776847574234
momentum,regime3,"(40, 20, 10)",0.24999290136032268,0.24999290136032268,0.20700078226853888,0.176228403566056,0.12265055783426812,0.2337946376241786,0.39650386559775247,151.48648648648648,86.37482978732892,0.03393026539394017,1.460820261356111,-0.015600473549503667,-1.185997505946879,15.33346098582181,0.026830306469920545,0.2318366575650964,0.17061431766279997,0.15454333112141347,0.10222428107468208
momentum,regime3,"(40, 20, 15)",0.22935585621320148,0.22935585621320148,0.191800049266047,0.15286894941994386,0.11660689969615384,0.21641409926038224,0.2660614730840314,155.5896805896806,89.99186660131737,0.032737685999667795,1.415206906786065,-0.01611550672160671,-1.2454953000992595,15.318552571621098,0.026854326762445705,0.24822995928673358,0.0906381756901384,0.1481917686034019,0.10460889131084788
momentum,regime3,"(40, 20, 30)",0.23675854425605666,0.23675854425605666,0.20458877323929556,0.13662956675875165,0.11343803825524805,0.2270234367960921,0.13638239840413505,161.45700245700246,102.9877735365454,0.03405987991531597,1.4647405747643452,-0.013809210310223929,-1.0965738474751388,14.714834809448842,0.02659890793101584,0.2634566608927957,0.09889907190526868,0.16970239084538924,0.1347726233924387
momentum,regime3,"(40, 20, 40)",0.23311162669737068,0.23311162669737068,0.20083163655467234,0.13673686802549181,0.11332237540907474,0.2371549408839069,0.12312079971345469,162.75184275184276,101.13521833319373,0.03333796043425798,1.4386943371125105,-0.014024478725101453,-1.1123157531405745,14.714714355709694,0.02648926600700831,0.265022035004825,0.08387718033298498,0.16584327545404742,0.13083029566970292
momentum,regime3,"(40, 30, 10)",0.1985041951518584,0.1985041951518584,0.15482145079057136,0.17100168279122838,0.12221558332606361,0.1860106638682405,0.42619361538092654,154.66093366093367,67.33701771303885,0.021676639568706316,1.082908535929849,-0.025665038983374196,-2.0951092913629794,15.309353211345057,0.027113348861211452,0.1464953822032193,0.17676826398256765,0.10311280611475435,0.05167978574678411
momentum,regime3,"(40, 30, 15)",0.1761099426300168,0.1761099426300168,0.13807400891496055,0.14713137813504434,0.1159497705706925,0.16381717898478868,0.29988163985993593,159.34152334152333,68.08421066478144,0.02041124308126996,1.0233479419860603,-0.026142801460838413,-2.1846701357583673,15.298687361533425,0.02734359002361678,0.15884716973381288,0.10545182070741851,0.0956489983939796,0.05334912551066512
momentum,regime3,"(40, 30, 20)",0.18514137530469807,0.18514137530469807,0.15123344851783016,0.1329817344781414,0.112386130688762,0.15604950218109856,0.21628582315549888,163.18427518427518,77.00021876535875,0.021732715451290498,1.093151112426856,-0.023078377584594426,-2.0481630066046153,14.80912357714505,0.0272880720180045,0.1837098899558835,0.09733389847211008,0.11566555717831373,0.08015974777376982
momentum,regime3,"(40, 30, 40)",0.17789365802390036,0.17789365802390036,0.14781663229100914,0.12098988655520575,0.11175513230683247,0.16163203480769875,0.11410575423732601,169.77641277641277,80.87693103729593,0.02269524832431749,1.1473844105857354,-0.020166557617791764,-1.7798870536043248,14.464996093579597,0.02689426342120953,0.19382482481560123,0.0672086006611828,0.11983414740505358,0.09191683978735826
momentum,regime3,"(40, 40, 10)",0.20509938606315498,0.20509938606315498,0.16172469302189615,0.16755699435286203,0.12124174959627142,0.1563012431952689,0.4470609812603829,156.4914004914005,70.21777575473843,0.020563566858971635,1.051245617656879,-0.02572266227816802,-2.0409623440277183,15.34112734671741,0.02725954567423876,0.12712990406178218,0.22936715202806787,0.11121950189691816,0.060986188130732366
momentum,regime3,"(40, 40, 15)",0.18292396022569085,0.18292396022569085,0.14478904949365015,0.14410219781830194,0.11491751185791996,0.13174249534814989,0.3279163796796935,161.42260442260442,71.1877794629759,0.019048218390469857,0.9771461663597625,-0.026274047772750983,-2.1353803192461416,15.41507226415268,0.027476607752859053,0.14088076325029547,0.15803690035487888,0.10286336229937293,0.06111876598272773
momentum,regime3,"(40, 40, 20)",0.19697302166516664,0.19697302166516664,0.1627197095015183,0.1298566834931157,0.11141200042579694,0.11710605450299064,0.25323840164106864,165.63882063882065,81.71108242477514,0.02066518722975489,1.0578843741750805,-0.022294099497138686,-1.9317718186332695,14.920224963078324,0.027512499669320917,0.171555195551789,0.15223122995118316,0.127511489280865,0.09235757271427215
momentum,regime3,"(40, 40, 30)",0.2146682952454182,0.2146682952454182,0.18434507333450648,0.11900639225972537,0.11107757036516856,0.11029866259687257,0.17675538592857307,171.014742014742,96.0731039954011,0.02274478012268346,1.1823090470468127,-0.018892558554281076,-1.6781816113898376,14.364603025977672,0.027344152498712006,0.1882644755220549,0.18355337010367123,0.15717882259133015,0.13007195444436245
reversal,diag,"(10, 10)",-0.0255935300981102,-0.0255935300981102,-0.2915271442103916,0.9102813048488708,0.922632759892367,0.8879850943641969,0.8726775075094365,100.0,-1.6810915143653504,-0.07798760725742399,-3.7641607284724734,-0.05439095972802742,-2.8812935315960404,17.61891128713138,0.0275765796612848,-0.35529409987353266,-0.19518278754500934,-0.4689439442895703,-0.6339759779891382
reversal,diag,"(15, 15)",0.0026561132815609233,0.0026561132815609233,-0.2537049667696407,0.8675792719876654,0.8823367960806969,0.8496363754144659,0.8099531641361175,105.28501228501229,0.18076149258747848,-0.07161271287521502,-3.548681826141248,-0.04803339484160238,-2.628456646168121,17.598179839051316,0.027444121505182745,-0.310022981769281,-0.1680030267940627,-0.42266710969693283,-0.5810131463611151
reversal,regime2,"(10, 20)",-0.047647543805712775,-0.047647543805712775,-0.30558524878306986,0.8844276064083096,0.9221941065578608,0.8179970519387207,0.7669024950844591,103.34398034398035,-3.20539145980962,-0.07909765410494744,-3.8754085591992298,-0.05509175189212119,-2.9633932583509006,17.52594719400179,0.027494842284186898,-0.3621667462573118,-0.22008138625013451,-0.4662700050203091,-0.617020023515629
reversal,diag,"(20, 20)",-0.013004088809442763,-0.013004088809442763,-0.2591724011936339,0.8283626710802899,0.8432178400266837,0.8129663397514374,0.7664639552048981,110.53316953316953,-0.9244296537894136,-0.07203745116280638,-3.6399663574732695,-0.04790369174383221,-2.673413971903706,17.65455205638742,0.02737849927124692,-0.30366075885115007,-0.1922446886618825,-0.4205943169954863,-0.5724363013044651
reversal,diag,"(30, 30)",0.02575181329788257,0.02575181329788257,-0.2024411541788495,0.7423016212683747,0.7566927280089166,0.7280281476940319,0.6813994064006362,122.11547911547912,1.9785150463329437,-0.060996060466185525,-3.0986562879138186,-0.036320247788020586,-2.0078870138949645,17.670844938527132,0.027387934020520047,-0.2110381275712785,-0.19089663748020722,-0.3532719944802493,-0.49703436436592213
reversal,regime2,"(10, 15)",-0.03846658324651945,-0.03846658324651945,-0.3009831845221143,0.8956436156950562,0.9223498828416727,0.8504373514253019,0.8099531641361175,101.73955773955774,-2.548286849734199,-0.07813597555286589,-3.8202779233105804,-0.05461206597756826,-2.926589259765937,17.55543019083196,0.027522935779816515,-0.3607186945482279,-0.21032338289504096,-0.4693936581781141,-0.6267433182922816
reversal,diag,"(40, 40)",0.07690428271878243,0.07690428271878243,-0.1431125507972972,0.6610663918879589,0.67143795067389,0.6563256307380628,0.6090774492627183,135.67076167076166,6.19837859328545,-0.04812801770536866,-2.7744988030716384,-0.02378625947975894,-1.4764431246363237,17.856340032371136,0.027383504456730226,-0.14619335955823445,-0.14005132541510662,-0.289549632991717,-0.4300935209116663
reversal,regime2,"(10, 30)",-0.020188479474765635,-0.020188479474765635,-0.274457537583734,0.8596760460261029,0.9218942091052923,0.7391017831634332,0.6823153035158056,106.60933660933661,-1.3744276269088118,-0.07297082204560422,-3.548842995050891,-0.048266392367611,-2.582619984090422,17.486971345988874,0.027706745767912853,-0.3346645106446176,-0.18278832590004032,-0.4230216052057067,-0.564130227977287
reversal,regime2,"(10, 40)",-0.0244125684049804,-0.0244125684049804,-0.280509208190657,0.8394829742364449,0.9219323768328477,0.6792786885644273,0.6050686245700233,109.80835380835381,-1.6458934825645175,-0.07028565312203798,-3.519790887317108,-0.04587006481910338,-2.5157503657376923,17.45056995932525,0.027870876697830307,-0.31211417551876225,-0.233883139375926,-0.42122195804226353,-0.5556397374440207
reversal,regime2,"(15, 20)",-0.006863033088654166,-0.006863033088654166,-0.2585471881294561,0.8561331560859989,0.8821555232250742,0.8160546059140623,0.7668407939870785,106.92628992628993,-0.4746378661372666,-0.0725762530292726,-3.6021874458696668,-0.048512266540281526,-2.663628356714581,17.566486733721835,0.027424894347765023,-0.311697032316416,-0.17802576243173018,-0.41959218691830846,-0.5711287198161292
reversal,regime2,"(15, 10)",0.014251947634029663,0.014251947634029663,-0.2456256419677114,0.8823801200793225,0.8827677156791688,0.8875178389579247,0.8726775075094365,103.52334152334153,0.9609427183928132,-0.07159998248379663,-3.496675346920922,-0.047957192832136786,-2.5891440944530446,17.662000318379395,0.027499157660109373,-0.30515102467999355,-0.15557014766819335,-0.4236607834047828,-0.5897722884864135
reversal,regime2,"(15, 40)",0.017917648490821888,0.017917648490821888,-0.2311856972528945,0.8106564476402124,0.8813739880961946,0.6760122189912217,0.6055613916777597,113.53808353808354,1.2448613847296615,-0.06374838383062545,-3.237543099720302,-0.03927623018559906,-2.201849108997016,17.4765033499006,0.027827703749612645,-0.26246359644978784,-0.1845745152067903,-0.3718945268817813,-0.5067236043331341
reversal,regime2,"(20, 10)",0.007972518989578233,0.007972518989578233,-0.24655189819845605,0.8552270935823622,0.8441225052475891,0.8864761674278671,0.8726775075094365,107.06633906633907,0.5517468506134252,-0.07115906685799839,-3.528399529908214,-0.04743615918283306,-2.6021979590407556,17.747344642208716,0.027457882184897527,-0.2952903917272726,-0.17343888693098147,-0.4252429840622148,-0.5919054526612006
reversal,regime2,"(15, 30)",0.02263666161027829,0.02263666161027829,-0.22515395628034135,0.8310837501150088,0.8815697019974934,0.7363196445972375,0.6826791374784412,110.26535626535626,1.5860369091772657,-0.06622701547630905,-3.2643474263914025,-0.04145062408372462,-2.2675604912618557,17.52303372650982,0.027649885525951646,-0.2843155265434338,-0.13478063365999646,-0.3738424309806316,-0.5155018433259477
reversal,regime2,"(20, 15)",-0.004689492320671664,-0.004689492320671664,-0.25547940166967137,0.83988151471578,0.843568336143884,0.8463247821716979,0.8095331985185082,108.86732186732186,-0.3279341255646315,-0.07126184156917029,-3.5957246539621206,-0.047613634193299476,-2.6494565421004572,17.683791861867572,0.02740020755815425,-0.30202643058423473,-0.18519324396348877,-0.42473358404740125,-0.5833090455883548
reversal,regime2,"(30, 20)",-0.0034991763565044073,-0.0034991763565044073,-0.23629361552122094,0.7681292235575419,0.7578196507588317,0.8105752114905439,0.7647164546720329,118.57739557739558,-0.2642848570834083,-0.06717649737207154,-3.4371200057301707,-0.043228498613502475,-2.398673463653677,17.720110576421256,0.02717121136801775,-0.24102314430134253,-0.2310420589299562,-0.39990791362577516,-0.5537768560275043
reversal,regime2,"(20, 30)",0.0141053189178122,0.0141053189178122,-0.2280276272768653,0.8030322365657532,0.8423304490165588,0.7328120971409788,0.6823397934053471,113.93611793611794,1.0171382855832682,-0.06609145174961702,-3.3146056328878304,-0.04124728967607143,-2.2934561368505535,17.61707244947497,0.027605501293621024,-0.27621180085341945,-0.15494930823325737,-0.37702973981019666,-0.5189493332258592
reversal,regime2,"(30, 10)",0.022776998580628326,0.022776998580628326,-0.21859418206831568,0.7956911056827826,0.7589347377579154,0.8859580700571607,0.8726775075094365,114.99017199017199,1.6694615835841518,-0.06536149088632719,-3.2767295080502215,-0.041693645113479325,-2.284976214013506,17.808889717603545,0.027258854512786434,-0.23505830962286123,-0.1950068305130834,-0.39982524912918843,-0.5689086981249881
reversal,regime2,"(20, 40)",0.008505215354281032,0.008505215354281032,-0.23474968927683867,0.7823258708138444,0.8418960166496673,0.6711425180065956,0.6062951375649531,117.28501228501229,0.6087871713435216,-0.06369227210317897,-3.2969094113565167,-0.03913430861771758,-2.2343318215439183,17.57646040857774,0.027771340756912344,-0.2548280322544934,-0.20571269126526756,-0.37576937264439486,-0.5108644264356904
reversal,regime2,"(30, 40)",0.023646965154817075,0.023646965154817075,-0.20534726367712167,0.7209435636460317,0.7559979116669224,0.6633536741089381,0.6059161056115293,125.64373464373465,1.8058547633091624,-0.05824267954749819,-3.056725024735942,-0.03385278700132172,-1.9221965135144177,17.63108420036671,0.027541824513517964,-0.18613057565138585,-0.23676011297117694,-0.3480812997554836,-0.4850207403699025
reversal,regime2,"(30, 15)",0.006005696716933517,0.006005696716933517,-0.23172778856182594,0.7796339586793914,0.7581276126111278,0.8441012043225379,0.8076678257081348,116.86486486486487,0.4451815342523675,-0.06610498561149827,-3.3784096292192456,-0.04261185952666714,-2.3626166134970568,17.7514334660084,0.027196014019319308,-0.23915080941014968,-0.22236520580463687,-0.403523371883823,-0.5644263428399396
reversal,regime2,"(40, 10)",0.07672090042066884,0.07672090042066884,-0.15659409912407662,0.7371981772281498,0.6754124519990923,0.8847759779266151,0.8726775075094365,124.4987714987715,5.902874811400746,-0.054916680241204927,-2.9762919616785353,-0.03142178185846306,-1.854961504423412,18.049030631695683,0.027085424169077277,-0.19126565100521561,-0.10361754315973906,-0.3433239138410642,-0.517695130336477
reversal,regime2,"(40, 20)",0.04990485868453169,0.04990485868453169,-0.17440759012102677,0.7093883584799936,0.6739131886700365,0.809097558381226,0.76531189114475,128.23587223587222,3.967965865602146,-0.05667854749997074,-3.1544917250959084,-0.03287013367490088,-1.972360695288607,17.948604324981996,0.027009736067652293,-0.195038017637646,-0.14369697069375295,-0.34271000705942045,-0.5012278251176789
reversal,regime2,"(40, 15)",0.060561405715703516,0.060561405715703516,-0.16904200100218925,0.7212707242590611,0.6744928087760775,0.8442180483921138,0.8074661909681505,126.43980343980344,4.717257110622708,-0.05558139919521033,-3.087603083947067,-0.03226037209942072,-1.9355500909470655,17.991360064078595,0.02703019367537991,-0.19530427492598487,-0.12915680855890763,-0.34624345825210034,-0.5123506737028877
reversal,regime3,"(10, 10, 15)",-0.03732392342159642,-0.03732392342159642,-0.30176367154185707,0.9029362861342278,0.9223560901891603,0.8878348162147596,0.814679945184634,100.75921375921376,-2.4607119526470824,-0.0787553547156833,-3.831291414243606,-0.05512432984309096,-2.9546525787935103,17.595132170059443,0.02752991811883267,-0.3551823404457406,-0.221482216520736,-0.4747997403792441,-0.6358338591470543
reversal,regime3,"(10, 10, 20)",-0.047484294535018734,-0.047484294535018734,-0.3094581540839455,0.8979678766170486,0.9222379498952747,0.8878029379374177,0.7749546708689828,101.41031941031942,-3.1545870722555547,-0.0797018667193101,-3.871145413333503,-0.0558293064966778,-2.9884872085739325,17.581637218167,0.027471808691556996,-0.3616511739139472,-0.23097548115911248,-0.4781408485137301,-0.6349520367974024
reversal,regime2,"(40, 30)",0.08123007049442532,0.08123007049442532,-0.13841397240544479,0.6833892064935835,0.6725232398866626,0.7265892743384245,0.6820357977674272,131.93857493857493,6.5818151029777425,-0.05045033863377898,-2.78863315569154,-0.025890235907998514,-1.5488320064866044,17.912155347386484,0.02720075162986812,-0.16578420300728888,-0.09638042750484617,-0.29378431883694106,-0.44209013054936563
reversal,regime3,"(10, 10, 30)",-0.043251141969706614,-0.043251141969706614,-0.3009454413914889,0.8884806552716976,0.921881929756972,0.88634578491264,0.7018783269195633,102.63390663390663,-2.911164640490504,-0.07852059851491891,-3.7880376325694844,-0.05429634507298288,-2.882215855345463,17.526171732366446,0.02751219512195122,-0.3518058695766822,-0.22404044269518902,-0.4624422235828037,-0.6133525240529414
reversal,regime3,"(10, 10, 40)",-0.049742568485545036,-0.049742568485545036,-0.30887323147229917,0.8818304549399814,0.9218026075044199,0.8864247813540141,0.6480809118094819,103.63636363636364,-3.324298951044093,-0.0789690558116195,-3.850065268579811,-0.0552869786657758,-2.979948286250064,17.515373556492595,0.027536832293311927,-0.3570232372429024,-0.2364322102510179,-0.4679393519773826,-0.6162617269316724
reversal,regime3,"(10, 15, 30)",-0.04280646511652835,-0.04280646511652835,-0.298514477212578,0.8808960825910594,0.9218805016050153,0.8486771141032856,0.6951442765839414,103.6977886977887,-2.8965870181395124,-0.07768903043180145,-3.764169452913896,-0.05355382045274424,-2.841260665186067,17.488510319258197,0.02749501385759059,-0.35544371356562077,-0.21149155661412147,-0.4552476752115489,-0.6022951044697584
reversal,regime3,"(10, 15, 20)",-0.04795961418417859,-0.04795961418417859,-0.30811220102755826,0.890607815554111,0.9222383821928392,0.8504609077718699,0.7695606824082073,102.42014742014742,-3.2009656165051026,-0.07900071525486682,-3.8562609297079367,-0.055238049890645444,-2.956629497691296,17.544429804685656,0.02746114664617068,-0.36672014818011084,-0.2190881857460139,-0.4722790684857925,-0.6255019824494183
reversal,regime3,"(10, 15, 40)",-0.049247173868230215,-0.049247173868230215,-0.30662884962713755,0.8742217524596032,0.9217997691568701,0.8484742866190855,0.6415699177462822,104.74692874692875,-3.3056650162042613,-0.07814670688904433,-3.827616416174628,-0.054592447357644625,-2.939842042575665,17.477750052883202,0.02751324115001482,-0.36095926773112397,-0.22401072950387585,-0.46105839255433917,-0.6056671818271764
reversal,regime3,"(10, 20, 10)",-0.028384055150046557,-0.028384055150046557,-0.29057231144641404,0.8973578688367179,0.9225587163258808,0.8189327815539457,0.8687176825311201,101.77149877149877,-1.8848792920177655,-0.07784863541527048,-3.788094293970482,-0.054303737721093294,-2.8872387628569993,17.560998856652883,0.027593689136373736,-0.3612582318003809,-0.18341965316535486,-0.46023081166806945,-0.619294289448711
reversal,regime3,"(10, 15, 10)",-0.027504773714410513,-0.027504773714410513,-0.29170307757991426,0.9031635972836443,0.9226124052261312,0.8507903485909672,0.8691593112616264,100.93366093366093,-1.8139938883141504,-0.07753002609382215,-3.758424997379777,-0.05412862794247485,-2.8649544871399324,17.57959034624257,0.02756205069003516,-0.36256417367178734,-0.18371417854704836,-0.4646716568979722,-0.6261297132353348
reversal,regime3,"(10, 20, 15)",-0.03884026083589863,-0.03884026083589863,-0.2993629744469627,0.8897120658257887,0.9222961861706759,0.8181878733027832,0.8090595833504166,102.61916461916462,-2.5908053588804862,-0.07835747042803642,-3.846268664607248,-0.054672243077778064,-2.944488639328343,17.536861280628557,0.027549213623580877,-0.3586033058662043,-0.209903735922337,-0.46443719697370317,-0.6193832554131878
reversal,regime3,"(10, 20, 30)",-0.04384402587731999,-0.04384402587731999,-0.29756547318499826,0.8743182553049299,0.9218345227997325,0.816086034049329,0.6894448989676283,104.70270270270271,-2.986500749837076,-0.07786200328512696,-3.784245954590891,-0.05356233409921614,-2.8579423774896324,17.469204991979698,0.027517020837631526,-0.3547970470361151,-0.21045902244383166,-0.45042758044614023,-0.5943566808508597
reversal,regime3,"(10, 30, 10)",-0.00236606320942786,-0.00236606320942786,-0.2646619086262373,0.8839591139204934,0.922642331733176,0.7411787766583272,0.8726977291472191,103.37100737100737,-0.1570415550968358,-0.07294263246652438,-3.529320348550883,-0.048982613113310806,-2.58647770490903,17.551762703420458,0.02780012978585334,-0.3420300248412871,-0.14723472429350676,-0.42983873417651636,-0.5860649293153802
reversal,regime3,"(10, 20, 40)",-0.05527998489855905,-0.05527998489855905,-0.31057105845602,0.8674316324328145,0.9217565194805849,0.8151619406139339,0.6351800240570445,105.80589680589681,-3.736115502749521,-0.07882036411315282,-3.88074693933567,-0.054823498990904815,-2.973756798173606,17.45696943223142,0.027527996203035008,-0.36776303376484637,-0.22388295845998143,-0.46089055007888396,-0.6021160030757398
reversal,regime3,"(10, 30, 15)",-0.010860697974579801,-0.010860697974579801,-0.27168102712404096,0.8760490534069034,0.9223927818625021,0.7393534859648327,0.812392204244527,104.28501228501229,-0.7239259703232312,-0.07300850968288328,-3.5569101632232463,-0.04895369147218764,-2.615799541764257,17.5355787710662,0.027746187645386406,-0.33810808735835834,-0.17112801783859397,-0.4324075645994059,-0.584642187244431
reversal,regime3,"(10, 30, 20)",-0.024959326535617016,-0.024959326535617016,-0.2828970379650848,0.8701267674914128,0.922306260373177,0.7397486786035941,0.7640992576992076,105.08599508599508,-1.6807363691846944,-0.07445072482273758,-3.6422453394116703,-0.05000911286289589,-2.6876520604121064,17.533077629202495,0.02769444694794577,-0.3424928186325893,-0.19280493326871215,-0.43897048452693177,-0.5866985270069865
reversal,regime3,"(10, 30, 40)",-0.029252052198902524,-0.029252052198902524,-0.2846172569628761,0.8515207318071129,0.9218468911736329,0.7376750598488708,0.6182828276643128,107.85995085995086,-1.9784218765286579,-0.07372492808193933,-3.6544078713043446,-0.04935692123407769,-2.702017485004883,17.460151471820897,0.02773576031828755,-0.3394568251917244,-0.20164087100677316,-0.4296560463442048,-0.5673815083862923
reversal,regime3,"(10, 40, 10)",0.006497501233916521,0.006497501233916521,-0.2557512540971765,0.8739674341516319,0.9226880360992316,0.6834756618094046,0.8753524027089178,104.91154791154791,0.43099684355177914,-0.06981721367669763,-3.417418518413061,-0.045801509216703826,-2.422639829595978,17.530187799936034,0.02791309054357071,-0.3092974881912061,-0.17469918838462406,-0.4170401903656369,-0.5705529908035211
reversal,regime3,"(10, 40, 15)",-0.0005054769480512517,-0.0005054769480512517,-0.26109902553375464,0.8660652356855194,0.9224409491342904,0.6815316626611193,0.8152701999121251,105.9066339066339,-0.03368589054300874,-0.06962030292837758,-3.4250477718897376,-0.04537909684238735,-2.42478942032034,17.50858005056901,0.027874698547898816,-0.3016276160825948,-0.20034506485403591,-0.41771006409142514,-0.5670491773327693
reversal,regime3,"(10, 40, 20)",-0.014324883025176665,-0.014324883025176665,-0.2720646018928073,0.8600397518320277,0.9222904831938987,0.6813109028793056,0.7673997171675748,106.78132678132678,-0.9639324489597217,-0.07094821114490785,-3.499982918562397,-0.046352297981409316,-2.487425960078138,17.500001853559624,0.027813266557645135,-0.30749411596311366,-0.21934629945701295,-0.4239109609638093,-0.5685907011945929
reversal,regime3,"(10, 40, 30)",-0.009379479362016075,-0.009379479362016075,-0.26408233183242896,0.8489546209133538,0.9219129164335207,0.6803072986426585,0.6807765928740208,108.41523341523342,-0.6368615291088499,-0.06901528384058654,-3.3810361955861583,-0.04410027441893915,-2.361088997039197,17.464724906490357,0.027822514171221325,-0.2974803825148411,-0.2143677370999629,-0.40858063911921005,-0.5466983113012723
reversal,regime3,"(15, 10, 15)",0.0034708537652010465,0.0034708537652010465,-0.25485742876643813,0.874920500608365,0.8823268117934974,0.8873675608084873,0.814679945184634,104.28992628992629,0.23498461920772043,-0.07225971159331569,-3.5624644747418737,-0.04857016439240828,-2.659256866776529,17.63809246669214,0.02745280338834224,-0.3048682979801816,-0.17951970245089952,-0.4284972358737851,-0.5905920161996449
reversal,regime3,"(15, 10, 30)",-0.0011126884611878801,-0.0011126884611878801,-0.252680084807113,0.8603410852150347,0.8816752559245641,0.8858785295063676,0.7018783269195633,106.18181818181819,-0.07697642674314903,-0.0717589647119604,-3.5055122074438527,-0.047482544443679456,-2.5731477102775857,17.569974556152314,0.027433560346151877,-0.30197737239245304,-0.17777083665262575,-0.41473731799833996,-0.5666404300520749
reversal,regime3,"(15, 10, 20)",-0.006810008234102481,-0.006810008234102481,-0.2626944896157539,0.8699540819483377,0.8822115245941925,0.8873356825311455,0.7749546708689828,104.94594594594595,-0.4646975403341713,-0.07320244436474219,-3.6019469309796532,-0.04927187075515116,-2.693236254326768,17.62463733415422,0.027395144056232137,-0.31158612372964917,-0.188969616607197,-0.43200243369630764,-0.5898733519866133
reversal,regime3,"(15, 10, 40)",-0.007164277520491898,-0.007164277520491898,-0.26010577958520154,0.8536930762904903,0.8815990741745436,0.8859575259477417,0.6480809118094819,107.2039312039312,-0.4921758342246001,-0.07222089522179775,-3.5644932286467257,-0.04848701174885489,-2.6676508257576215,17.557712794831705,0.027455726844183972,-0.30649629467449424,-0.18996425520224164,-0.41977427641648746,-0.569128322828903
reversal,regime3,"(15, 15, 10)",0.012679287277669236,0.012679287277669236,-0.24541714871796963,0.8752091375762482,0.8827567930707819,0.8499893725801313,0.8691593112616264,104.47174447174447,0.8587074619625199,-0.0711147218054296,-3.4882353240253092,-0.047670289686341544,-2.570396392044911,17.62254942652629,0.027483024810884774,-0.3120047837731589,-0.14378076505136073,-0.41895533432151527,-0.5814342178650307
reversal,regime3,"(15, 15, 30)",-0.00032913604871561027,-0.00032913604871561027,-0.24987184693556364,0.8527108686380733,0.8816941958653167,0.8478761380924497,0.6951442765839414,107.26044226044226,-0.022900177218193027,-0.07089979674884422,-3.4789047978368424,-0.046715534262544864,-2.5294232342667518,17.532127622357006,0.027414894023782516,-0.3052344186737024,-0.1648148598028229,-0.40711943864919364,-0.5550978821989928
reversal,regime3,"(15, 15, 20)",-0.006941480447015132,-0.006941480447015132,-0.2609612128559494,0.8625472998519776,0.8822307813408066,0.8496599317610339,0.7695606824082073,105.97051597051598,-0.4760492233462445,-0.07247368377635073,-3.584346505410427,-0.04865611993466395,-2.6586171617169803,17.587270133469342,0.027382860073072238,-0.31625296873755443,-0.17671464500753323,-0.42570377686138583,-0.5799248843355153
reversal,regime3,"(15, 15, 40)",-0.0062808361443622215,-0.0062808361443622215,-0.25742887873536857,0.8460382265231381,0.8816158825112709,0.8476733106082496,0.6415699177462822,108.32923832923834,-0.4335519217540924,-0.07137094387067802,-3.539188845575907,-0.047767992208683885,-2.6247416945453206,17.519900473819884,0.02743078893637528,-0.3099808110834601,-0.17711558403402283,-0.4124113257698775,-0.557987521966973
reversal,regime3,"(15, 20, 10)",0.011744348201353717,0.011744348201353717,-0.24423962028010648,0.869180020160496,0.8826718688805171,0.8169903355292873,0.8687432589923405,105.33906633906633,0.8012023370946453,-0.0714156012733633,-3.515475511379756,-0.04782632907238703,-2.5899305811817976,17.602096021253058,0.027523407757999795,-0.31069677549157787,-0.14338322195404896,-0.4142832799889257,-0.5741862222708046
reversal,regime3,"(15, 20, 30)",-0.0015122525466312175,-0.0015122525466312175,-0.24893845570288964,0.8458851820806246,0.881601534195713,0.8141435880246706,0.6893590293886155,108.2997542997543,-0.10597012858006684,-0.071072859801705,-3.497430389288988,-0.046721073963234556,-2.5439720395838537,17.509369616909847,0.027445407366991918,-0.3044691347196402,-0.16407114725986263,-0.40212826018208325,-0.5467997178466115
reversal,regime3,"(15, 20, 15)",0.002235991991619347,0.002235991991619347,-0.2520310852477018,0.8614279052461359,0.8822518581334612,0.8162454272781248,0.8091142706794244,106.19410319410319,0.15328528719946236,-0.07181685448866121,-3.5723226399318455,-0.04807488711815826,-2.6435864217842364,17.57788730525851,0.027479214440359216,-0.3078914849157915,-0.16749467143327468,-0.41747747715697103,-0.5732417144437676
reversal,regime3,"(15, 20, 40)",-0.012574040752861242,-0.012574040752861242,-0.2614939822045157,0.8389927576909056,0.8815136154438303,0.8132194945892753,0.6351032497826735,109.42506142506143,-0.8743916069877286,-0.07206039360300855,-3.5913126926227004,-0.04801173688200118,-2.657192687294986,17.495814473915818,0.02745414841649521,-0.31668874982152223,-0.17752157199670618,-0.41217079084457425,-0.5541652099305622
reversal,regime3,"(15, 30, 15)",0.030613841215833312,0.030613841215833312,-0.22375604521443915,0.8475644882428719,0.8822418518991255,0.736571347398637,0.8126470483079344,107.9066339066339,2.09778218830525,-0.06650715798858656,-3.286612944207248,-0.04237616313013856,-2.3157734675619364,17.56976353249414,0.02769265979224148,-0.2878547404777025,-0.12658795741508716,-0.38458801501234485,-0.5373934992471299
reversal,regime3,"(15, 30, 10)",0.03811140800646366,0.03811140800646366,-0.2177789366112676,0.8555692586987761,0.8826436388695197,0.7383966380921316,0.8728588054146518,106.98525798525799,2.5994426401839354,-0.06654789924117158,-3.2602613474745494,-0.04252396135050752,-2.290589804237845,17.58556581940054,0.027746210912062516,-0.29198192646974036,-0.10508589231113241,-0.3830630246478088,-0.5398736894427973
reversal,regime3,"(15, 30, 20)",0.01625067575965707,0.01625067575965707,-0.23522962125443417,0.8416533911827803,0.8821741506483765,0.7369665400373984,0.7643382800904516,108.71990171990171,1.1254608874847742,-0.06796172663694362,-3.3711724734424107,-0.0434400590907201,-2.387148241842058,17.56804988077872,0.02764019609085036,-0.29229374768307875,-0.14878276536557247,-0.3914161877863058,-0.5397006785403365
reversal,regime3,"(15, 40, 15)",0.040142627897329586,0.040142627897329586,-0.2136391666609255,0.8373813044797347,0.8821207663203908,0.6782651930879137,0.8155706838568664,109.57248157248158,2.7530040030960925,-0.06326794325502313,-3.161023284504321,-0.03896636117441204,-2.129873875811174,17.536870314114225,0.02783877236818859,-0.25279131474286837,-0.15461969874426387,-0.37018070932912983,-0.5199143545197626
reversal,regime3,"(15, 40, 10)",0.04614329766818495,0.04614329766818495,-0.2093344754023001,0.8453779541242448,0.8825211094547475,0.680209192236199,0.8755512242035369,108.57002457002457,3.1485943593261805,-0.06357099705619576,-3.154169849249936,-0.03950717413902155,-2.131830143884446,17.55813339758166,0.02787708222408154,-0.2606522087147348,-0.1314095125863999,-0.3705517597850237,-0.5244741053883613
reversal,regime3,"(15, 30, 40)",0.013611740924113639,0.013611740924113639,-0.2350972067060351,0.8228520854453258,0.8814193852726506,0.7348929212826751,0.6186102021035907,111.54054054054055,0.9477391591977846,-0.06704679924013127,-3.3679093497627726,-0.042607780937361284,-2.385125223835514,17.490013366473118,0.027675992046122484,-0.2887518884401206,-0.1536227756468539,-0.3802354901471019,-0.5184827715583475
reversal,regime3,"(15, 40, 20)",0.026179733555633355,0.026179733555633355,-0.2247664048343466,0.8313656100942093,0.8819851677103209,0.6780444333061,0.7676954409453338,110.46191646191646,1.8135728100392499,-0.06459593079756981,-3.235003100567052,-0.03993455317366024,-2.191809863411086,17.529168162058053,0.027776381277964907,-0.25856687169962456,-0.17413857660719956,-0.3765826707868365,-0.5216707789891586
reversal,regime3,"(20, 10, 20)",-0.013258604008237293,-0.013258604008237293,-0.2637608434342046,0.8426674939618071,0.8433749073800244,0.8862940110010878,0.7749546708689828,108.5012285012285,-0.9291844697132607,-0.07276700016963411,-3.6339196570275534,-0.048749963253977506,-2.7062775719848027,17.712837409589586,0.027354390766151,-0.30170430985984004,-0.20725662565881903,-0.4336640363698378,-0.5920332401302982
reversal,regime3,"(15, 40, 30)",0.03287632406104775,0.03287632406104775,-0.21501193296313184,0.8201705707542286,0.8814274795591205,0.677040829069453,0.6812007516022157,112.11793611793611,2.299618077131334,-0.06240919289961539,-3.1020500273887603,-0.03743680287556232,-2.049862122883949,17.49562660135889,0.027782975909777064,-0.24821703420165686,-0.16508610235160212,-0.3595016003176882,-0.4980294270192718
reversal,regime3,"(20, 10, 15)",-0.003018370272123142,-0.003018370272123142,-0.2559672450106505,0.8477045193605455,0.8435913809971299,0.8863258892784297,0.814679945184634,107.83783783783784,-0.20981474951680423,-0.07184094580877337,-3.594961811833364,-0.048070307529894864,-2.6732813036947385,17.724819524206843,0.027412057747051646,-0.2949893721869585,-0.1978506174198489,-0.4302381975141118,-0.5928635841904601
reversal,regime3,"(20, 15, 10)",0.005542500033985876,0.005542500033985876,-0.24700400428972658,0.8475698245457842,0.8440782541964574,0.8466777793373633,0.8687043301342534,108.04668304668304,0.3855770924803711,-0.07074106963705565,-3.534163236532158,-0.047228639672291836,-2.5903516474484807,17.70661953457491,0.027439024390243903,-0.3040158789957652,-0.16044440552882183,-0.420847273268595,-0.583562590214238
reversal,regime3,"(20, 10, 40)",-0.01482531025598582,-0.01482531025598582,-0.26230101337530365,0.8261371155153332,0.8423764191963927,0.8849158544176843,0.6480809118094819,110.7985257985258,-1.046762292539161,-0.0718958891831129,-3.605690467784695,-0.04809042410668449,-2.6908413249810583,17.648534872094114,0.027409283546906738,-0.2966601778756248,-0.21119509757036778,-0.42253945183703456,-0.5723656285371522
reversal,regime3,"(20, 10, 30)",-0.008104341426993903,-0.008104341426993903,-0.25429480182636216,0.8329381209720028,0.842671860061114,0.8848368579763102,0.7018783269195633,109.75675675675676,-0.5760295072554735,-0.07140975635892541,-3.5428832341082743,-0.04706013527353803,-2.591640741525493,17.658803821728544,0.027390011590989267,-0.29218194508925593,-0.1975037669842425,-0.41692986182917585,-0.5693210885244231
reversal,regime3,"(20, 15, 20)",-0.01424344468717748,-0.01424344468717748,-0.2626778941033758,0.8347732537457357,0.8433637779754155,0.8463483385182661,0.7690794523532603,109.56019656019656,-1.0040217830936244,-0.07210519429423526,-3.630680662493836,-0.04821319696672614,-2.6783754373792963,17.673898902910903,0.027339018974566007,-0.30821751146518045,-0.19387947099409217,-0.42765908373691036,-0.5820623069598032
reversal,regime3,"(20, 15, 30)",-0.008166003744062462,-0.008166003744062462,-0.2521314843885824,0.8248227876765944,0.8426614104903261,0.8445645448496816,0.6946764446218907,110.86977886977887,-0.5842162136626982,-0.07061785537046117,-3.5290348121961546,-0.04637247815693128,-2.5535439869448022,17.619517474581826,0.027368394646731974,-0.2972847891633011,-0.18340590012735727,-0.40960327179819744,-0.5577520739041818
reversal,regime3,"(20, 15, 40)",-0.014810235356042877,-0.014810235356042877,-0.2602915510195132,0.8180005256822017,0.8423642963921855,0.8443617173654816,0.6411269681919052,111.95823095823096,-1.0515680047833322,-0.07111368066537284,-3.5930225070706157,-0.04745132252727917,-2.6529920860440566,17.60956798797726,0.027381531818238547,-0.30201234568053076,-0.19724924769846872,-0.4154991767806537,-0.5612381863564705
reversal,regime3,"(20, 20, 10)",0.0057607502326434395,0.0057607502326434395,-0.244727954931367,0.841539708251753,0.8439315458798556,0.8139020693666623,0.8683050232963619,108.93120393120392,0.40369692265272966,-0.07087041553810228,-3.552679784627042,-0.0472175719218627,-2.5999230952740833,17.686750580696696,0.027476838961170456,-0.3026997129633801,-0.15710140553583188,-0.41518637832202626,-0.5754232601283051
reversal,regime3,"(20, 20, 15)",-0.003952104377713618,-0.003952104377713618,-0.2527021545923918,0.833729181059807,0.8434216125419935,0.8131571611154998,0.8087113193596762,109.79361179361179,-0.27840115834572327,-0.07129448152483567,-3.61085944456787,-0.04748805710342577,-2.654671190897651,17.664139038062395,0.027432836197223937,-0.2998796471969032,-0.1817299293105985,-0.41855059865079036,-0.5746416630175734
reversal,regime3,"(20, 20, 40)",-0.01995253509178387,-0.01995253509178387,-0.2632522681353639,0.8109599130240476,0.8422099390276889,0.8101312284266504,0.6346696448355649,113.07125307125307,-1.427280781266114,-0.07162714194580203,-3.6363820540915532,-0.04752354442913488,-2.67507575579692,17.585910104319844,0.027402705489236425,-0.3087486928946,-0.19458122217878038,-0.41424901389151764,-0.5564870519737884
reversal,regime3,"(20, 20, 30)",-0.0082067965654745,-0.0082067965654745,-0.25010069002351926,0.8180006549640741,0.8425154306592023,0.8110553218620457,0.6888969153447075,111.92628992628993,-0.5913620205113462,-0.07061878890721676,-3.538952293371975,-0.04621024986598604,-2.5583434140406656,17.597118940866057,0.027396576052345693,-0.29649770400630376,-0.17969086397182016,-0.4036088896760706,-0.5485316266778588
reversal,regime3,"(20, 30, 10)",0.030959397926894134,0.030959397926894134,-0.21926727766690726,0.8278373563991436,0.8438812032646872,0.7348890906358727,0.8724127742172315,110.61670761670761,2.1709134243541235,-0.0662281973449373,-3.3004317361462543,-0.04212501289040813,-2.305649898429416,17.672590701235848,0.027704137402470127,-0.2838499030463887,-0.12161732498635619,-0.38489765126779485,-0.5419997644980294
reversal,regime3,"(20, 30, 15)",0.023258756169769402,0.023258756169769402,-0.2254221701412993,0.8197785484284045,0.8433953893506018,0.7330637999423782,0.8122384247799224,111.54545454545455,1.6391113117524485,-0.06621026745842112,-3.3275792656794643,-0.041999134457531825,-2.3318033526776416,17.658634066472114,0.027650922740068813,-0.27968866700712086,-0.14361245691876878,-0.38658874163064266,-0.5396799246330131
reversal,regime3,"(20, 30, 20)",0.008341814577527383,0.008341814577527383,-0.23748712996205118,0.8137003259396764,0.8430827217991672,0.7334589925811396,0.7639606641612326,112.36855036855037,0.5943562669493186,-0.06773073152861925,-3.4171042331958663,-0.04312828304922193,-2.407820155707382,17.661081696535184,0.02759807037881904,-0.28411290684771023,-0.1673545529778497,-0.3940046818060234,-0.5425655074423291
reversal,regime3,"(20, 30, 40)",0.0044362175334300025,0.0044362175334300025,-0.23851247635664943,0.7946614223105102,0.8419763046695881,0.7313853738264164,0.6182959212977245,115.23341523341523,0.31803100547544294,-0.06692102182109097,-3.422088712806565,-0.04241587878990548,-2.414482190254502,17.58524886307534,0.02762838893879912,-0.28051872240557213,-0.17532837110601132,-0.38395589089226534,-0.522452238031416
reversal,regime3,"(20, 40, 15)",0.03337719352225348,0.03337719352225348,-0.21465605003264085,0.8093614576794741,0.8432282794487279,0.6733954921032878,0.815508219771343,113.25552825552826,2.355743097596781,-0.06295005174609118,-3.202538203045364,-0.03855104646288729,-2.1436488006964063,17.632133322110786,0.027789505053766112,-0.24402787688463726,-0.17096176769732166,-0.3715005012680418,-0.521509211171649
reversal,regime3,"(20, 40, 10)",0.03945620262475539,0.03945620262475539,-0.21030552539288697,0.8174059871494916,0.8437277217293141,0.675339491251573,0.8753156187470623,112.24324324324324,2.7697681740851117,-0.063245710975459,-3.1957476776138427,-0.03908557996561106,-2.145681749970258,17.652408704424055,0.027828017612353595,-0.2521472808009046,-0.147249325981517,-0.3718357783592193,-0.5260361874222933
reversal,regime3,"(20, 40, 20)",0.018854468946020598,0.018854468946020598,-0.22638440147545769,0.8031904560143859,0.8428503073888309,0.6731747323214741,0.7677454567991887,114.15479115479116,1.3446275516461692,-0.06434374735048538,-3.2811898678883287,-0.03958423419786225,-2.210041213996165,17.628499605867926,0.027726935443977245,-0.24979699938169578,-0.1920528247534886,-0.3785090620466742,-0.523870899092256
reversal,regime3,"(20, 40, 30)",0.024633004822229833,0.024633004822229833,-0.21751377979554423,0.7919409171271334,0.8421344803236841,0.6721711280848269,0.6817053701724926,115.83538083538083,1.7744362463467742,-0.06228303797086991,-3.1534206148382204,-0.03722307970792389,-2.0745669010430197,17.59454208050604,0.027731061489547144,-0.23988774104784885,-0.18467563219303404,-0.3623036090013897,-0.5010942537556636
reversal,regime3,"(30, 10, 15)",0.012040379781874623,0.012040379781874623,-0.227655323323003,0.7880883179081175,0.7582886595778461,0.8858077919077236,0.814679945184634,115.78869778869779,0.8870632846958544,-0.06599825419429056,-3.344788887164895,-0.042279932389989346,-2.3532206546300087,17.7848153823928,0.027211635150712482,-0.23400566958747174,-0.21966514756347622,-0.4044061239786463,-0.5693998692189023
reversal,regime3,"(30, 10, 20)",0.001594603151872433,0.001594603151872433,-0.2356620691874836,0.7830710542086536,0.7581005064241376,0.8857759136303817,0.7749546708689828,116.45208845208845,0.11850395538437954,-0.06692740026261504,-3.385407115184005,-0.0429628873977138,-2.387580150771805,17.772455180551617,0.027156569053004828,-0.24113366423293417,-0.22918925281753746,-0.40797685952983737,-0.5686388689925845
reversal,regime3,"(30, 10, 30)",0.006357765999680572,0.006357765999680572,-0.22644910653350883,0.7732014130989606,0.7571964410601751,0.8843187606056039,0.7018783269195633,117.73710073710073,0.4797845362058624,-0.06560375660327297,-3.297171612602269,-0.0412980377987542,-2.2769111900836,17.712884119107784,0.027188054765205125,-0.23246062744728155,-0.21927260415207253,-0.3913599082836618,-0.5459388335399186
reversal,regime3,"(30, 10, 40)",-3.788103657642508e-06,-3.788103657642508e-06,-0.23397480155704278,0.7664037779231538,0.7569058301402117,0.884397757046978,0.6480809118094819,118.8108108108108,-0.0002840387895791243,-0.06605523092286,-3.357683048986635,-0.04229276461386642,-2.371064644910738,17.701565845680708,0.027203310865592894,-0.23607024652377834,-0.23289636736917546,-0.3965285058848497,-0.5485686401668814
reversal,regime3,"(30, 15, 10)",0.016008815641195863,0.016008815641195863,-0.22358239912091712,0.7874555555811313,0.7587653388103842,0.8444542014882034,0.8671979638146499,116.01719901719902,1.1795499412820243,-0.06562959810941169,-3.3151013875929403,-0.04227498811767149,-2.3068731556696287,17.77469883365703,0.02723640018631561,-0.24187594632037573,-0.19721726514211863,-0.40004248468655607,-0.565147569854253
reversal,regime3,"(30, 15, 20)",-0.003743688017047661,-0.003743688017047661,-0.23912559522517407,0.7745801948178388,0.7579609294172611,0.8441247606691061,0.7674425561502706,117.55773955773955,-0.2798668152079923,-0.06695196010474225,-3.4136262663464403,-0.04321522674114068,-2.391479423662772,17.740874726644186,0.027137587201870046,-0.2457353647284377,-0.23120663911521802,-0.40657826814900033,-0.5632349207759232
reversal,regime3,"(30, 15, 30)",0.0020427825248231233,0.0020427825248231233,-0.22872747595551954,0.7645074157387843,0.7570695741105627,0.8423453417901133,0.693110984152143,118.9017199017199,0.15519022572791882,-0.06548593952189688,-3.3138050695754195,-0.04138767790108574,-2.2698159975932235,17.680693721712306,0.0271627952017237,-0.23565412804409053,-0.22043685738844354,-0.3885264724756586,-0.5388237039956526
reversal,regime3,"(30, 15, 40)",-0.0042368849303193405,-0.0042368849303193405,-0.236396215716667,0.7576917512167052,0.7567687699534139,0.8421430585937137,0.6396353760217665,120.02702702702703,-0.319499150939592,-0.065940290913026,-3.3741225654742037,-0.04242359204009123,-2.362700127145431,17.669174916303742,0.02717188384501427,-0.23936291340864785,-0.23434898265003848,-0.39397439074294055,-0.5418905769285607
reversal,regime3,"(30, 20, 30)",0.0010015509609920998,0.0010015509609920998,-0.22737849712965957,0.7576502981449097,0.7569341256046778,0.808668828776339,0.6872311034515397,120.004914004914,0.0767740560636482,-0.06577952929079484,-3.338469152681534,-0.041548639991164885,-2.2872294938616333,17.65667998234937,0.02718563595830572,-0.23468375621230056,-0.21824172872707606,-0.3829554179453792,-0.5298045657143197
reversal,regime3,"(30, 20, 10)",0.015269178430970459,0.015269178430970459,-0.22196578520551785,0.7814234319648223,0.7586330349064191,0.8115109411057688,0.8669451239107719,116.94103194103194,1.135205679969618,-0.0660458287994924,-3.3480643807551163,-0.04258201858743167,-2.329269106025699,17.754289580309504,0.02726895271590465,-0.24035941185978887,-0.19544640075091904,-0.3947966675976036,-0.5572231943023069
reversal,regime3,"(30, 20, 15)",0.005739932440555041,0.005739932440555041,-0.22962726596842478,0.7734546549429401,0.7579853031514446,0.8107660328546064,0.8068459613676014,117.83783783783784,0.4293602047706801,-0.06642935568016464,-3.408194994421254,-0.04280858016369276,-2.3806443589013107,17.730075321706742,0.027222965575963994,-0.2368269581576256,-0.22039177176072514,-0.39774023968457817,-0.5559323566788568
reversal,regime3,"(30, 20, 40)",-0.010463277855286232,-0.010463277855286232,-0.24011109434018593,0.7506210348357994,0.7566294433242211,0.8077452553807537,0.6330919126259312,121.18673218673219,-0.7964154686587119,-0.06674543798892761,-3.432491161311177,-0.04281808225589425,-2.396490745505025,17.64381200901757,0.027188050683896955,-0.24603839840442923,-0.2331556826026045,-0.3932075585991135,-0.5373888064488594
reversal,regime3,"(30, 30, 10)",0.04308439505234714,0.04308439505234714,-0.19342648469350066,0.7672609195008765,0.7584592942894257,0.7300995065841066,0.8715098135604015,118.72481572481573,3.2097882657683168,-0.06111860457805675,-3.079496710900644,-0.03719720381373585,-2.022187155977168,17.72950377979284,0.027488909897462003,-0.2182461608909903,-0.15693644293232334,-0.3610960836891219,-0.5202571405978178
reversal,regime3,"(30, 30, 15)",0.03539599871913504,0.03539599871913504,-0.19945665233351859,0.7591358955768177,0.7578495961773063,0.7282742158906121,0.8115001285079032,119.69041769041769,2.652490805640298,-0.061097145511701284,-3.110097167050957,-0.037061996855719606,-2.0468486576985483,17.714928596006754,0.0274337992130736,-0.21329432225369627,-0.17973680265368097,-0.36260905284591194,-0.5177030508466312
reversal,regime3,"(30, 30, 20)",0.02023411888309081,0.02023411888309081,-0.2117884853664253,0.7530451835986954,0.7576011087819478,0.7286694085293735,0.7627561601590319,120.51351351351352,1.5341955472426212,-0.0626139144276624,-3.1989624287360963,-0.03818768757734371,-2.119481383885918,17.719681199876543,0.027383586684625746,-0.21822057170520934,-0.20352862313262715,-0.37021703330875694,-0.5206939526072705
reversal,regime3,"(30, 30, 40)",0.016274810634745222,0.016274810634745222,-0.21249059798660666,0.7338551404805207,0.7562782493221021,0.7266018845281405,0.6170816359508143,123.45700245700246,1.2437774098011973,-0.06179507344314774,-3.2014127126772065,-0.037456211181654465,-2.119134641805484,17.631783292315113,0.027406044053909635,-0.21406116147236098,-0.21181662719114738,-0.35968710166455226,-0.4999760282247035
reversal,regime3,"(30, 40, 10)",0.05478767294417509,0.05478767294417509,-0.1810691595879842,0.7561122553737397,0.758036538521575,0.6674847581570752,0.8745784730303656,120.46437346437347,4.0898053029188945,-0.057808298751010026,-2.953492650493473,-0.033827285630461966,-1.8442414478118194,17.709482553472643,0.027608358295138764,-0.18466932120901222,-0.17694434470172013,-0.3443177635892517,-0.5003928033879377
reversal,regime3,"(30, 40, 15)",0.04871789540808601,0.04871789540808601,-0.1853193866767663,0.7479922405309737,0.7574121016276614,0.6655407590087898,0.8148665925241771,121.51842751842752,3.6597708783201655,-0.05751904674974712,-2.9644424077622364,-0.03329352738578411,-1.8413620608860248,17.69005311245447,0.02756688142169425,-0.17574201586770466,-0.20154738977872852,-0.3438675258214475,-0.4957271740237964
reversal,regime3,"(30, 40, 20)",0.03367662091788228,0.03367662091788228,-0.19761507943426523,0.7419169814488954,0.7571116473495211,0.6653658306576076,0.7673759592886202,122.42506142506143,2.557964706136352,-0.058941571462561904,-3.0450319038933213,-0.03435829337643587,-1.9073582862521576,17.688594840549953,0.027506411403351822,-0.18220906222638084,-0.22310956264671158,-0.3514444836235916,-0.4986286521249816
reversal,regime3,"(30, 40, 30)",0.039494293237004194,0.039494293237004194,-0.18855936562045908,0.7305592670528384,0.7562463868152604,0.664340017848443,0.6813365306406987,124.14496314496314,3.033851043521149,-0.056871051072521946,-2.9183001238568482,-0.03197985409152718,-1.7725289449211135,17.65121472925366,0.027507075108642882,-0.17239981099091803,-0.21542557295624912,-0.33500641247977386,-0.4755766056235702
reversal,regime3,"(40, 10, 15)",0.06639531085196948,0.06639531085196948,-0.16520532125713672,0.7295498293035242,0.674701081632284,0.884625699777178,0.814679945184634,125.30466830466831,5.138071760613622,-0.05549909141301988,-3.0436449638271985,-0.03194682870462332,-1.9182446323640807,18.02704895589803,0.0270397477231544,-0.19013888881952257,-0.12765594481528625,-0.3473667289273654,-0.5175614718457532
reversal,regime3,"(40, 10, 20)",0.055361520218151127,0.055361520218151127,-0.1737575591719788,0.7245093519112792,0.6744796609681463,0.8845938214998361,0.7749546708689828,125.98525798525799,4.324758901038285,-0.05644644910999444,-3.089463519270972,-0.032648997188027516,-1.9573784132774734,18.015187519212205,0.026985169889243477,-0.19774963690545652,-0.13772541598358826,-0.35136561286111484,-0.517088105084766
reversal,regime3,"(40, 10, 30)",0.05962661205107427,0.05962661205107427,-0.16489000873654963,0.7144538716891335,0.673309269833873,0.8831366684750582,0.7018783269195633,127.30466830466831,4.737618438730474,-0.05517428597835265,-2.998963393626134,-0.03102978148479209,-1.843649988592341,17.958723724685008,0.027012205082728523,-0.18928419841190253,-0.12793911980920536,-0.3348321363344464,-0.4942661849888157
reversal,regime3,"(40, 15, 10)",0.07017371933013423,0.07017371933013423,-0.16133485680955728,0.7291496028531859,0.6752040307071945,0.8445710455577793,0.8670451462937109,125.58230958230958,5.429217608469858,-0.0551576614797449,-3.0247477118090877,-0.03198204105141435,-1.88542178775052,18.012204624216878,0.02706961429915334,-0.1980972022598801,-0.10459916668220713,-0.3433051333179204,-0.5137125379721775
reversal,regime3,"(40, 10, 40)",0.05408361127186965,0.05408361127186965,-0.17163493386373052,0.7075676360530918,0.6728916857191363,0.8832156649164323,0.6480809118094819,128.4029484029484,4.269793686820677,-0.05560613407204064,-3.06405675821488,-0.03200205260915755,-1.9417192968294579,17.950740990494086,0.027036129466826157,-0.19206881952886884,-0.1411719234298733,-0.3393340606736642,-0.49630724690619377
reversal,regime3,"(40, 15, 30)",0.055514694561157034,0.055514694561157034,-0.16692857618195805,0.7059260933081449,0.673123300975223,0.8424658599368627,0.6928978944812131,128.53562653562653,4.442605914237945,-0.055039185989286865,-3.024429519736944,-0.03110668968065072,-1.8434720711145185,17.924691227818382,0.02699281043474221,-0.19246769488412613,-0.12791520370492557,-0.33175489722815676,-0.4869083960673944
reversal,regime3,"(40, 15, 20)",0.05026044965095989,0.05026044965095989,-0.17695103971924372,0.7161805956388803,0.6742716956061694,0.8442416507081609,0.7672540074235276,127.14987714987716,3.951196153277687,-0.05644640422004803,-3.1276180933544553,-0.0328827727437882,-1.9688789304861003,17.981762599906517,0.0269724084760414,-0.20234366903670717,-0.13850358401193497,-0.3497003416350545,-0.5114280157124765
reversal,regime3,"(40, 15, 40)",0.050137800715844914,0.050137800715844914,-0.17373644369880772,0.6990368843015469,0.6727112889165026,0.8422640345165161,0.6394546267747427,129.68550368550368,3.9824393243466845,-0.055471829903252425,-3.089626933884983,-0.03211830074818721,-1.9407753283145621,17.91623194686367,0.027010783509205858,-0.19529572173980825,-0.14137332874405256,-0.33646853496889856,-0.4893335568367505
reversal,regime3,"(40, 20, 10)",0.0688417235522292,0.0688417235522292,-0.1599708863315667,0.7227427289610794,0.6748536573842993,0.8100332422716168,0.8673085060838052,126.57248157248158,5.379700633217417,-0.05557717167309517,-3.0610916405282116,-0.03225914553989544,-1.9051481304568878,17.97738257559553,0.027105858098372945,-0.19394999606507307,-0.10803556417481308,-0.3376522847668397,-0.5049219066689361
reversal,regime3,"(40, 20, 40)",0.042947178354458576,0.042947178354458576,-0.17805007353492347,0.6915642305240367,0.6723483084214131,0.8062718867859424,0.6332374899245558,130.92383292383292,3.4473713197846654,-0.056307726493173414,-3.156402594541244,-0.03250493216933385,-1.9740113023345658,17.87476870977873,0.027029824823731036,-0.199815806942312,-0.14551988596246263,-0.3355826657511828,-0.484158689737337
reversal,regime3,"(40, 20, 15)",0.05972407602625157,0.05972407602625157,-0.16719429682030418,0.714735262630289,0.674134239093432,0.8092883340204544,0.8073015920899946,127.47911547911548,4.699198292942021,-0.055911593655823474,-3.121176901914851,-0.03242953071765811,-1.9507495725884707,17.9567044550409,0.02706108874496762,-0.19034911342765015,-0.1324317802835242,-0.34009094807163376,-0.5030557622373235
reversal,regime3,"(40, 20, 30)",0.05391740143146069,0.05391740143146069,-0.16582081633447812,0.6986970409541668,0.6727761240444977,0.8071950227367417,0.6875207955985289,129.7076167076167,4.358346770707292,-0.05534009655884777,-3.0526555337240566,-0.03124177957070794,-1.85825326491312,17.886244867045306,0.02701952759182824,-0.1889140613301444,-0.13092933764460943,-0.3257817635769688,-0.47700076136486946
reversal,regime3,"(40, 30, 15)",0.09195954366860319,0.09195954366860319,-0.13449789631971917,0.7003617935516087,0.6739210347007565,0.7268306101813162,0.8119008315450749,129.44963144963145,7.249045056298537,-0.050481059998055466,-2.7955805438206203,-0.02656877263174352,-1.5871954967588893,17.948453665402504,0.027250416743841453,-0.16732469248859297,-0.0841655987881534,-0.30250504844653997,-0.46249135091946003
reversal,regime3,"(40, 30, 10)",0.099080769548154,0.099080769548154,-0.12906256269027994,0.7085503372682304,0.6746306991002042,0.7286559008748107,0.8718597591970118,128.47174447174447,7.759094876055237,-0.05055957865257078,-2.7670665543416475,-0.026768233232081926,-1.5706561951193851,17.958632859564776,0.0273041113087143,-0.1725208177704118,-0.061951926991174654,-0.30166156875856426,-0.46578595483618085
reversal,regime3,"(40, 30, 20)",0.07602511123950496,0.07602511123950496,-0.14755920814505022,0.6942826415103851,0.6736483070154965,0.7272258478636747,0.7633885801655481,130.2923832923833,6.069857129746138,-0.0520080961740727,-2.892472407450064,-0.027704782235072837,-1.6643128131090508,17.956870251273234,0.027200369131387705,-0.1728011094187476,-0.1092556033490031,-0.3107351445583801,-0.4659578801685025
reversal,regime3,"(40, 30, 40)",0.07254786487953958,0.07254786487953958,-0.14760005894321884,0.6748080007981764,0.6719426985917336,0.7251641367250551,0.6175629588775291,133.32678132678132,5.8496025058607355,-0.051223870075928817,-2.898301295739794,-0.02697923093613204,-1.660518603868645,17.87348091384434,0.027236378962716575,-0.1677122758351903,-0.11736405356322704,-0.29931914334314774,-0.4441423576024319
reversal,regime3,"(40, 40, 10)",0.10741521160512403,0.10741521160512403,-0.11964340015648031,0.6964365286479853,0.674113152570975,0.6606891913152155,0.8754244172712465,130.33169533169533,8.433372945379833,-0.04773678684504746,-2.6642151045810754,-0.023843736297405292,-1.4092008236417357,17.918523076024574,0.02742854506447669,-0.14545238669360638,-0.08006298547085695,-0.2865295670695801,-0.44624414006357876
reversal,regime3,"(40, 40, 20)",0.0862105482397177,0.0862105482397177,-0.1362474093171609,0.6822200009089632,0.6730590213800033,0.6585522962753314,0.7688092133985569,132.33415233415232,6.898876554517121,-0.04882184831295746,-2.759806985314725,-0.024320937633358318,-1.4670414505561609,17.906896966055694,0.02733834345652746,-0.1433449278819528,-0.12666720427170522,-0.29360036163221603,-0.4442591135365008
reversal,regime3,"(40, 40, 15)",0.10187138483584662,0.10187138483584662,-0.12334357126134878,0.6882596688086984,0.6733754101830125,0.6587263768309882,0.8159208640900498,131.40540540540542,8.055004836163612,-0.04739956251216507,-2.6721025872435784,-0.023255184427714227,-1.3969507644356254,17.90388098366398,0.02739851868863754,-0.13631065826195998,-0.10421798059211541,-0.28547018153640286,-0.440907305972981
reversal,regime3,"(40, 40, 30)",0.09218449358925715,0.09218449358925715,-0.12688594530961478,0.6706530239020865,0.6717777445313137,0.6573101764661335,0.6837451679845674,134.11793611793613,7.472239601985404,-0.046764314244690505,-2.623214623838907,-0.02194328584361188,-1.3214625233528987,17.87212616624351,0.027332704995287466,-0.13323187823656274,-0.11843655535441834,-0.27683881163365265,-0.42083900544195746
lowvol,diag,"(10, 10)",0.0585354380911855,0.0585354380911855,-0.03378773502579354,0.22174901448688247,0.21830308651541747,0.23462739256089446,0.22283137332188174,99.99242424242425,8.691959171135734,0.006683356243608269,0.7674982482297112,0.0026420541742872687,0.2791764096153429,14.083316530601415,0.00010348324606246249,-0.0143873616969513,-0.07473384887518356,-0.10321674234206656,-0.17267502258061562
lowvol,diag,"(15, 15)",0.1043022526471212,0.1043022526471212,0.04473366930164711,0.14845506283741997,0.14282016266516004,0.1627246705256331,0.15992434466478894,119.66666666666667,22.60195636306058,0.012281908405674356,1.4226801269854576,0.00922429315203793,0.9842874367718334,13.559585238871646,9.243852837862822e-05,0.037130430637980716,0.06309830512373582,-0.00032655785150433454,-0.045725486521205554
lowvol,regime2,"(10, 20)",0.10893623063082354,0.10893623063082354,0.028123395017366916,0.19412228326165104,0.22225234837235966,0.1380727689130857,0.11517203772559559,109.5909090909091,17.766820879771,0.011748230919083953,1.3246817075141364,0.00856751924570522,0.9198329344514165,13.65439222684199,9.731034214316298e-05,0.05442125890460536,-0.02185332304052805,-0.008806581541550914,-0.046030999980249294
lowvol,regime2,"(10, 15)",0.10626095666317069,0.10626095666317069,0.023440126178306785,0.2029970961643388,0.2188486628803546,0.171791092359945,0.15796722444946498,105.43181818181819,16.80675368831975,0.011077224261583585,1.243250323234091,0.00785830413098413,0.8296898093695035,13.55586479491816,0.00010012615896028997,0.0273762405602941,0.01744278746008596,-0.021866469173040786,-0.06744783688005121
lowvol,diag,"(20, 20)",0.09428717157793616,0.09428717157793616,0.049951920703305334,0.11039660964463738,0.10708134587571606,0.12482335206548531,0.10852836667589953,137.71969696969697,27.679370478756347,0.012124400230612349,1.4404741504519647,0.009168393740600083,1.0170145571658291,13.90218586647485,8.296414289743973e-05,0.0677638091392814,0.01821635288257802,0.013262378669075517,-0.023882588266939606
lowvol,diag,"(30, 30)",0.023464487642389387,0.023464487642389387,-0.001162971293519798,0.06688682910577004,0.06557071687354096,0.07248224712859067,0.06633343781454583,170.57070707070707,11.52524319271095,0.007702774212961972,0.9806399399806213,0.0064040640543982594,0.763208467292434,13.603901893277207,8.323968868356433e-05,8.484502755354489e-05,-0.003954614300651745,-0.02050829640141705,-0.039861974179956114
lowvol,diag,"(40, 40)",-0.032996896822346765,-0.032996896822346765,-0.04915813475549165,0.04615026351499996,0.04459084603202363,0.05116945690618425,0.04779546974768457,203.260101010101,-24.86533842649582,0.0037632751458531325,0.46539726192656045,0.00283453297388217,0.33472173435962943,14.332019195849336,8.314822953662679e-05,-0.024058552109031843,-0.10892548013421605,-0.06427600412581812,-0.07940920391262787
lowvol,regime2,"(10, 30)",0.08938511700114796,0.08938511700114796,0.010933710210391872,0.18778394461291031,0.22546530493776382,0.11110783825401492,0.0843062024728749,115.78030303030303,14.689465935846473,0.010469992840904776,1.2228801604033221,0.00791088531044871,0.8794360368479105,13.389881388123017,9.319664492078285e-05,0.04144996876903477,-0.04815632559316316,-0.015905681076443436,-0.0427862172120856
lowvol,regime2,"(10, 40)",0.08497448912028378,0.08497448912028378,0.007086425467111246,0.18510342185282463,0.22685829275250657,0.10019579043574789,0.07035719654636499,120.64393939393939,14.049714181929595,0.009845090062140335,1.1333602784244863,0.008049605060856257,0.8927007780087818,13.383585359600454,9.013231423730036e-05,0.04339875485810777,-0.06332125902855658,-0.01683353160431712,-0.040802887300509114
lowvol,regime2,"(15, 10)",0.05533145403991921,0.05533145403991921,-0.018453173219730692,0.1742918908407988,0.1472817972162764,0.2471970521610791,0.22283137332188174,113.07575757575758,10.454567541742525,0.007608585011940651,0.8948187180841587,0.003843951435802595,0.40938319209883806,14.412131015175165,9.590670196033299e-05,-0.020501099287183414,-0.0158464644337127,-0.09181503910541541,-0.16509958141782705
lowvol,regime2,"(15, 20)",0.1069123252606799,0.1069123252606799,0.050901418537390525,0.13679232091232035,0.14433605729886853,0.12416442089232708,0.11218697442917076,124.64141414141415,24.881012025335956,0.012886610483304087,1.4941730568785982,0.00990385415973798,1.0714845500521692,13.740339666438281,8.959931187728479e-05,0.06514523994559561,0.026434447504853794,0.015971223241368425,-0.019349118823847128
lowvol,regime2,"(15, 30)",0.08667014495505641,0.08667014495505641,0.03414895462289133,0.13035221715287293,0.14821185529234668,0.09545672182617514,0.07924129691276334,131.47727272727272,20.689781410862345,0.011535433555911967,1.3828923064245593,0.00902382811583632,1.007243047726903,13.282909539292143,8.575152637716951e-05,0.050383224440749184,0.004444580044796404,0.010713898562723234,-0.012787780589282415
lowvol,regime2,"(15, 40)",0.08268803360250727,0.08268803360250727,0.03099519455631958,0.12773236001036492,0.14977884920912307,0.08432444589923364,0.06511351265777678,136.6590909090909,19.98279957330039,0.011031468710019218,1.3010000291225006,0.00929067964985453,1.0339741996295033,13.256330721065344,8.299719469481931e-05,0.05331674407396581,-0.010966568763164002,0.010565300693485456,-0.009935898516421123
lowvol,regime2,"(20, 10)",0.03708691062918453,0.03708691062918453,-0.029071724788137052,0.15504089730411408,0.1155610573349322,0.26381493082686774,0.22283137332188174,123.76767676767676,7.932036430097087,0.0061775884102301,0.734221943632555,0.002440650901504685,0.26285785521925104,14.658381638058176,8.956079386687683e-05,-0.0283927006990971,-0.032692865759499284,-0.10683880825550486,-0.1844036780608167
lowvol,regime2,"(20, 15)",0.0903029736462336,0.0903029736462336,0.04021243755773743,0.1252531123076474,0.10771378189409317,0.17167835284372446,0.15808224877762966,131.42676767676767,23.494216761321642,0.011194135435738948,1.3197207055806777,0.008143587936594174,0.886149618806927,13.799492430957008,8.60392683220622e-05,0.034715022773464534,0.05405986252386957,-0.008855441075133625,-0.05833943218028214
lowvol,regime2,"(20, 30)",0.06862573751250402,0.06862573751250402,0.030175112113124708,0.10059602496570996,0.10924704036757688,0.08588974459397206,0.07270027720457768,145.92676767676767,21.648017752288954,0.010388278774004249,1.284986281255491,0.007846304721596684,0.9075129137236079,13.134154631078506,7.905513304978893e-05,0.05670954111363015,-0.020608815088792393,0.008936570119683492,-0.012350785690433849
lowvol,regime2,"(20, 40)",0.06409412133168123,0.06409412133168123,0.026686845731714526,0.0976997848294074,0.11093138295323172,0.07333871895510337,0.05770227321516123,151.6919191919192,20.658450825861507,0.009963412128514922,1.1986252077362067,0.008190415131600636,0.935234596691535,13.099314871974599,7.645493745986116e-05,0.059613111631145035,-0.0368450726543217,0.008984729578821788,-0.008779709604937102
lowvol,regime2,"(30, 10)",0.020096262548352027,0.020096262548352027,-0.043487433430983886,0.1375197901813125,0.08334276969950374,0.29218789160378594,0.22283137332188174,139.6590909090909,4.726142930562443,0.00485721388936553,0.5919465966399774,0.0016549522670487337,0.1821917388700679,15.466049456152634,8.117014886605303e-05,-0.07562307751673383,0.017411503487721542,-0.13046977642360144,-0.2166808634024102
lowvol,regime2,"(30, 15)",0.07570343888602651,0.07570343888602651,0.029159731141016595,0.10502027137655355,0.07288033725448591,0.1944815860639185,0.15890740859486335,148.66414141414143,22.92318987870254,0.009938828824167766,1.2162842563970502,0.007318763635926516,0.8235854536797169,14.905297940951304,7.771456992757002e-05,-0.01446287520186221,0.11844249697064643,-0.029471326882661204,-0.08847671399168648
lowvol,regime2,"(30, 20)",0.06080471034094167,0.06080471034094167,0.02441404130614131,0.08389643526953515,0.06851730361181704,0.13069155953471187,0.10398543058842381,157.4747474747475,23.264210390497794,0.009751969521306643,1.1858250184667336,0.007563277069306998,0.8659940528305082,14.961702418777913,7.421811218809838e-05,0.012233981395272467,0.05191196819632372,-0.01792323664933196,-0.060760705758486584
lowvol,regime2,"(30, 40)",0.013228622072085559,0.013228622072085559,-0.009419510201865685,0.062170992461995055,0.06644301907488663,0.054394805034702724,0.04912980364851537,178.83585858585857,7.022904802579916,0.006767300916048175,0.831957814288497,0.006246127059180758,0.7347833541474641,13.655640792423872,7.983075879136232e-05,-0.002375092212299443,-0.025462887561540144,-0.023516717037410075,-0.03762763532179777
lowvol,regime2,"(40, 10)",-0.0047218218602092035,-0.0047218218602092035,-0.06673828969274924,0.13059508533571051,0.07073184912359655,0.30291706132761315,0.22283137332188174,151.89141414141415,-1.1682174772480018,0.0031181510843228087,0.3764072972931476,-0.00025460151415832634,-0.02775286921745864,15.841440989682537,7.555380942307112e-05,-0.10260215605469067,-0.0009585062861792667,-0.1559749534131579,-0.24410985631854165
lowvol,regime2,"(40, 15)",0.052920089924662246,0.052920089924662246,0.008037384485036632,0.0981690632667907,0.05963611165039943,0.20829002048602116,0.15868254474422447,161.8409090909091,17.14535544577298,0.008237981579317238,0.9906142318367847,0.005528752816711529,0.6113711599032893,15.347378953378064,7.220216606498195e-05,-0.041334532873245,0.10552055496591178,-0.05382590199896221,-0.11592276399960148
lowvol,regime3,"(10, 10, 20)",0.07223316650905773,0.07223316650905773,-0.016545176792992854,0.21766444097080553,0.22187168363735893,0.2502285707628909,0.14736045517322868,102.41919191919192,10.930854914754443,0.007793827341712319,0.8826833498677628,0.004015242072912704,0.4191268925914926,13.835252999757284,0.00010181640465911868,0.004163753821229634,-0.05895361235452389,-0.07691281070111337,-0.13751769616869097
lowvol,regime3,"(10, 10, 15)",0.06314499384376024,0.06314499384376024,-0.025499955724407077,0.21729124730187133,0.21988512739787247,0.24490560663107125,0.1631787995541916,101.70202020202021,9.57808244466258,0.0073306581069270725,0.8232107151996144,0.003477349599685287,0.3597674897217188,13.843034525854366,0.00010236671853247072,-0.006905285551506232,-0.06417416933068992,-0.08669898727593696,-0.14811325439692602
lowvol,regime2,"(40, 20)",0.03598887739219299,0.03598887739219299,0.0016178421258009946,0.07623631369791194,0.0537696383509739,0.1460563482462797,0.10349889844722002,172.08585858585857,15.265852507946933,0.007790424769108071,0.939524891586138,0.005486599320800784,0.6211863918131927,15.605794916548236,8.241079031947916e-05,-0.012565284456546696,0.030780399069494244,-0.04461103769614232,-0.09126669403200689
lowvol,regime3,"(10, 10, 30)",0.07046233202832544,0.07046233202832544,-0.018782423662718463,0.2186014257675215,0.22283176137936456,0.2572030499004135,0.13954190222093044,102.96969696969697,10.606923851848453,0.007628741452818246,0.8672042441115347,0.0039308321896321,0.4129975534624208,13.832114249224533,0.00010136641933260349,0.00422632135332795,-0.06594037671408975,-0.07966713459831876,-0.14079747797140155
lowvol,regime2,"(40, 30)",-0.030302177926608328,-0.030302177926608328,-0.05042090207695493,0.05483706744137206,0.04671621000171804,0.0792335466968505,0.0658926585209776,189.74747474747474,-18.667129908206956,0.004341109435471463,0.5506547522634265,0.0029021940152866173,0.3443206544148902,14.173255095702514,8.839499936860715e-05,-0.0415367042726929,-0.07533383243599956,-0.07240336950792285,-0.09436143259250597
lowvol,regime3,"(10, 10, 40)",0.07114588085100444,0.07114588085100444,-0.018150964712275938,0.21882347831175056,0.22300565011500556,0.25824222386879464,0.13886891140369478,103.14646464646465,10.690238401453856,0.007686715589119476,0.8749081698900508,0.004030285351833092,0.42453237770304797,13.815932298040098,0.00010122277107458094,0.006898001975444443,-0.06932218671286011,-0.07898889943105536,-0.1400739126194537
lowvol,regime3,"(10, 15, 10)",0.09334145994881116,0.09334145994881116,0.0038883003842795356,0.21354445224663002,0.21654367423461823,0.1756314393085395,0.25075111377711184,102.63131313131314,14.254269764266036,0.009100607763240261,1.0477488515064417,0.004710878558156134,0.49935400069920494,14.065802883736305,0.0001018724149874697,0.017765321304316434,-0.023627982043544653,-0.05838496991514657,-0.12039713746624364
lowvol,regime3,"(10, 15, 30)",0.10205246511413153,0.10205246511413153,0.018962131201433752,0.20319407537590461,0.22241166866278553,0.18957606293083284,0.11401014743078224,107.58333333333333,16.060268672966696,0.010997795733440431,1.2522055109149488,0.007898789453618969,0.8491111586548641,13.532481661971412,9.852410884943545e-05,0.04280725815358467,-0.02696709288703332,-0.024374804249475267,-0.0680149446941828
lowvol,regime3,"(10, 15, 20)",0.09739041906734325,0.09739041906734325,0.014932803784390917,0.20194742333306273,0.22119097582738828,0.17981812669334019,0.12477572381984643,106.67676767676768,15.454041716817658,0.010747165203320315,1.2241857897878268,0.0075440114356138495,0.8089684397510319,13.542052383484602,9.922012977992975e-05,0.03860530637669581,-0.03077076732131626,-0.02785744922767175,-0.07091885793430715
lowvol,regime3,"(10, 20, 10)",0.09814068385737258,0.09814068385737258,0.007268172298499923,0.2137093137435938,0.21714493585460323,0.1573905611281825,0.2747428924850055,104.02020202020202,14.859687255835826,0.009487839283296037,1.0860801104684186,0.004894583130118409,0.5238271577106127,14.160624224138479,0.00010081661457808247,0.027939975089388645,-0.03319237705810574,-0.056512622713826226,-0.1200786732913773
lowvol,regime3,"(10, 15, 40)",0.1039510633949793,0.1039510633949793,0.020697733076333796,0.20350548955251027,0.22269252796789224,0.19081742214004968,0.11316579726294733,107.83333333333333,16.311886038439617,0.01110961277213847,1.266955976460013,0.008094773175812055,0.8731213995358865,13.520596963552405,9.833228445563248e-05,0.046883072045047304,-0.029711225131118315,-0.022612492558238374,-0.06623319123497332
lowvol,regime3,"(10, 20, 15)",0.10088850289352345,0.10088850289352345,0.01769833581312486,0.19972142462018108,0.2196529024013952,0.14120975919730705,0.17063565388966806,107.57828282828282,15.965148590212385,0.0106303069793502,1.2122854903215603,0.007146666065311024,0.7785598737251922,13.624992984593364,9.864462288160673e-05,0.027111597653166914,0.0009109109485734072,-0.025737542123317976,-0.06949358472810128
lowvol,regime3,"(10, 20, 30)",0.1126514799212123,0.1126514799212123,0.03148177697982641,0.1947227574484024,0.22407860112066302,0.14844392119504765,0.09488499909163953,111.16919191919192,18.267695787132098,0.011861898383886228,1.3404870398038324,0.008671244830200459,0.9402266651163901,13.637433199588651,9.618529134524749e-05,0.05862432723081103,-0.02028999768276571,-0.005066939095702351,-0.041937474744118235
lowvol,regime3,"(10, 20, 40)",0.11752726794270207,0.11752726794270207,0.03625350328858633,0.1951656280026779,0.22436887674939426,0.15104246947038166,0.09311095850105146,111.54292929292929,19.003135700608155,0.012210984433716276,1.3829333165878173,0.009090662031068683,0.9906593200160042,13.617095510172964,9.591222113521704e-05,0.06717882721709871,-0.022711109051414654,-0.00022972288091278515,-0.037046272690796724
lowvol,regime3,"(10, 30, 10)",0.07686419131374361,0.07686419131374361,-0.014858851315356992,0.2140953520188616,0.21748245735059332,0.1484614107131916,0.28871061149860067,105.06565656565657,11.459688830999994,0.008149782775718257,0.9326860869319838,0.0035193912054433804,0.371544437790005,14.083098683445934,9.99940003599784e-05,-0.002911358503907853,-0.03951567036405503,-0.07787170851897415,-0.13977643799160716
lowvol,regime3,"(10, 30, 15)",0.08042500420214302,0.08042500420214302,-0.004085864057340065,0.200178477629993,0.2204530409140991,0.12765103697453367,0.18917575959294738,109.05050505050505,12.50794488727678,0.009515654795909923,1.0993501664749794,0.006066406682779253,0.6627362148520668,13.600121629838023,9.756668683044862e-05,-0.00044897891318691974,-0.01120904465468288,-0.047319624495922405,-0.09023690277552987
lowvol,regime3,"(10, 30, 40)",0.0960729466266015,0.0960729466266015,0.017316745678603505,0.18805288379919108,0.22598142456310827,0.11556706524461109,0.07719169006889601,116.95454545454545,15.697444848169274,0.010949145539273192,1.2792078737114623,0.00859672396746737,0.9651187796959576,13.36619109117886,9.242485858996636e-05,0.0544944190871327,-0.05411936730264475,-0.009335059904699424,-0.03607418610011655
lowvol,regime3,"(10, 40, 10)",0.0804442954220034,0.0804442954220034,-0.010883834612348554,0.21409834527849092,0.2176058108497269,0.14398282215665223,0.29443546069270216,105.50757575757575,12.021596612427112,0.008458534829177368,0.9711887786829165,0.0037310009934371745,0.3958706270430402,14.056494042021962,9.964526286420344e-05,0.005909403808485373,-0.04492845843138838,-0.07333102504496948,-0.13461950123683852
lowvol,regime3,"(10, 30, 20)",0.09191956204570867,0.09191956204570867,0.011257149843372935,0.1919383600094185,0.2232995106389485,0.11418892394761972,0.12572247837566508,111.9090909090909,14.934513454734354,0.01094720764259401,1.2544270627994387,0.007838998648282396,0.8499287974692493,13.583173304228225,9.571209800918837e-05,0.0327802856743509,-0.029959814151931875,-0.022542887849968517,-0.056468553188473165
lowvol,regime3,"(10, 40, 15)",0.08234369004549327,0.08234369004549327,-0.002088233669950617,0.20050829359743236,0.22059574686812589,0.12398924973814651,0.19626561021310376,109.60606060606061,12.808482666814616,0.009588470598995268,1.1101872932536794,0.006056771166874809,0.6626585149410283,13.589357691057824,9.715151750670346e-05,0.004742157354998525,-0.015160724475462085,-0.0453372826203138,-0.08820481853447314
lowvol,regime3,"(10, 40, 20)",0.09093061731064497,0.09093061731064497,0.01009967705411345,0.19216661320455952,0.2234464340338587,0.10976481690902423,0.1330567228162247,112.68686868686869,14.775577827293016,0.010809267648695218,1.2396977688767152,0.007654181030083685,0.830758759605961,13.609537850563871,9.516196566556279e-05,0.03304189899739096,-0.03404423436287181,-0.024152447000331537,-0.05847581311877662
lowvol,regime3,"(10, 40, 30)",0.07518111371985527,0.07518111371985527,-0.0026853500439448902,0.18596787389531658,0.22587154302704338,0.09998326288314628,0.08322514780069588,117.81565656565657,12.4322694449298,0.009132693234032483,1.0505607382737427,0.007105263353879665,0.7812505237821303,13.380418571635312,9.189149452326693e-05,0.02689754282254108,-0.060590792637915176,-0.02767342573867623,-0.0526499662174049
lowvol,regime3,"(15, 10, 30)",0.0696690816490489,0.0696690816490489,0.00030100352917047387,0.16841630940582308,0.14789994410604476,0.26981458283579923,0.13954190222093044,116.41666666666667,13.630102449852137,0.008823428034707339,1.0255613837217057,0.005400024198204889,0.5711656141783366,14.08972386965684,9.390200386876257e-05,-0.0018756277179060431,0.004700315660741098,-0.06442413543269612,-0.12932702891061737
lowvol,regime3,"(15, 10, 20)",0.07083783536982102,0.07083783536982102,0.0018650383290398716,0.16755687826280619,0.147050737291349,0.2628401036982767,0.14736045517322868,115.86363636363636,13.945122542277346,0.008940877589068618,1.0356657673000698,0.005440666228558041,0.5717919029678785,14.099643194906399,9.428980915742626e-05,-0.0020258507281964823,0.009836781442217484,-0.06234208010091198,-0.1267165409725098
lowvol,regime3,"(15, 10, 15)",0.060644286106827705,0.060644286106827705,-0.008610666817082637,0.1682719993265947,0.1466326436867299,0.2574672607707418,0.1631787995541916,115.06818181818181,11.887908145708295,0.008357334832762416,0.96086823560859,0.004778901146560778,0.49833996600888647,14.089433281086889,9.4801107276933e-05,-0.01199952752883367,-0.0025247999834812,-0.07367194323651094,-0.13887015798901947
lowvol,regime3,"(15, 10, 40)",0.07036082762624314,0.07036082762624314,0.0009577029779496953,0.16864960735170587,0.14808990930036764,0.27085375680418045,0.13886891140369478,116.59343434343434,13.734459733594246,0.008881586790759653,1.033726976914266,0.005499672788047169,0.5832607129268993,14.066974481014691,9.377871973291821e-05,0.0008220560720899973,0.0013093048009296619,-0.06372398210307974,-0.12858508082454131
lowvol,regime3,"(15, 15, 10)",0.09403247760405475,0.09403247760405475,0.025499205155167366,0.16220418015690502,0.14436798966332307,0.1667370005563793,0.2565577993152517,116.38636363636364,18.910287596880757,0.0103256588339735,1.2258463382102056,0.006098404479217805,0.6528290820507109,14.315777857304525,9.416373189702255e-05,0.03188024331403972,0.014734340365657449,-0.03749550163174876,-0.10028437359737453
lowvol,regime3,"(15, 15, 20)",0.09190615071758464,0.09190615071758464,0.033733637077179246,0.14553453998493984,0.14340177020462486,0.17038771892165297,0.12208667679264044,121.17676767676768,20.297525807644085,0.01179683806228388,1.3825880842555855,0.008758107060585977,0.946155382834133,13.509930023152554,9.153318077803204e-05,0.04325263981266071,0.017374082653699174,-0.007830394759042679,-0.049722267314573076
lowvol,regime3,"(15, 15, 30)",0.09738930625744531,0.09738930625744531,0.038677736629655686,0.14676474742260212,0.14472379066275445,0.18015777031929242,0.11059808251871388,122.12373737373737,21.279714740435818,0.012117454047013834,1.4169318719300024,0.009172047133771606,0.9919982717356313,13.489861829532286,9.091570296021529e-05,0.046626856499341944,0.025878934938577795,-0.0033654378946958298,-0.04576815910395723
lowvol,regime3,"(15, 15, 40)",0.09915929464954136,0.09915929464954136,0.04029074588186792,0.1471161090036788,0.1450650418703907,0.18140602321232485,0.10972532535705788,122.38383838383838,21.58324689497257,0.012219381938600896,1.4306593873541766,0.009358331209301306,1.0153491544072433,13.47486716270786,9.074574856167989e-05,0.05050434884787058,0.023056463930101554,-0.0017112222873620119,-0.04407928135297231
lowvol,regime3,"(15, 20, 10)",0.10042441306829146,0.10042441306829146,0.030439978537434003,0.16207145917427798,0.1448715980831853,0.14471589821088665,0.2840969854940752,118.11868686868686,20.053267761381857,0.010666548334402975,1.2619953549088803,0.00626093701553123,0.6770859721812619,14.502910653193904,9.304749143963079e-05,0.042757517580499574,0.00815274321007906,-0.03427105942880596,-0.09888247998496001
lowvol,regime3,"(15, 20, 15)",0.10200112463842845,0.10200112463842845,0.042388757797387634,0.14478240923838467,0.14345616477927287,0.12812556923073332,0.17607523608960032,122.23989898989899,22.318112936945568,0.01190398604615795,1.4020648482245655,0.008592652093025628,0.9459972421182054,13.706398267813375,9.092562284051645e-05,0.04057692208802727,0.048787140669130445,-0.0006694894378637908,-0.04415915652413973
lowvol,regime3,"(15, 20, 30)",0.11141254995894144,0.11141254995894144,0.05513266750116922,0.13748443727986445,0.14648425490268782,0.13461275889053662,0.09071031494784171,126.3080808080808,25.730968901490677,0.01305616517356471,1.5149459802534881,0.010044302705671769,1.0963887009264552,13.705440208646957,8.859122238168642e-05,0.06874899850866448,0.03222088405182109,0.020752257200971454,-0.014041263026492404
lowvol,regime3,"(15, 20, 40)",0.1166287310893321,0.1166287310893321,0.060214163501069,0.13800985492474016,0.14687153092923969,0.13733885841953167,0.08887282435572445,126.71464646464646,26.812428819833137,0.013425267367427576,1.561950551624935,0.010485627357926894,1.1511600704868434,13.67915792812337,8.833922261484099e-05,0.07775853937083414,0.029744491507136338,0.025882483918734968,-0.008874648149503436
lowvol,regime3,"(15, 30, 10)",0.07779097477828265,0.07779097477828265,0.0071020935626500995,0.1626345040850864,0.1453465960557048,0.13456468324727391,0.30046385067254683,119.4040404040404,15.256947177692728,0.00923483345514942,1.091562434248965,0.004759251187453927,0.5074925302693445,14.381985337525313,9.218629005494302e-05,0.01156671029811654,-0.0012441685830122827,-0.056804502469047155,-0.11954314078868536
lowvol,regime3,"(15, 30, 15)",0.08026237066642251,0.08026237066642251,0.01962011328812539,0.14518229593758503,0.14411314587470064,0.11330716154114302,0.19676217298186904,123.96969696969697,17.236334562821586,0.01071105165151487,1.2783892865670061,0.007403635527617277,0.8175705737350212,13.654490971775802,8.9850488786659e-05,0.01285890452691352,0.03384419103319698,-0.023260163682104002,-0.06582117621919191
lowvol,regime3,"(15, 30, 20)",0.08927108782465648,0.08927108782465648,0.03387151838120278,0.134448232167582,0.14537347343832638,0.0988969273688021,0.12347475265571266,127.25252525252525,20.818813151277983,0.012045783605218482,1.4197775087007853,0.009097020092644428,0.9939886800383612,13.62153253449831,8.807158458394983e-05,0.04423362990316686,0.015958091757162174,0.0023691023023491246,-0.02927441247386664
lowvol,regime3,"(15, 40, 10)",0.0826013726378721,0.0826013726378721,0.012215901353396374,0.16276993146073046,0.14562077356623962,0.12980905659000425,0.3068021350877672,119.9090909090909,16.223486096802333,0.009686733689947429,1.1474670445125048,0.005110494210929542,0.5472456370177962,14.341657799753525,9.184760645137588e-05,0.02091193806000296,-0.004223346370769739,-0.05118322183779405,-0.1133672816944254
lowvol,regime3,"(15, 40, 15)",0.08342455317118322,0.08342455317118322,0.022762931134139828,0.14564684153845933,0.14440805456606684,0.10937866806924927,0.20446145652208012,124.58838383838383,17.887063069129255,0.010926553981154765,1.3056871389653064,0.00753340561766326,0.8325317430935139,13.634753995223544,8.945824089315107e-05,0.01855228456485017,0.032358648858704805,-0.020209711976460275,-0.06279960657994328
lowvol,regime3,"(15, 30, 40)",0.09401590660641324,0.09401590660641324,0.04119663309378939,0.13078495937060633,0.1489054680521671,0.10032339423558227,0.07186513599630728,132.73737373737373,22.266438037031545,0.012055663124468681,1.4472964935643993,0.009748652976239027,1.1004468413044537,13.25791250519174,8.504992430556737e-05,0.06386809991381998,-0.0006777892091724601,0.017888976476675245,-0.005527245922514992
lowvol,regime3,"(15, 40, 20)",0.08954265743101376,0.08954265743101376,0.033911393895816995,0.1347838555593159,0.14567315380185328,0.09419559854162077,0.13120921021351603,128.09595959595958,20.853314477983368,0.01205670204269942,1.4210086475315706,0.009057577268373595,0.9900420799208584,13.650675375211183,8.756567425569177e-05,0.04500458746305043,0.014532923551818832,0.001930856957373243,-0.03013982298004145
lowvol,regime3,"(15, 40, 30)",0.07328472791471757,0.07328472791471757,0.0215533640726048,0.12847679244128032,0.14856392458652318,0.08398840005445293,0.07847785086670159,133.6338383838384,17.694869730480576,0.010337582947605568,1.2176620725236682,0.008362285976570526,0.921921443168877,13.24706932682787,8.458233244239943e-05,0.03637971350601609,-0.0062194988169891295,-7.011902413010712e-05,-0.021711319605627888
lowvol,regime3,"(20, 10, 15)",0.04454802545148044,0.04454802545148044,-0.01670467590638424,0.14834860576717732,0.11357755244846057,0.2755614953917608,0.1631787995541916,126.07070707070707,9.978717783260798,0.007084272949244365,0.8227945182387171,0.0035538315997726234,0.37468064236961335,14.287954285622401,8.842671194114317e-05,-0.015142425464413167,-0.021129669913224562,-0.08629897171600433,-0.15592918123338484
lowvol,regime3,"(20, 10, 20)",0.05363092053023353,0.05363092053023353,-0.007073705605526591,0.14706733361103272,0.11316415116067721,0.2810218847853309,0.14736045517322868,127.02777777777777,12.119995078615917,0.007612206892198705,0.8927680251899572,0.004160785942972039,0.44298228024338326,14.297931584521885,8.789508842245895e-05,-0.004569673698796664,-0.012652272105161188,-0.07581668153510449,-0.14463034858498816
lowvol,regime3,"(20, 10, 30)",0.04966444285544034,0.04966444285544034,-0.011389074296583371,0.14740726931032724,0.11337742142590632,0.2875739957583993,0.13954190222093044,127.61616161616162,11.180523140598469,0.007286573503607466,0.8584898708687321,0.0039295554134007515,0.42147526377224837,14.317534772389223,8.754267705506434e-05,-0.004643877440222222,-0.025847483125555088,-0.08070901213613657,-0.15010063297199072
lowvol,regime3,"(20, 15, 10)",0.0745030134764847,0.0745030134764847,0.014298564540102823,0.14075556118379562,0.11170483874626778,0.17433236169823751,0.2570142158610258,127.6489898989899,17.42830804471155,0.008763652903940003,1.0626094412334053,0.004500596148537737,0.491844121720358,14.67704740125021,8.77778167901408e-05,0.02068080510914691,0.002584766797528473,-0.05281822786041709,-0.11975409052178507
lowvol,regime3,"(20, 10, 40)",0.0503411608831827,0.0503411608831827,-0.010738454091572015,0.1475717553492875,0.11346901291935799,0.2886131697267805,0.13886891140369478,127.79292929292929,11.310463706218682,0.007344901115657726,0.8665446960864553,0.004029400886322132,0.4333686822461945,14.297403947805,8.74355163067238e-05,-0.0019438009022962896,-0.0292590258385506,-0.0800184243742252,-0.14937191427000085
lowvol,regime3,"(20, 15, 20)",0.0783880805507287,0.0783880805507287,0.030184580331182667,0.12119243909549494,0.10690936701036766,0.18017096616414432,0.11768048139702156,133.25,21.05803911299897,0.01080672994307887,1.30202480955721,0.007769962052555561,0.8633396195928512,13.741082121603391,8.509914049868096e-05,0.04378344891801442,0.0053298007529819814,-0.015254808774919467,-0.06109330961317929
lowvol,regime3,"(20, 15, 30)",0.08239105287005419,0.08239105287005419,0.03374245652749328,0.12175378674233736,0.107325002658608,0.18994812379799253,0.10590010505452448,134.30555555555554,21.965832345827387,0.01102514625441133,1.3272744526952183,0.00809952178633528,0.9023649406480508,13.760351433205097,8.451227963423086e-05,0.04716593575667514,0.009411072172046363,-0.01223487782027333,-0.058646520175017994
lowvol,regime3,"(20, 15, 40)",0.08418624884574177,0.08418624884574177,0.035399873341463974,0.12207918301521023,0.1076122036486045,0.19121382908740917,0.10509812300492165,134.5681818181818,22.350657668816623,0.011130636933804276,1.341290093791372,0.008289654528213055,0.9264199693227114,13.743298937571183,8.436397995511836e-05,0.05105851668682002,0.006692449255093232,-0.010543305135062362,-0.05692835865581124
lowvol,regime3,"(20, 20, 10)",0.07836979856232026,0.07836979856232026,0.017810605203791654,0.13929612709351674,0.11149496245662971,0.1457288250548092,0.28726824438182763,129.96464646464648,18.41204829863505,0.009016036718740301,1.0948510170237618,0.004618278874040692,0.5113177876973178,14.822137581772212,8.650668696690254e-05,0.030467423897934717,-0.0061443170655882924,-0.04973681444534756,-0.11719103323971351
lowvol,regime3,"(20, 20, 15)",0.08905253798757025,0.08905253798757025,0.040397517829203165,0.11985901409332993,0.10761205199756757,0.12855852997860867,0.1766639607985679,134.7752525252525,23.915293378312853,0.011027447668722884,1.3210860905493873,0.007749225646786586,0.8688811204297394,13.871565696060884,8.43540169382866e-05,0.04024702841679095,0.04343393850237563,-0.004896923667532775,-0.05069002287321958
lowvol,regime3,"(20, 20, 40)",0.101090837247247,0.101090837247247,0.056614998870008815,0.1100434776257231,0.10808586749755167,0.1373506816392664,0.0820996760860386,140.0681818181818,29.667063180792514,0.01247312495131198,1.4893464636815406,0.009583464232459782,1.0809615185387713,13.947028846055716,8.176347462061748e-05,0.07931722579818605,0.015193252768550516,0.020468340324321273,-0.01616995198374596
lowvol,regime3,"(20, 20, 30)",0.09589583085277067,0.09589583085277067,0.05157306347022251,0.10951567544824521,0.10773702927207675,0.13448795019690726,0.08389579296645593,139.6439393939394,28.30428030029503,0.012106718198931166,1.4422194870241496,0.009143878169391793,1.025416164588621,13.973475324597278,8.198737394441256e-05,0.07042675288837054,0.01758648096602224,0.0154208311193897,-0.021209252252127
lowvol,regime3,"(20, 30, 10)",0.05538417276064865,0.05538417276064865,-0.00458974174729213,0.13889120223354157,0.11224546235107932,0.12729671356480682,0.3060847564019797,131.72727272727272,12.82004091789986,0.0074499463828885965,0.9109928919880911,0.0028721681973254754,0.31712811124606777,14.491914889526676,8.550370231031003e-05,0.006256210178143397,-0.02644344398503287,-0.06835825143495536,-0.13088909238481541
lowvol,regime3,"(20, 30, 15)",0.06603348470448148,0.06603348470448148,0.017831156021381637,0.11918457302154525,0.10840107417190907,0.10555425135530057,0.1996162403273891,137.010101010101,17.503639588866868,0.009646817938041924,1.1735194840942018,0.006265197430334863,0.7091547073913566,13.566793134493993,8.317253310266818e-05,0.01858342909759433,0.017538828752990683,-0.02413605809856965,-0.06577555436006195
lowvol,regime3,"(20, 30, 20)",0.07603792841639684,0.07603792841639684,0.03410754736483949,0.10652602431807515,0.10777443493466862,0.0903577186828029,0.12256626214812945,141.05555555555554,22.76884945903411,0.011168520852096561,1.3508883003284027,0.008140199987047386,0.9172500548139555,13.475608860774562,8.131139009952515e-05,0.05200484399143837,0.0013468130149529925,0.004349593578931601,-0.025532419977635834
lowvol,regime3,"(20, 30, 40)",0.07642279294406813,0.07642279294406813,0.037743416886514364,0.10101977917358752,0.1100093211515257,0.09092543958719705,0.06462183311559705,147.2929292929293,23.896109218302268,0.01094055068225985,1.3548058333118982,0.008600402668703704,1.0065140959926608,13.10380743243299,7.840800388903699e-05,0.07095845611207124,-0.025585035136265928,0.01669187439307334,-0.004449774747364727
lowvol,regime3,"(20, 40, 10)",0.061523640907265684,0.061523640907265684,0.0017871118637357516,0.13906974709600362,0.11251334265426492,0.12156562785336639,0.31420061193980386,132.3181818181818,14.234285145019337,0.008025148997935319,0.9777063733016018,0.003296605747304558,0.36411314858426175,14.431400320647032,8.516291665956975e-05,0.01796027008744572,-0.030201959932999057,-0.0614932684983902,-0.12352128321634633
lowvol,regime3,"(20, 40, 20)",0.07800405733460573,0.07800405733460573,0.035813940383617786,0.10686710693693313,0.10805102806423345,0.08436045011248032,0.13232669521141296,142.00252525252526,23.269714383219622,0.011327436385777233,1.3631976885325874,0.008192785766802137,0.9197696425412761,13.498308602387956,8.08289820398002e-05,0.055363127237367464,-8.727945339978036e-05,0.005640616205973196,-0.02462365224648028
lowvol,regime3,"(20, 40, 15)",0.07052232730023243,0.07052232730023243,0.02221453772377946,0.11971187475908172,0.10867225886024402,0.10065536536185776,0.20934308418323913,137.71464646464648,18.610111908350163,0.009981804950007191,1.2103522901881059,0.006463987970882962,0.7296055220816374,13.534279462386156,8.278968109414843e-05,0.026618524971349537,0.0152424715653385,-0.0198988486186674,-0.061644988656331876
lowvol,regime3,"(20, 40, 30)",0.05656476866792194,0.05656476866792194,0.01891149529712539,0.09861788835743393,0.10962440036450109,0.07289445972856025,0.07314515729750648,148.29545454545453,18.131975480729828,0.009317599466725232,1.1231247139572011,0.007261288123237935,0.8240220938082874,13.096630103820395,7.79666302822392e-05,0.04513814984579432,-0.03181746830898728,-0.000281605674255913,-0.019491695304987816
lowvol,regime3,"(30, 10, 15)",0.025364753601770342,0.025364753601770342,-0.03299577748216965,0.1303885195839251,0.08049211833211051,0.30488251141549055,0.1631787995541916,142.4469696969697,6.307843194976114,0.005561724354202679,0.6635206688792034,0.002551281528176172,0.2755511088264658,15.092715674423538,8.000128002048032e-05,-0.06410888280239206,0.026899120680935418,-0.11180129180531141,-0.1901595486469469
lowvol,regime3,"(30, 10, 20)",0.02701656811124876,0.02701656811124876,-0.03044473731689668,0.1287067564949784,0.07935036773546468,0.310959448654279,0.14736045517322868,143.7828282828283,6.815564506296612,0.005604170970308747,0.672208314656955,0.002815859337190681,0.3072125926886949,15.085148204711874,7.939028262940616e-05,-0.06260146458342972,0.0322486763849826,-0.10865979993613693,-0.1864321860574231
lowvol,regime3,"(30, 10, 30)",0.025132138432550015,0.025132138432550015,-0.032528298106940294,0.12865836458455476,0.07901079958258836,0.317502395461159,0.13954190222093044,144.61363636363637,6.334752094800566,0.005440427485964867,0.6568607566291694,0.0027581998765966956,0.30386021036291677,15.117907893890179,9.478972479383235e-05,-0.05929259382194049,0.01924227725929938,-0.11133453464468464,-0.18969955678544756
lowvol,regime3,"(30, 10, 40)",0.02559201834211351,0.02559201834211351,-0.032084013715138776,0.1287727656976858,0.07903078952142502,0.31854156942954015,0.13886891140369478,144.80050505050505,6.438680658716064,0.005485621426994729,0.6632966437848724,0.0028431948999133186,0.3142060497196933,15.096303427973588,9.46790380609733e-05,-0.05653645866245354,0.015026203199156558,-0.11086547231354936,-0.18920670103031614
lowvol,regime3,"(30, 15, 10)",0.06156513009510589,0.06156513009510589,0.004006238003234171,0.12145249345502493,0.07837279443782443,0.19614040280990847,0.25828765616773286,144.20959595959596,16.25844048595507,0.007661398289459831,0.961034607577082,0.0038575261800447374,0.432615444216234,15.798033459819965,7.943947506394877e-05,-0.028108713918333403,0.07024372562545507,-0.07295167236560957,-0.14948038275856743
lowvol,regime3,"(30, 15, 20)",0.05571093416903112,0.05571093416903112,0.01205819363748301,0.09990166715007873,0.07081520672535431,0.20476852350055333,0.11451941394835306,151.24242424242425,17.790844666829596,0.009159290322776162,1.132548238629454,0.006790370570916963,0.7785780935685134,14.792806709988872,7.662248103593594e-05,-0.012426572218029775,0.06329256466422459,-0.04271390193899488,-0.09784456019182713
lowvol,regime3,"(30, 15, 40)",0.06593693839294831,0.06593693839294831,0.022020492838105164,0.0999764264950288,0.07038692394954241,0.215838093495083,0.10173102884392536,153.03787878787878,20.946923615390443,0.009782747203240825,1.2103494767816816,0.007609944007704834,0.8793832376111372,14.814156061679652,9.099457065728411e-05,-0.0014694584622075722,0.07279977002113311,-0.033301437256878993,-0.08904773603632261
lowvol,regime3,"(30, 15, 30)",0.06459765938728462,0.06459765938728462,0.020734979601812996,0.09982477719762692,0.07035510998318582,0.21457118490574992,0.1024951706431691,152.73737373737373,20.586438780956236,0.009704279689826373,1.1992998748256178,0.007448844544694148,0.8575212224149237,14.838476303107752,9.115770282588879e-05,-0.005053691842594404,0.07619503817991294,-0.03458575181327987,-0.09032141439885066
lowvol,regime3,"(30, 20, 10)",0.05834384743683254,0.05834384743683254,0.001234230303316038,0.11745530612863375,0.07713455033465567,0.152880126231678,0.29478412138820176,147.68686868686868,15.853208555240649,0.007368760409801729,0.9390955674110537,0.0034945077620669876,0.4010595122566939,16.10977196985326,7.790953145207785e-05,-0.017721628803168975,0.03996364592224314,-0.0753596990352949,-0.15165146612469269
lowvol,regime3,"(30, 20, 30)",0.0632219443637896,0.0632219443637896,0.02734137754044391,0.08204690278610322,0.06752170861279828,0.14263239817849815,0.0776080070419771,160.26767676767676,24.717747820300314,0.009785013871671694,1.1969903440593088,0.007592487603102477,0.8824860905433216,15.084438547015553,8.772955901275003e-05,0.013097607074774862,0.06026504590235217,-0.01425794411723929,-0.05639158327084078
lowvol,regime3,"(30, 20, 15)",0.0696673592400119,0.0696673592400119,0.02683321689813165,0.09507677364739106,0.07124811711163084,0.13377425650786026,0.17449950956928384,153.34848484848484,23.130519420580658,0.009552506974983109,1.2027276560021372,0.006745668536626573,0.7908706273324907,15.111916226608152,7.581386180649269e-05,-0.0018450648477880834,0.08496001253359631,-0.02576535473582947,-0.078944758549504
lowvol,regime3,"(30, 20, 40)",0.06794879669416816,0.06794879669416816,0.03196238655428114,0.082452911883308,0.06767502105992075,0.14560329707546732,0.07577839748794314,160.7651515151515,26.409537185883547,0.010116692924318337,1.2395760430456328,0.007997106117446237,0.9355478723669756,15.049751525383078,8.748141020033243e-05,0.021512934226942976,0.05737647599204486,-0.009646519991040334,-0.05180608123649118
lowvol,regime3,"(30, 30, 10)",0.03193206405275892,0.03193206405275892,-0.02128058088433294,0.11447141825256844,0.07614671111305504,0.12052172318455909,0.32248004136289227,151.29545454545453,8.88057616872677,0.005722912080956417,0.7231756246575811,0.0020128440197445365,0.22670681299483683,15.47379476719849,7.630791770954154e-05,-0.03210862662605382,-0.0009719925102790623,-0.08981321488981626,-0.15671299980944295
lowvol,regime3,"(30, 30, 20)",0.037441750479979725,0.037441750479979725,0.007542264669783354,0.07590561384848425,0.06720897335297445,0.0753326408984914,0.12588678780268248,163.3181818181818,16.072517521487708,0.008770832214063749,1.0910040829240444,0.006885708241596727,0.7942567536110795,14.07636300930822,7.195797654169965e-05,0.007534525754920409,0.008298232430137704,-0.02206747362003682,-0.05171722389420551
lowvol,regime3,"(30, 30, 15)",0.0458886895525543,0.0458886895525543,0.006781059004821404,0.09147209704319387,0.07040930088460019,0.0929610242935486,0.20841433435759404,157.61111111111111,15.818042343239236,0.00828946971031761,1.048837047632533,0.005687851269305134,0.665959734441537,14.441645209268374,7.405103597399327e-05,-0.009109006180823854,0.038771517014457496,-0.03808455419473456,-0.08248645501867768
lowvol,regime3,"(30, 30, 40)",0.027614430398294348,0.027614430398294348,0.003005495519360225,0.06696526478129361,0.0660226503169699,0.0785218097159009,0.05578457215262328,172.5530303030303,13.479350772403656,0.008008423035971483,1.0246051945021686,0.006875934345630004,0.8336244982274125,13.530485681692879,8.23768466143116e-05,0.009282482885741565,-0.01006590001691733,-0.015493149526171887,-0.034033994970403963
lowvol,regime3,"(30, 40, 10)",0.028847406299688495,0.028847406299688495,-0.023816787716035688,0.11424818236563482,0.07655613299992386,0.11031590942908331,0.3329411778729927,152.2929292929293,8.058604039114115,0.005625442325835611,0.7025136677081733,0.0017709458107709865,0.19827979222285166,15.397592468507856,7.585872071853381e-05,-0.027740880345878873,-0.01791485969155623,-0.09117547169027765,-0.15682898130219478
lowvol,regime3,"(30, 40, 15)",0.04111534303789375,0.04111534303789375,0.0021193905892510382,0.09170752353613862,0.0708062249863069,0.08361359345685325,0.22142660116579913,158.74242424242425,14.162231536153401,0.007964781001974909,0.9956692480569352,0.005237466494452713,0.6072762228392866,14.397068600350785,7.357160724533188e-05,-0.00843506080851833,0.023176113962489392,-0.042441346676916854,-0.08644434287071828
lowvol,regime3,"(30, 40, 20)",0.030078216230515625,0.030078216230515625,-5.8373880150620265e-05,0.07612395283918438,0.06763232957196429,0.06448082729544695,0.1407606555551351,164.78787878787878,12.88608687192337,0.00826295705983218,1.0122625664866254,0.006314682042237802,0.7197133022136428,14.137474940893842,7.138064442445786e-05,0.0031365286689878876,-0.006742423772162291,-0.029992870084856384,-0.059907560339228234
lowvol,regime3,"(30, 40, 30)",0.000988128147492763,0.000988128147492763,-0.022336065524865282,0.06396788055451984,0.06567517447469318,0.052990715803935814,0.06999810742498647,173.9848484848485,0.5101372941709639,0.0058627129061855745,0.7219969440833759,0.0051054575724090254,0.5947002741541988,13.627988155972787,8.180182145389105e-05,-0.02002338687011496,-0.02955802944160034,-0.03911895163037137,-0.05587022215266713
lowvol,regime3,"(40, 10, 20)",0.0055720616046755714,0.0055720616046755714,-0.05034556809011104,0.12170152924343035,0.06623997015886418,0.32320959347006906,0.14736045517322868,156.57323232323233,1.4848526006145089,0.004000082914419284,0.47494029144874045,0.0010585527821941859,0.11433735185531348,15.479994397049296,8.853605630893181e-05,-0.08881666155236966,0.022779077514769222,-0.13097078598901607,-0.21086222204524355
lowvol,regime3,"(40, 10, 15)",0.0033162171479296184,0.0033162171479296184,-0.05345772045145916,0.12342430159430226,0.06766760209681712,0.3162333781767138,0.1631787995541916,155.02272727272728,0.870538815820963,0.003908301140203241,0.46108634506309265,0.0007421070213602079,0.0792489881197249,15.473438862386436,7.439811921554624e-05,-0.09112332161107695,0.017167656715622332,-0.13459531349445109,-0.21499459469650556
lowvol,regime3,"(40, 10, 30)",0.0038149890264691736,0.0038149890264691736,-0.052258493355520734,0.12166474902274706,0.06578051940787709,0.3302926218314327,0.13954190222093044,157.67424242424244,1.0156678439133922,0.0038725452411452147,0.4625283178454095,0.0010306047682138509,0.11238003420608016,15.502219263944411,0.00010265735906611133,-0.08528973861860763,0.009998790215384846,-0.13350600765405374,-0.21401689745206565
lowvol,regime3,"(40, 10, 40)",0.005290129461985868,0.005290129461985868,-0.050755243100249946,0.12169434116853305,0.06568969524094079,0.33129052660310626,0.13886891140369478,157.94444444444446,1.4063466064308678,0.003996650063042008,0.4785350242499978,0.0012017157779495484,0.13159283826719023,15.476423561479193,0.0001025010250102501,-0.08149905443947057,0.007078727539872146,-0.13190746852559604,-0.21233497167665402
lowvol,regime3,"(40, 15, 10)",0.03279829877480619,0.03279829877480619,-0.023193665123455796,0.11475386513999976,0.06546291099718542,0.20897733528206414,0.25879368937704195,156.93939393939394,9.169323187684604,0.005649289996795978,0.691012415415697,0.001722972112747872,0.18861871858304868,16.235958056033066,7.386942839836306e-05,-0.05953600718684603,0.048311813691674414,-0.10319117154380683,-0.18248445664818497
lowvol,regime3,"(40, 15, 20)",0.03275144203750816,0.03275144203750816,-0.009149548704573652,0.09292516471821781,0.057175813731372156,0.21933170613335037,0.11443766113244169,164.7979797979798,11.254809919368133,0.007473474694603961,0.907064258290609,0.005016067551101646,0.5642817831524967,15.24668086447541,8.533879501621438e-05,-0.03930546823948881,0.05105420734570589,-0.06714548733701338,-0.12535666831472267
lowvol,regime3,"(40, 15, 30)",0.04038439904417338,0.04038439904417338,-0.001687983848483872,0.09273903494032033,0.056411906918527814,0.23009059133709572,0.1018820046191418,166.8510101010101,13.843111083864214,0.007918271712448178,0.9637396186503331,0.005609288279249157,0.6353820128410291,15.276875815889596,9.848058525604952e-05,-0.031240349663543512,0.059187152140058305,-0.060337431867369916,-0.11925977336096806
lowvol,regime3,"(40, 15, 40)",0.04335024232188091,0.04335024232188091,0.0013301782488407293,0.09272380297362048,0.056256237513249846,0.23139476693853622,0.1007758061364483,167.37878787878788,14.830686098726108,0.008099482989651543,0.9903432936108252,0.005870507469419665,0.6692356634228082,15.238985569158062,9.820426487093154e-05,-0.025474783596248766,0.05681743677257037,-0.057160944167891956,-0.11594620247433943
lowvol,regime3,"(40, 20, 10)",0.03164718442054998,0.03164718442054998,-0.023986882771257007,0.11059908821110961,0.06400305075264431,0.16521042047124887,0.29599315183937797,161.1338383838384,9.142336014593274,0.00533536098369036,0.6676954256491889,0.0012815072838590676,0.14429619020873605,16.635191159874044,7.227208996429758e-05,-0.04415230548029341,0.014528067797649454,-0.1040596451309055,-0.1836122441188457
lowvol,regime3,"(40, 20, 15)",0.04512548731986249,0.04512548731986249,0.004219634806406993,0.08757148841405497,0.057051554663529055,0.1479532225052685,0.17384292234284557,167.39141414141415,16.334217522620534,0.007602103629184748,0.9510448874526828,0.004673107892548888,0.5428493693036903,15.680076156828427,7.024642445699514e-05,-0.02652845911484266,0.0638718854788088,-0.05213633141489567,-0.10898987444662157
lowvol,regime3,"(40, 20, 30)",0.03585536018642404,0.03585536018642404,0.0020341854590456105,0.07403225863646286,0.05213255112718912,0.1591251102348144,0.07627142941573264,175.82828282828282,15.636560821209944,0.007624958438984067,0.9289771142086208,0.0053746825127679275,0.6201064759795354,15.785984524634951,9.436505796710703e-05,-0.011091406974558207,0.029978978141205113,-0.04361810393670468,-0.08973071543065388
lowvol,regime3,"(40, 20, 40)",0.042859231414201095,0.042859231414201095,0.009144882058017138,0.0741677257583362,0.051942672537913445,0.162221258134839,0.07401655179306899,176.70454545454547,18.631799211648307,0.008107431434886883,0.9940279012409886,0.0059263116430714,0.6907300251770017,15.714983824211311,9.394333874625905e-05,0.0004796533707707022,0.028423686884220832,-0.036312660964052466,-0.08225976743245918
lowvol,regime3,"(40, 30, 10)",-0.010380840630531348,-0.010380840630531348,-0.060925793383674716,0.10555742389222249,0.06182715542020015,0.12352037653534959,0.3271059480091875,166.2828282828283,-3.143371064052327,0.0029596689993133455,0.364469298420801,-0.0009080588031749339,-0.0998914760486038,16.015130955822684,7.033436959304533e-05,-0.07142538339196088,-0.04485308500276936,-0.13162902359411294,-0.2004034531159928
lowvol,regime3,"(40, 30, 15)",0.003233206412939155,0.003233206412939155,-0.03276337458162201,0.0819611043524156,0.054459865066134684,0.09799740322007548,0.2145182954047345,173.36111111111111,1.253986326949137,0.005531343414203668,0.6905857055743855,0.002862183186182295,0.3302348555231382,14.995451252340972,6.81533177035058e-05,-0.05017873350014842,-0.0011891764164139284,-0.08092503714806352,-0.1284632209476175
lowvol,regime3,"(40, 30, 20)",-0.008612075285685382,-0.008612075285685382,-0.034847392319976016,0.06561288287685234,0.05009598693120026,0.08092150218425061,0.13146138951823494,180.02272727272728,-4.3554940395525215,0.005848400692211316,0.7182517032942819,0.003952102976167827,0.4495032905019851,14.627290009897015,7.928432680999512e-05,-0.03492315309404076,-0.037965474461920674,-0.0677650137404435,-0.10066725414693169
lowvol,regime3,"(40, 30, 40)",-0.02308543184108211,-0.02308543184108211,-0.04283661379434606,0.05433965510748752,0.04643353555797007,0.0859681407850099,0.05384988200115621,192.95454545454547,-14.30721704097769,0.004882961680490125,0.6244324733524638,0.003627548659450905,0.4383773123864929,14.053846158417487,8.706251088281386e-05,-0.02904554045401247,-0.07756327070880849,-0.06395827522915339,-0.08509797976584285
lowvol,regime3,"(40, 40, 10)",-0.011380953713500105,-0.011380953713500105,-0.06110763627632522,0.1045670322694559,0.06198380708545502,0.10804677569099677,0.34032154934007586,168.42424242424244,-3.4876058063428466,0.0030876806107969917,0.37416314827997005,-0.0009643997899059788,-0.10507113637588622,15.965021675115167,6.954586549829613e-05,-0.06136782644602337,-0.0656923531108482,-0.13007752992440877,-0.19703390827352846
lowvol,regime3,"(40, 40, 15)",-0.003587970246449855,-0.003587970246449855,-0.039140986471743716,0.08116600726428913,0.05458788075288749,0.0813898133515256,0.23109406068371158,175.7550505050505,-1.4085001970348678,0.00516366806499771,0.6307353591647208,0.002283652228406822,0.25887014090190485,15.007795180908428,6.73282792238396e-05,-0.051377989158043175,-0.018144542527723583,-0.08635016072425647,-0.13282077089477054
lowvol,regime3,"(40, 40, 20)",-0.01723292305158079,-0.01723292305158079,-0.043600962718625486,0.06482003959137407,0.05022891255409611,0.062433790990903515,0.15071350063951555,182.88131313131314,-8.844519886952686,0.005344592454993772,0.6399535878671354,0.0032661043416761623,0.36439212678685245,14.869088783596238,7.818608287724784e-05,-0.04005787844218013,-0.054894002985564266,-0.07671902608057611,-0.10976993764730615
lowvol,regime3,"(40, 40, 30)",-0.0544507241105596,-0.0544507241105596,-0.07277760334676292,0.05015077502983391,0.04623555873750765,0.04957319048020573,0.07310885322265735,195.43939393939394,-37.13855760596356,0.002438187697363393,0.2957232647097812,0.0013577949729846593,0.15646969386345744,14.433392986624932,8.612416644110338e-05,-0.06009943200330597,-0.10767854033915163,-0.09126262916131148,-0.10969638220839253
value,regime2,"(10, 20)",0.07569867346985099,0.07569867346985099,0.05331437764523167,0.05277745887887842,0.059863795723103116,0.03540437284594098,0.0387421316330778,96.79800498753117,74.24432357277031,-0.0052566594231844045,-0.5338102930092364,-0.009027442274417367,-0.8915419413774337,22.062553126436015,0.028731434136839543,0.12507692962761913,-0.033283257837160324,0.038308058835693166,0.023284312285337484
value,diag,"(20, 20)",0.06835254892273493,0.06835254892273493,0.0549391483991105,0.030261823130470374,0.029755221686988444,0.030741504257190713,0.03237819271121819,123.62344139650872,130.42988635621293,-0.005205459760982103,-0.5965122146139386,-0.00796898760295787,-0.901407568845598,24.61947044343771,0.0297723292469352,0.15364369031585615,-0.06412057590559955,0.04274741430354841,0.030534415667833138
value,diag,"(10, 10)",0.05486125777728869,0.05486125777728869,0.03035219006272603,0.0578623580482446,0.05538110809893441,0.06487255829897821,0.06142321540033815,92.97506234413964,48.72682564110122,-0.00832640041052797,-0.836594918335389,-0.010418639849450191,-1.0164074098859017,21.89808323274532,0.02860818890486642,0.11062685213991154,-0.0698973173360746,0.006899176637108552,-0.016607500542826056
value,regime2,"(10, 15)",0.08452538209386679,0.08452538209386679,0.062321378018769906,0.053013647160908416,0.05813064008913375,0.04055459073401095,0.04275338886324587,95.46384039900249,82.77492548767906,-0.004322411229781553,-0.4589485590512115,-0.0071586800442821775,-0.7389557327976923,21.899213538610052,0.028565085473247983,0.13799179744905185,-0.02986268678497766,0.04617546729324099,0.030005651584146177
value,diag,"(15, 15)",0.0567735271757422,0.0567735271757422,0.041427072261861535,0.03582944880574771,0.033819765148409266,0.03935144749948832,0.041861171847688235,108.85037406483791,87.76806354765093,-0.006587823778952993,-0.7519186637898678,-0.008382368847826754,-0.9402140789913976,23.387455354135454,0.029333040807371653,0.131425914386759,-0.0676213355933717,0.02652420472774241,0.011612453590533086
value,diag,"(40, 40)",0.1493126598466037,0.1493126598466037,0.1402120885963655,0.020725776753046758,0.02058346257376081,0.02006303998013988,0.02248463927832064,167.40149625935163,447.71820603657886,0.0026356243618992966,0.3307531333305834,-0.0002528284545887231,-0.03154428825450775,25.179142023472036,0.03103312819169831,0.3415634422102396,-0.09140095444399618,0.13165120794637875,0.12305071177954018
value,diag,"(30, 30)",0.12199966606841764,0.12199966606841764,0.11095348311223445,0.02472354503364092,0.02420092052118575,0.026249673068991605,0.02540119039127967,148.49625935162095,294.1201333965364,0.0013654984112926598,0.16047550872063646,-0.002502200660598007,-0.28995762988539214,25.109096557436274,0.030676750681977817,0.25486281992659854,-0.060577660850799075,0.10058687658540763,0.0901806748233454
value,regime2,"(10, 30)",0.07546035187779841,0.07546035187779841,0.052802439232333256,0.05291148259077082,0.06154442629182587,0.031731701835463234,0.035834795515653814,98.00249376558604,73.63036576464147,-0.005219287418929737,-0.5313064613772467,-0.009202407060672954,-0.9120669046655124,22.196589783155357,0.028929697465642976,0.12468840780753288,-0.03360246939710737,0.03883566874559741,0.024846879876216386
value,regime2,"(10, 40)",0.0869742153288781,0.0869742153288781,0.06404360393577424,0.05299647040898053,0.06224527307402288,0.03054603173253851,0.03435076805895045,98.6783042394015,84.45097677559914,-0.0032125405500826477,-0.33050598323420494,-0.007725048214541588,-0.7725825736100332,22.34170882178254,0.028934216504459695,0.14561031286961698,-0.03339567106812863,0.05028385449186531,0.03649000161595476
value,regime2,"(15, 30)",0.055733765592720336,0.055733765592720336,0.03974478444058979,0.03533119199790262,0.03873276524619642,0.025452645611538594,0.03084112246148061,112.49875311720699,87.26176857315629,-0.006724882963570758,-0.725002726549208,-0.01018720281543423,-1.0875613362065255,24.332979109765,0.029449287688709334,0.13391606735833592,-0.07251734500786913,0.02836114924288309,0.01696900102052842
value,regime2,"(15, 10)",0.054702085853396545,0.054702085853396545,0.031565924237743126,0.048940545600391384,0.0358006511208983,0.09043036991959331,0.06142321540033815,100.02493765586036,58.17046283597699,-0.0081764220673314,-0.8606803248191055,-0.010489558038824969,-1.074996509146719,24.21087603570257,0.027401798390913393,0.1298243846902133,-0.0935043654622596,0.002291050217111931,-0.027045653010255993
value,regime2,"(15, 20)",0.05887890081810802,0.05887890081810802,0.04335962024501032,0.03501589405804505,0.036261756306973564,0.030506627645281562,0.034672428916637237,110.85286783042395,93.54410696264092,-0.006864384882852402,-0.7417562273457257,-0.009605354650484985,-1.0232655273260098,24.0432473310762,0.029304582210242586,0.14107421830998,-0.073396281255633,0.030698818001206264,0.018030111009750365
value,regime2,"(15, 40)",0.06701903082758481,0.06701903082758481,0.050670482158897655,0.03549564032116593,0.039527140881784904,0.024465638015338565,0.02918430057063237,113.30922693266832,103.8251328356185,-0.004834629991230402,-0.5297684329853509,-0.0087385288246728,-0.9471791842622043,24.56218775106251,0.02967077059531603,0.1547449454420971,-0.0723204263261683,0.0394566434597275,0.028225908509152804
value,regime2,"(20, 10)",0.04682508113620566,0.04682508113620566,0.023475719203436288,0.04937437449499401,0.03299212553127691,0.10350893842165358,0.06142321540033815,103.50124688279301,48.84621278585602,-0.009251268820470997,-0.9827061165758231,-0.011629482105239591,-1.2056531642294201,24.00284787871964,0.02654015401540154,0.117842148226721,-0.0980777877827783,-0.007460783366555904,-0.03843834480405552
value,regime2,"(20, 15)",0.05230516296022368,0.05230516296022368,0.03685478893386608,0.03596246205689141,0.029767814058829688,0.05539407916817105,0.042034543943646245,113.65835411471322,79.56849708768253,-0.00719117102945702,-0.8358644641650378,-0.009007565164591868,-1.0318596080545464,23.215891731224673,0.02858647566884348,0.12103896568885501,-0.06640948456677012,0.019680200217765502,0.0025107525895708923
value,regime2,"(20, 30)",0.06975468808235438,0.06975468808235438,0.0562981692085296,0.030008200043494877,0.03216003692192556,0.023095549414926954,0.02813645691712942,126.29177057356608,134.039603234272,-0.00458960068137392,-0.5273746685177193,-0.007841321124010451,-0.8929838822958448,24.789577769902227,0.030334807809640024,0.15100581021717102,-0.05836991071084495,0.046151261867568946,0.03598922591286568
value,regime2,"(20, 40)",0.07956621685469464,0.07956621685469464,0.06572116382616915,0.03023612802546921,0.03306699699422088,0.02202275313152459,0.026488023904369086,127.2793017456359,150.79722236746377,-0.002993552659991133,-0.3462948518257287,-0.00666913204116768,-0.764298787498695,25.072328388668538,0.03056280988607547,0.16884177278075657,-0.05838338103486268,0.055756155962999855,0.04577002203655997
value,regime2,"(30, 10)",0.03962027201724806,0.03962027201724806,0.01605983481312539,0.04971049654327966,0.031092198986160682,0.11259064418747354,0.06142321540033815,107.0423940149626,40.8179447421403,-0.010536010161515065,-1.1173251355082987,-0.012932507181665248,-1.3430710991320096,23.92516452136452,0.02571333407349839,0.10446998486185696,-0.09832058154289014,-0.01657260751588455,-0.04922039015343485
value,regime2,"(30, 20)",0.06645332292190242,0.06645332292190242,0.05305797025917383,0.030263656042115415,0.025495292948290255,0.0467701902518678,0.032676214897544825,130.93765586034914,125.60260196024781,-0.006251949832932063,-0.7083615321421255,-0.009147153673118306,-1.0256556854769274,24.41587330107128,0.028389307492492768,0.1411508688255466,-0.05512634128539915,0.037930296543487105,0.022795207684855875
value,regime2,"(30, 15)",0.047356476588489224,0.047356476588489224,0.031757450004252556,0.036322151909280384,0.02732932965324178,0.0666636678291898,0.04202363040978736,118.41645885286783,70.6725621630847,-0.008433069587967896,-0.9649473050035171,-0.010440621809614723,-1.1798649115639706,23.047679878860997,0.027495238481176805,0.10727407896544298,-0.06211473879664221,0.012595353977849624,-0.006550180666573208
value,regime2,"(30, 40)",0.13338377763785497,0.13338377763785497,0.12224857023051142,0.02446957003969152,0.025445423938023272,0.02178716204818191,0.02296013803257101,151.20448877805487,325.7769817799423,0.0026548676622401898,0.313173192786857,-0.0014058388518700753,-0.1638065415867097,25.470992915914213,0.03130116536646441,0.27414892723896805,-0.05793697601290481,0.11331888301346947,0.104353132483079
value,regime2,"(40, 10)",0.024587405972280846,0.024587405972280846,0.0005482792772436965,0.05008857945352666,0.03060205398244835,0.11653409018803622,0.06142321540033815,108.15211970074813,24.976358587357282,-0.012550946606874768,-1.3400177241044997,-0.014963550220419074,-1.559512856424182,24.02593501091231,0.025463421069991426,0.09350258293932046,-0.11947658308709226,-0.03334963014315339,-0.06721867033850304
value,regime2,"(40, 20)",0.05628659088531298,0.05628659088531298,0.042192866199503846,0.030966473798783457,0.02380622992119099,0.05689001337645103,0.03292906197480292,133.0847880299252,101.89112428678246,-0.007354207120350984,-0.8397316720684659,-0.010214920374163331,-1.1522202424469392,24.56153696374468,0.02794805760092858,0.13150664910918486,-0.06759116327112716,0.024477438511404603,0.006778374301060949
value,regime3,"(10, 10, 15)",0.054141494459158564,0.054141494459158564,0.02981063828106965,0.05756858306763021,0.055989068461341586,0.06954876301991664,0.04885962154825672,93.28428927680798,48.210118970069416,-0.008168079594038471,-0.8169717016106829,-0.01037186401593124,-1.007458372087406,21.806628645018787,0.028833090122276455,0.10444664970760871,-0.06288241036959269,0.0073162042272181685,-0.01521699845065493
value,regime2,"(40, 15)",0.0394458265329138,0.0394458265329138,0.023278865249822586,0.037042904320184734,0.02678188861948038,0.07270764487245433,0.04202363040978736,119.85286783042395,57.08058332440988,-0.009581764015747531,-1.0971621093935129,-0.011612403781997457,-1.3102093106318382,23.132233398825978,0.02717968233621087,0.0984135846506843,-0.06981214518593748,0.002710115852456908,-0.017825096593731327
value,regime3,"(10, 10, 20)",0.04814555305422963,0.04814555305422963,0.023508351933368234,0.057772317840406665,0.05655617220047091,0.07052431390924492,0.0459161733379456,93.38154613466334,42.55078594796642,-0.00865398169881279,-0.8598575391878781,-0.010971047049233379,-1.058770142278355,21.887895998727057,0.02908131205228101,0.09334013413781386,-0.06271071662893458,0.0008812092956614779,-0.021774531557957753
value,regime3,"(10, 10, 30)",0.04817469324224009,0.04817469324224009,0.023339399762732436,0.05797244669420423,0.056962137288350305,0.07104829017680032,0.04449903550616181,93.50374064837905,42.36851274728164,-0.008663690594930336,-0.8592099885038329,-0.011013896366826733,-1.060928139726718,21.944038281300987,0.029321684992719785,0.09287688987421645,-0.06238644255402194,0.0008287767287062864,-0.021713699465668593
value,regime2,"(40, 30)",0.11416969495027926,0.11416969495027926,0.10231099902525546,0.025189118041115465,0.021370108020028238,0.0396065442021774,0.02537337156320999,152.95511221945137,262.299448827196,0.00030971288291339015,0.03754428841696667,-0.003642413935730711,-0.4342424000476671,25.500849516154258,0.029987458924007428,0.2483085073766517,-0.07288970841772192,0.0886895896087334,0.0750311051885775
value,regime3,"(10, 10, 40)",0.05074840149079886,0.05074840149079886,0.025644339787241024,0.05816435108751339,0.05736886474878041,0.07131676747191497,0.043384727209642406,93.55860349127182,44.44510798925472,-0.008468291467879923,-0.8391088090655894,-0.010843936543127725,-1.043957525620221,22.067966732243153,0.029405861099959855,0.09709399449130202,-0.06239197183610904,0.0029947179817383725,-0.019694431734960875
value,regime3,"(10, 15, 20)",0.07898138776763423,0.07898138776763423,0.05646876839115009,0.053318360720099274,0.0587442059383973,0.04187706409694806,0.039854954376163,95.58104738154613,76.56038549880815,-0.004740372128175817,-0.49890391203607504,-0.0077075540287869,-0.7886252409800361,21.954211233991327,0.028827674567584883,0.1263842444135321,-0.02815407454795045,0.04022603185117794,0.023966011670492546
value,regime3,"(10, 15, 30)",0.07803015745838984,0.07803015745838984,0.05530304124851125,0.053555541104973396,0.059218270258556735,0.04249769432768549,0.03821522330589039,95.72568578553616,75.16202123437378,-0.004823986084132213,-0.5059917042818913,-0.007840305361982231,-0.7993918895177863,22.009584229002574,0.02905717941147525,0.12409482292157564,-0.027803461063741562,0.03916138520943661,0.02300120207705971
value,regime3,"(10, 15, 10)",0.06081888201632246,0.06081888201632246,0.0365091723810512,0.05693528263981119,0.05575695818684087,0.04662845053373597,0.0785347414731961,93.53366583541147,55.059318926600454,-0.007822305506302526,-0.7729186797432718,-0.01010779912304772,-0.9640257932683671,22.079801600281332,0.02847457627118644,0.11353365009613964,-0.05913767059476492,0.013938024455573815,-0.008585286950713087
value,regime3,"(10, 20, 10)",0.06175644966449445,0.06175644966449445,0.03721385435194332,0.05703886549584867,0.05588534622741579,0.04268844944528024,0.08440404006216552,93.6857855361596,55.73103830554229,-0.007759704003026833,-0.7652813846202156,-0.010110615705752467,-0.9598764905083914,22.199579765714,0.028431028431028432,0.1149561969029679,-0.05913767059476492,0.014359452241779015,-0.008446759398774862
value,regime3,"(10, 20, 15)",0.08741463324511604,0.08741463324511604,0.06491024737061529,0.05336876450398142,0.05827963240353374,0.03638843303338917,0.05085562292953514,95.65336658354114,84.85590920751356,-0.004081982400132493,-0.4343077364759404,-0.007041341990935115,-0.7256358530503075,21.988535474008128,0.028511633632894252,0.1422934887080729,-0.029141768675228462,0.0483613877396059,0.03178684213847617
value,regime3,"(10, 15, 40)",0.08060669452442294,0.08060669452442294,0.057603440397326074,0.05375592928813935,0.059623036755312754,0.04279559705546797,0.03713689683035548,95.785536159601,77.27445726215369,-0.004629607152939498,-0.4851963490044256,-0.007671303787158157,-0.7817048056252662,22.145705393558558,0.029138388905281795,0.12834626667811244,-0.027811630704737855,0.041312765768669824,0.024997587132663413
value,regime3,"(10, 20, 30)",0.07215651084373922,0.07215651084373922,0.049540928685200596,0.05303554116786609,0.06051369412366602,0.03598121657649572,0.036356324637019134,96.96009975062344,70.2287201176032,-0.005560674857742474,-0.5597978018805618,-0.009426349358503686,-0.9225916648441302,22.1056017304499,0.02895344597058466,0.11811821627806682,-0.03293208876700788,0.03464439064897738,0.019730886117342854
value,regime3,"(10, 30, 15)",0.08978585662203631,0.08978585662203631,0.06690178113936694,0.05373593091450101,0.058677620149136966,0.033143887269418255,0.05632452249174592,95.81047381546135,86.41468904421305,-0.004006501616049346,-0.4243013060938669,-0.007020613875464074,-0.7205894355186422,22.147840004067486,0.028467476277103103,0.14599249159513758,-0.029141768675228462,0.04993574654355941,0.0329409146737621
value,regime3,"(10, 20, 40)",0.0746299913174045,0.0746299913174045,0.051732017180134274,0.05324061773086125,0.0609200385111285,0.03629531330947554,0.0352831826477985,97.02992518703242,72.27630339784245,-0.0053752132303026695,-0.5405935285616862,-0.009268230160655007,-0.9064111635262201,22.2445028584567,0.029030925831450574,0.12218250196291822,-0.032940251431792224,0.036676490093464326,0.02159856561236034
value,regime3,"(10, 30, 10)",0.06338640975281809,0.06338640975281809,0.03855287789010078,0.05726266179289045,0.05628333397301902,0.03971022719541777,0.08833427898368586,93.81795511221945,56.928641650176694,-0.007752329100766139,-0.7609017853931924,-0.010165913203698184,-0.9611692827550492,22.335640929483557,0.028393299782167807,0.11741738775801283,-0.05913767059476492,0.01546106109600982,-0.00758499804390102
value,regime3,"(10, 30, 40)",0.07803550834303788,0.07803550834303788,0.0551078306557747,0.053106793409440134,0.06198818408201552,0.031843122921522506,0.034771220182280654,98.07481296758105,75.78158957806583,-0.005029123802126269,-0.5114447732235333,-0.009040453984586798,-0.8953198411573791,22.329708552480945,0.029029775361970274,0.12896539073348914,-0.033610567131803305,0.04108571242603871,0.027035756417423614
value,regime3,"(10, 30, 20)",0.07593478458893356,0.07593478458893356,0.05327729915324682,0.053122416794836425,0.06051635921486633,0.03210891391730786,0.0426918111406619,97.0349127182045,73.8462966180662,-0.005302841985518381,-0.5363139521157932,-0.009147144537798009,-0.9004091680178672,22.138088125294658,0.02866512814283979,0.12505883235977255,-0.03321535348496467,0.03835674818034152,0.02341507940849516
value,regime3,"(10, 40, 10)",0.06478708995729747,0.06478708995729747,0.039912897136778994,0.057407401597205074,0.05638753246284401,0.03901698351445246,0.08992788438507143,93.87032418952619,58.01844342063329,-0.007671095860847211,-0.753515453554059,-0.010090910646476454,-0.9560961467745667,22.315239049938807,0.02837837837837838,0.11986828134479993,-0.05913767059476492,0.016820743196310613,-0.0062296869547261175
value,regime3,"(10, 40, 15)",0.09145818614806936,0.09145818614806936,0.06850986629906801,0.05398259455442123,0.05878181863896198,0.03233606577224927,0.05890284066634576,95.8927680798005,87.54252193163104,-0.003914009253347432,-0.4144837764380062,-0.006922839310699822,-0.7114820804671027,22.1042142947295,0.028444400776202992,0.14893006658281763,-0.029141768675228462,0.051496883320551474,0.03445180557115426
value,regime3,"(15, 10, 15)",0.055557162568961656,0.055557162568961656,0.032233256258581255,0.04843019512865936,0.03550083326944622,0.09737391123662358,0.04885962154825672,100.86533665835411,59.37934565560139,-0.00783592085744526,-0.8227997150925761,-0.010201000495795268,-1.0427968040277003,24.460792003492255,0.029362711705151395,0.12594668258991415,-0.0854467910065528,0.0025577428447182207,-0.027140860926497812
value,regime3,"(10, 40, 30)",0.07697419175709089,0.07697419175709089,0.054237146997188936,0.05327123711427574,0.06165960004693206,0.030870972576874992,0.03933632543331179,98.11720698254364,74.49039325767025,-0.00514341993490236,-0.5236025610784929,-0.009124419414228147,-0.9055266380366594,22.113766130628246,0.028897704050967664,0.12721704480998064,-0.03347844882040015,0.0402005909573567,0.02613972559203752
value,regime3,"(10, 40, 20)",0.0776095379255341,0.0776095379255341,0.0548763248971663,0.0534456736256668,0.06062055770469133,0.031306936379661636,0.04587587452545793,97.11720698254364,74.9257269522075,-0.005212012622355982,-0.5272092219888241,-0.009051203815182407,-0.8923196696110156,22.07015275429662,0.028642167095490074,0.12798861348114596,-0.03321535348496467,0.039888119841017436,0.024876188171365395
value,regime3,"(15, 10, 30)",0.04943509666875981,0.04943509666875981,0.02557706033089636,0.048804976538644455,0.03643195256820974,0.09887343839350725,0.04449903550616181,101.08478802992519,52.11044428249088,-0.008333496606566989,-0.8684406773590782,-0.010844965535851455,-1.100868120631959,24.632856095134404,0.029817857896340748,0.11425667054777669,-0.08493098583734608,-0.004146581326450217,-0.03388388148059094
value,regime3,"(15, 10, 20)",0.04940302993940376,0.04940302993940376,0.025768981045362238,0.048570801459578705,0.03597687763740755,0.09834946212595186,0.0459161733379456,100.96259351620948,52.43036880056297,-0.00832166366470559,-0.8687445794952177,-0.010799976480094349,-1.0981671762497092,24.57678708485195,0.02959399202065243,0.11473238474321358,-0.08526823763846969,-0.004067747885757041,-0.03391339688469046
value,regime3,"(15, 10, 40)",0.052081878428283206,0.052081878428283206,0.027918726746182593,0.049020395655132123,0.03687259874804483,0.09914191568862189,0.043384727209642406,101.13965087281795,54.587514748259515,-0.008140999182577803,-0.847676999055959,-0.010677918601806153,-1.0833189186552967,24.78143051868544,0.029896206743047257,0.11853402851171811,-0.08493673486129283,-0.0019512785026066682,-0.03184528823643769
value,regime3,"(15, 15, 10)",0.031625915864179954,0.031625915864179954,0.01048912158829569,0.04605108972174829,0.03553787183293684,0.0475382480868067,0.10233332997055465,102.38653366583542,36.01588321157146,-0.01028357506573344,-1.064466021447162,-0.01260832146225046,-1.2576152201752364,23.713932310150874,0.02714984581855278,0.10065919859158014,-0.10371453894596246,-0.015466168345544356,-0.041290356861848745
value,regime3,"(15, 15, 20)",0.05201804416588636,0.05201804416588636,0.036356307727052055,0.03600124882916275,0.03441142258875657,0.04211445689177237,0.035915398954411114,109.06733167082294,79.59399780515854,-0.0068816954508546,-0.7782553440870295,-0.008815484498091025,-0.9793206611098133,23.558670212595906,0.029539930365471784,0.11901789484946972,-0.0631502800250352,0.02134285985531027,0.006326417341858272
value,regime3,"(15, 15, 30)",0.050783246380478674,0.050783246380478674,0.03482250600436053,0.03632478589998163,0.035005781441198126,0.042782408165524304,0.034230322183125605,109.22693266832918,76.69934771493196,-0.007009107243485522,-0.7900382392977374,-0.008993975711598271,-0.9955062106719099,23.665417291505406,0.029782860641577924,0.11604991290815725,-0.06277014746967448,0.019910578901641555,0.0049947413629708925
value,regime3,"(15, 15, 40)",0.053461778617578906,0.053461778617578906,0.03716346910349034,0.036562595886565616,0.035428965982323174,0.04317148146175636,0.0332166052143751,109.29426433915212,80.01781036959773,-0.006815239921073183,-0.7675126443157668,-0.008824482532246564,-0.9761283200535393,23.885768605841797,0.029918265658464095,0.12039511631479445,-0.06277890411885481,0.02202743305015097,0.00688297898058469
value,regime3,"(15, 20, 15)",0.06491618892481198,0.06491618892481198,0.049200530389004966,0.03632795792834168,0.03401786179247296,0.031395662216146536,0.05637324418357664,109.1571072319202,98.37560022299385,-0.00578486892397105,-0.6649019730468765,-0.007739574345845863,-0.870750864889655,23.46146076755674,0.029254737210625357,0.1431333440606125,-0.06438931486017663,0.033738929671381646,0.018274024201091667
value,regime3,"(15, 20, 10)",0.03073710502132255,0.03073710502132255,0.009382825899536476,0.04613449652298264,0.03571983920838831,0.04123403836863982,0.1111946600974676,102.60847880299252,34.8703296026204,-0.01038135867546432,-1.0708364370319463,-0.012768704730403868,-1.2663928234384825,23.83699123878857,0.027093937991670522,0.09769863903887013,-0.10228512143420986,-0.01681737456854763,-0.04286078128162905
value,regime3,"(15, 20, 30)",0.05404576297310534,0.05404576297310534,0.038214107576856254,0.03539664875469534,0.037101641817262034,0.031317575692941156,0.03187233399698561,111.05236907730674,84.44665382282545,-0.007303834920454097,-0.7821316575832731,-0.01013891981835926,-1.0700068953368556,24.106162389435458,0.02953395759336993,0.13270358988880934,-0.07427589388604229,0.02567187018554121,0.01312293991948886
value,regime3,"(15, 20, 40)",0.05665766582615364,0.05665766582615364,0.04047975823261137,0.03565896862196367,0.037583287011434686,0.03172992408328619,0.030696163402973906,111.13466334164589,87.62895883692386,-0.007112967292464705,-0.7610792295501789,-0.009972514683137184,-1.051804787434043,24.32275315489942,0.029663569093099293,0.1369211501981115,-0.07428322629284291,0.027704084887708723,0.014917838945576705
value,regime3,"(15, 30, 10)",0.03230568497321636,0.03230568497321636,0.010590010944308363,0.04641159420797934,0.03616511958936541,0.03827113559635265,0.11526706266044767,102.7431421446384,36.37173449532298,-0.010391569890905478,-1.0677257687883015,-0.012841532349916562,-1.2688381791403744,24.019532274917204,0.02706012848361603,0.09991259781949981,-0.10228512143420986,-0.015911007456536768,-0.04225585605359582
value,regime3,"(15, 30, 15)",0.06550201191535376,0.06550201191535376,0.04931957474412936,0.0366824782821417,0.03441945503120753,0.027550093025861526,0.0625981700315047,109.35162094763092,97.9268092626922,-0.005936986242470972,-0.6765292468119924,-0.007897469095693457,-0.8809646053831699,23.755987919633295,0.029204892966360856,0.14347150502765327,-0.06438931486017663,0.033290970739932764,0.017261279765029128
value,regime3,"(15, 30, 20)",0.05821443453216748,0.05821443453216748,0.042137677000137916,0.03566081468354219,0.036945014317668695,0.02596041157995131,0.042683253249041486,111.12967581047381,90.17598622403419,-0.007065444119380947,-0.7571359273316047,-0.009832436031053977,-1.0390759324915835,24.246475443885938,0.029234608269156304,0.13890011133187574,-0.07333183465982804,0.029055802277348105,0.01596746390082541
value,regime3,"(15, 40, 10)",0.03375363570796642,0.03375363570796642,0.0119843525481056,0.046565616006477954,0.03628270685497384,0.037577891915387324,0.11686066806183323,102.79551122194513,37.849733313359664,-0.01031128484908882,-1.061078356573027,-0.012767580770141404,-1.2648550500613467,23.99186080757422,0.02704700311814297,0.1024021186157424,-0.10228512143420986,-0.014520444044838692,-0.04087412072128406
value,regime3,"(15, 30, 40)",0.058664580353675826,0.058664580353675826,0.04234201521148519,0.03559171076597347,0.039273258064690786,0.025658834984553715,0.02962430642597811,112.58852867830424,90.92387970016713,-0.0065145460053208665,-0.7019772446439387,-0.009999029653046984,-1.0671723119007277,24.536053154955873,0.029596736497684104,0.1387375321513369,-0.07252464138373758,0.030835661095512445,0.01931635295703603
value,regime3,"(15, 40, 15)",0.06712685921249764,0.06712685921249764,0.0508683114150854,0.03689632377381732,0.034521054326758296,0.02683508805536119,0.06479222604841137,109.44887780548629,99.5711289228402,-0.005851387225241756,-0.6669449131995365,-0.007789498796454088,-0.870307553671637,23.706372000706907,0.029180034483511207,0.1463269146963375,-0.06438931486017663,0.0347738093619676,0.01867662257782426
value,regime3,"(15, 40, 20)",0.059821584908634574,0.059821584908634574,0.04365621756546911,0.0359570766522595,0.03704661361321947,0.025256212377116536,0.04552251299103085,111.22693266832918,91.62796491898803,-0.006983309972358975,-0.7486137406078378,-0.009728214804732582,-1.0298968611580923,24.149216122795796,0.029210102095647502,0.14171532560368855,-0.07333183465982804,0.030486932628680737,0.017310551350457823
value,regime3,"(20, 10, 15)",0.04856917796521633,0.04856917796521633,0.02495921492596578,0.048902941178318664,0.03264626490082412,0.11084159852964173,0.04885962154825672,104.43391521197007,50.85002620181509,-0.008825112887864969,-0.9350309754270054,-0.011259803456585536,-1.1641594818619876,24.285928288137605,0.028854024556616644,0.1153778229471202,-0.08990372186043183,-0.006587435422396345,-0.03812806135671868
value,regime3,"(20, 10, 20)",0.04361992901293157,0.04361992901293157,0.019306634460055302,0.04905657239831078,0.032908683088733744,0.11270223241311461,0.0459161733379456,104.76558603491272,45.27080047809727,-0.008830087170977611,-0.9294924690875442,-0.01102123292458475,-1.127706216760113,24.695130817695617,0.030059166232176457,0.10585667605712815,-0.08972221014517041,-0.012937223685447564,-0.045151930906349114
value,regime3,"(15, 40, 30)",0.057197577969132274,0.057197577969132274,0.04111218022054269,0.035675647769472435,0.03884441664599694,0.024700915530907634,0.03408040188430082,112.6284289276808,88.36893328899586,-0.006656667449599043,-0.7180169387099811,-0.010098684427554848,-1.0800310983948054,24.208210911838247,0.029416762244594538,0.1363658706639543,-0.07241165131174024,0.029629581272556417,0.018137998320482532
value,regime3,"(20, 10, 30)",0.04364789754111167,0.04364789754111167,0.019110150633688212,0.04918221614105326,0.033207207422896984,0.11322620868067,0.04449903550616181,104.88778054862843,45.11927957526739,-0.008841680869333679,-0.9293933086773837,-0.011065916809314916,-1.1309181983554581,24.802733772056744,0.030274896970245914,0.10537113111604982,-0.08937936593959846,-0.013022515465302538,-0.045131488764102924
value,regime3,"(20, 15, 10)",0.024914732750217577,0.024914732750217577,0.0035112412564703285,0.04651048012626181,0.03246679920525119,0.06077495530862411,0.10376721228083197,106.17206982543641,27.761307073416614,-0.011115485277060341,-1.160821598788034,-0.013453989771619752,-1.3572002635528395,23.539131745906506,0.026243248694560857,0.09039012559985858,-0.10790320540056006,-0.024237568066891712,-0.051828957626357135
value,regime3,"(20, 10, 40)",0.04631985321326187,0.04631985321326187,0.021453670726894244,0.04941477613123826,0.03367257838817318,0.11349468597578465,0.043384727209642406,104.9426433915212,47.59025580604007,-0.008651170385409229,-0.9085891366439391,-0.010900868158093116,-1.1134496713302682,24.95699421827685,0.03035035306898425,0.1096327247578,-0.08938520992064854,-0.010829443260728943,-0.043100063943752404
value,regime3,"(20, 15, 20)",0.052973182410711334,0.052973182410711334,0.03671421101206372,0.036125620039617556,0.029915197077660778,0.06003883358092378,0.035742279937790125,114.3067331670823,79.50755591125176,-0.006510693214890584,-0.7479890258261724,-0.008149582641373075,-0.9193750018734397,23.87597718354325,0.029793831713040564,0.11041952649975778,-0.05317154329730346,0.018644432017069282,0.0005906686305885432
value,regime3,"(20, 15, 30)",0.05171414503402273,0.05171414503402273,0.03514812636331351,0.03635963507904853,0.030377246141799905,0.060706784854675726,0.034074878897735236,114.46633416458853,76.86941576769446,-0.006638918322904187,-0.7607859206704684,-0.00832872313993879,-0.9372167103543211,24.042143512927485,0.030025945764981587,0.10739356348901234,-0.052784163929660004,0.017170336751027318,-0.0007927925755283656
value,regime3,"(20, 20, 10)",0.018236983999239557,0.018236983999239557,-0.0032158801947832828,0.045726151698156185,0.03231324884826613,0.04150792780907639,0.1264604984216014,107.7356608478803,20.67853475059587,-0.01142600240897912,-1.1928044106876339,-0.013797767918712928,-1.3851419393430238,23.91298816197569,0.025886462109824034,0.08209340788595024,-0.11257305507599746,-0.03113748084681969,-0.058851454433781286
value,regime3,"(20, 15, 40)",0.05441170163925928,0.05441170163925928,0.03748338756116335,0.0366158457441348,0.030823723681146005,0.061095858150907775,0.033079226300464,114.53366583541147,80.09651976263653,-0.006448488891647599,-0.7383754016672552,-0.008162458212532838,-0.9180127477653013,24.268134267574357,0.03015537756958531,0.11169847044084669,-0.05279308807756619,0.01927247580077556,0.001071242165805828
value,regime3,"(20, 20, 15)",0.05555781759734577,0.05555781759734577,0.04029507701527181,0.03529323545016087,0.029497386554615857,0.031247746110769734,0.0734245697449022,115.83541147132169,86.44699663263799,-0.006385553577401693,-0.7557588408755171,-0.008342602261506467,-0.9625698879527198,23.382311497855543,0.028394627372255222,0.12862018383315932,-0.06805944887292041,0.02329599753575931,0.006312836110207105
value,regime3,"(20, 20, 40)",0.06606928089638055,0.06606928089638055,0.051941695840356836,0.030948424235925732,0.03112895982331983,0.032061621896567555,0.02831937778547746,123.95511221945137,121.82782102159014,-0.00545200919396694,-0.6194802783543885,-0.008343057104345972,-0.9356534305277757,24.954766984816082,0.030219513615278613,0.14905177342059397,-0.06476043624155782,0.03960018579810923,0.02723547200840424
value,regime3,"(20, 20, 30)",0.06342024956239196,0.06342024956239196,0.04968630312635784,0.030636809675728842,0.030617692449048394,0.03156236181551174,0.029391795331989105,123.86034912718205,118.680891682493,-0.005635405069372453,-0.6408682405554651,-0.008502730409190624,-0.9542191150920698,24.698464949518165,0.03006700980868214,0.1448488292511781,-0.06472864242394065,0.037610419655672064,0.0255147795521787
value,regime3,"(20, 30, 10)",0.021346510723315268,0.021346510723315268,-0.0004683612241346124,0.04596979369526018,0.03271155656307734,0.037782577459150916,0.13163892785491624,107.88778054862843,24.035507426389525,-0.01130685660890945,-1.1759544178470818,-0.013753681630936213,-1.3756620683240712,24.10428040540733,0.025851601651323487,0.08442256136972741,-0.10931820275952274,-0.02872309550828943,-0.05675255820349061
value,regime3,"(20, 30, 15)",0.05747727510088129,0.05747727510088129,0.041752664299339555,0.03563865509855358,0.029845804552946126,0.02659284326714057,0.081053789405994,116.07730673316708,88.22121775876681,-0.006438214155833695,-0.7543255928341279,-0.008396707367745762,-0.9600484356946708,23.673378668228587,0.02833773959021811,0.1283625693628081,-0.06451009797312554,0.024153566937093737,0.006581268416323688
value,regime3,"(20, 30, 20)",0.0717113208612308,0.0717113208612308,0.057894598663420796,0.030715832622545385,0.030331449230720803,0.02386516629540132,0.042854977118720425,124.16957605985037,133.8707013489069,-0.0050584188772684995,-0.5758255449288555,-0.007852463095720014,-0.8830806732037428,24.765715037016022,0.029647140891739494,0.15406115201466053,-0.05831256236910801,0.04548850847640652,0.03307285279704419
value,regime3,"(20, 40, 10)",0.022813181945603937,0.022813181945603937,0.0009374753521294813,0.046128602449308616,0.032836048753777394,0.03708933377818559,0.1332325332563018,107.94014962593516,25.57957293134057,-0.011227157761267413,-1.1696757926487795,-0.013680379785489104,-1.3721502206774359,24.0782444979476,0.025839622225164394,0.08691638212517466,-0.10931820275952274,-0.027322654763173793,-0.05536311423573831
value,regime3,"(20, 30, 40)",0.07215482193406918,0.07215482193406918,0.058312361985467596,0.030340035863466414,0.03278640022769804,0.023375622758813403,0.026906293131131975,126.39900249376558,136.42606320395956,-0.0044267668213902175,-0.5080522146404887,-0.007707946551393672,-0.8768604612452073,25.021383837529882,0.030500466746680385,0.15476043703141226,-0.058401912771644755,0.04801324647696471,0.037695540687408005
value,regime3,"(20, 40, 20)",0.07306105635607561,0.07306105635607561,0.05915184105240526,0.030980254731169818,0.030433414925554327,0.02296621661043552,0.04572117970666403,124.2718204488778,134.7155983208091,-0.004998648052436759,-0.5687298960596671,-0.007775934510004565,-0.8749757698342612,24.67655557551778,0.029623605947955392,0.15638092951783966,-0.05831256236910801,0.046654017851489614,0.03414642003731796
value,regime3,"(20, 40, 15)",0.05908338161164986,0.05908338161164986,0.04327669609079013,0.035854959361017354,0.029949991912371222,0.025891288653600807,0.08323353760831806,116.17456359102245,89.94259080308606,-0.006355441482754678,-0.7449808425446808,-0.008289868215921231,-0.9495998946762042,23.625783455147545,0.028314931379630585,0.1311473428499193,-0.06451009797312554,0.02560671714578543,0.007962125911603687
value,regime3,"(20, 40, 30)",0.07102943542453778,0.07102943542453778,0.05746814728736785,0.030333438028342388,0.03227190400478278,0.02214884382962674,0.03150507472945862,126.43391521197007,134.3563350121996,-0.0045370933178817885,-0.5211926856754938,-0.0077743899805657185,-0.885974921626865,24.662718358855003,0.0303018760118084,0.15309270060746982,-0.058279555347683185,0.04720892187067346,0.036934486206164005
value,regime3,"(30, 10, 15)",0.040690942219830405,0.040690942219830405,0.016866512116220526,0.04925053955641082,0.030739139444558593,0.12001376053589884,0.04885962154825672,108.03241895261846,42.05237954429293,-0.010177352103255478,-1.0763858689423662,-0.012629413589207576,-1.3080287772943016,24.20033460529274,0.02794784830198652,0.10187753085375459,-0.09160250756279177,-0.016388971615088368,-0.04960834512616171
value,regime3,"(30, 10, 20)",0.03603357095034396,0.03603357095034396,0.011554651608785887,0.0493678070857226,0.030657515715465298,0.12298483021339907,0.0459161733379456,108.37406483790524,36.9461271541942,-0.01013100709036634,-1.0645319804540627,-0.01234104584801261,-1.2645298402749017,24.580587376880295,0.02920317062995411,0.09294493619358177,-0.09141968395332803,-0.022995432838620274,-0.05745874161113566
value,regime3,"(30, 10, 40)",0.0386804461763294,0.0386804461763294,0.013501011050302615,0.04975142421138233,0.03106911754178872,0.1252584941323963,0.043384727209642406,108.85536159600997,39.20222669654667,-0.010045491603189387,-1.0545697467118622,-0.012334950178854536,-1.2639035811655643,24.927579893402058,0.03082910617456708,0.09647614158288995,-0.09108024607022262,-0.021914101097844182,-0.05723933819286958
value,regime3,"(30, 10, 30)",0.035996456552440846,0.035996456552440846,0.0111694759048441,0.0495330243660996,0.030624171821497456,0.12499001683728163,0.04449903550616181,108.80049875311721,36.690478555858945,-0.010233815198026179,-1.0750283522408637,-0.012497828416786923,-1.281031263285242,24.749345313079523,0.030756442227763924,0.09224445015768225,-0.09107435997236686,-0.024090519254826397,-0.05924840173015556
value,regime3,"(30, 15, 20)",0.048374157405283065,0.048374157405283065,0.031942595774012296,0.03650692845354647,0.027133597145662217,0.07273339017669497,0.03573201640958613,119.19700748129675,71.17046418554074,-0.007709813498656718,-0.8722388686844275,-0.009537022620274147,-1.0615313877040127,23.705553988264203,0.028813047417698582,0.09711855601544703,-0.0485984515724425,0.011131081690908068,-0.009636397829383109
value,regime3,"(30, 15, 10)",0.01937225034950277,0.01937225034950277,-0.002360126556652568,0.04691644619262065,0.030302024026547046,0.07069763602238657,0.10457209628453165,110.0573566084788,21.253132619942,-0.012268184652196385,-1.2810444406062849,-0.014684858376417264,-1.4870599102867192,23.536275793226714,0.025368284228769498,0.08001051452162741,-0.10863720050239552,-0.03206619879462804,-0.06158475521373331
value,regime3,"(30, 15, 30)",0.04767618397734508,0.04767618397734508,0.03073246145493613,0.03675706890362402,0.02709548162448967,0.07539465712696636,0.03406461536953124,119.72319201995012,69.34042480919375,-0.007917314938583376,-0.895302227874456,-0.00984734499513508,-1.0963978402389523,24.054343828851476,0.03045552971368995,0.09488665507100222,-0.048206482090727754,0.00887265529378063,-0.012928138208461545
value,regime3,"(30, 15, 40)",0.05039207356837856,0.05039207356837856,0.033053289501950335,0.03700242399219344,0.027526300580442756,0.0757837304231984,0.03306896277225999,119.79052369077307,72.61936445016723,-0.007729800320268224,-0.8737122301195274,-0.00968398050058468,-1.0779627400726204,24.316710441433788,0.030579323888343387,0.09913907935603244,-0.04821551223654765,0.01095501220073706,-0.011090035813016577
value,regime3,"(30, 20, 10)",0.013949936818222349,0.013949936818222349,-0.007835009225949341,0.04596869244538031,0.029927492067471872,0.05064765110039117,0.12832648691023538,111.97007481296758,15.615026741591608,-0.012560613983442603,-1.3128080027835893,-0.014969336909075424,-1.5100916622504337,23.96454598503237,0.02496322667291991,0.0717883596656555,-0.11063605318450857,-0.03772433875498383,-0.06737698061251945
value,regime3,"(30, 20, 15)",0.05287263355960796,0.05287263355960796,0.03747085164995234,0.03551732948142274,0.026751976458557807,0.04174046596492394,0.07516691302264006,121.02992518703242,80.95619738567886,-0.0076654223558713964,-0.8927038179615795,-0.009783962869314329,-1.1145662993750944,23.2577774282565,0.02723843557673218,0.11536565471501278,-0.05949692699749141,0.018420745197890893,-0.0006030047002988073
value,regime3,"(30, 20, 30)",0.06543598950051548,0.06543598950051548,0.051077852433630506,0.030606523016490368,0.02540947772210562,0.05146674447292238,0.029046171526878845,131.88029925187033,121.08465505623349,-0.006531072265562628,-0.7402065705066746,-0.00957351636536504,-1.0738725766248196,25.277737249261566,0.03051647487147588,0.13956445439339668,-0.05631553271129883,0.03400323685534322,0.016941805630630666
value,regime3,"(30, 30, 10)",0.02455726540819761,0.02455726540819761,0.0020439723005657878,0.04578769249805536,0.029762153021626804,0.03843849696773706,0.14561951746126284,113.38154613466334,27.31917769151909,-0.011077618061741644,-1.1707096432316175,-0.01414808267609547,-1.4269645682931082,24.48500951099185,0.024673929075623168,0.08965646226734861,-0.1095538677591199,-0.029314296798586294,-0.06033902482287976
value,regime3,"(30, 20, 40)",0.06813081822938145,0.06813081822938145,0.05335450008130821,0.030885724295300288,0.02586707892615007,0.05196636549123425,0.028011656401711924,131.97506234413964,124.4011417681851,-0.006348832680437217,-0.7193096034430605,-0.009415031144561156,-1.0558615930854713,25.577963571785208,0.03065981680896576,0.14379533249572976,-0.056345777512806214,0.03600364977641127,0.01866215691197374
value,regime3,"(30, 30, 15)",0.06100096266389081,0.06100096266389081,0.04461552424180388,0.03559493435249859,0.026574289868153578,0.027425439377323117,0.09767718034921304,122.92768079800499,91.95965904979012,-0.0065355811012884945,-0.7639738050292356,-0.009140675207414673,-1.032391582390549,24.061731495064954,0.02684353661638395,0.1292165826715654,-0.0591748692011671,0.0235812391127067,0.002616855081688965
value,regime3,"(30, 30, 20)",0.08099795152618741,0.08099795152618741,0.06780891405349918,0.02946795982221226,0.0250637651784095,0.02432552217872617,0.06146324100124526,134.00997506234415,156.3688700859947,-0.0036228668466767202,-0.4123125407113236,-0.007012710645967882,-0.7749950581311774,24.467161972042394,0.02806416726748378,0.17229299605133583,-0.05891368988902352,0.052937248905264564,0.03806824208152782
value,regime3,"(30, 30, 40)",0.12496610580129974,0.12496610580129974,0.11360344578534542,0.024999240605494143,0.024832485168574968,0.026489509680010827,0.023750607985970375,148.62344139650872,295.92831517233213,0.0015634042134180814,0.1835883459836897,-0.0023325746385456413,-0.2700816166043817,25.305931753711675,0.030847070344377347,0.2598155923134758,-0.06060317589723679,0.1032775877809071,0.0929095354875643
value,regime3,"(30, 40, 10)",0.025618123221423088,0.025618123221423088,0.003023150255752117,0.04593072550451899,0.0298738732159568,0.037475641840960174,0.14755124637772063,113.45386533665835,28.387813858396026,-0.011039236752167274,-1.1687870606366635,-0.014171774939617361,-1.432734188915788,24.480027967195806,0.024658861185983826,0.0914329766456225,-0.10959090819445144,-0.02839268014372604,-0.0594659297179311
value,regime3,"(30, 40, 15)",0.06234201720633742,0.06234201720633742,0.04583421808382519,0.035762148250289304,0.02667392215448197,0.026255917766916787,0.10017178184870196,123.04738154613466,93.36794947060821,-0.006483486227926174,-0.7584386653756237,-0.009110841779696198,-1.0308759708176722,24.079560448379105,0.026818350632342305,0.13149091797676643,-0.059214603878369076,0.02463942405772362,0.0035201925437067716
value,regime3,"(30, 40, 20)",0.08114870433566201,0.08114870433566201,0.06779919512272901,0.029706118843665356,0.025159200421457917,0.022915088578095315,0.06490188945887096,134.14214463840398,154.80201143743048,-0.0037074093391170184,-0.4211303625438212,-0.007107446741292158,-0.7850495177935359,24.474678301366797,0.028037383177570093,0.1723474391525998,-0.05896917456021013,0.05268766121271301,0.03758365251661567
value,regime3,"(30, 40, 30)",0.12259745542923928,0.12259745542923928,0.11116951890268903,0.025078660042940258,0.024386931250219526,0.022086134830837805,0.033293758940137114,149.0224438902743,288.49250328104756,0.001313610474386332,0.15432180129566106,-0.0024904723306627104,-0.2890026883599127,25.274980850293186,0.030669553468231615,0.25313017980729224,-0.058089617586748736,0.10019874157005366,0.08919648654653156
value,regime3,"(40, 10, 15)",0.02554778400107234,0.02554778400107234,0.0012443187499961543,0.04962911080966675,0.030250322887385137,0.1239548300626091,0.04885962154825672,109.14214463840399,26.02814863736119,-0.012190631722380533,-1.2976617380299613,-0.01465898517100211,-1.523210054875628,24.299718708765692,0.02767841563426976,0.09075150194296383,-0.11271068095377912,-0.03327745315151059,-0.06771575620505295
value,regime3,"(40, 10, 20)",0.02079255408422102,0.02079255408422102,-0.004168146305017781,0.04974637833897853,0.030168699158291838,0.12692589974010934,0.0459161733379456,109.48379052369077,21.016228823009634,-0.012144286709491393,-1.284230154438047,-0.014370617429807149,-1.4772641679750345,24.676843467787172,0.028922474720017396,0.08167824137170043,-0.11252624343564484,-0.03998863412432038,-0.07566996063345795
value,regime3,"(40, 10, 30)",0.02072793364030299,0.02072793364030299,-0.004582859474482617,0.04991159561935553,0.030135355264323992,0.1289310863639919,0.04449903550616181,109.91022443890274,20.827826118625843,-0.012247094817151236,-1.294800835989613,-0.014527399998581457,-1.493948676378712,24.84400277601282,0.030461911777450387,0.08093941395979987,-0.11217784903236991,-0.041116892266644625,-0.07749447497521796
value,regime3,"(40, 15, 10)",0.005404633313046793,0.005404633313046793,-0.01687027429542068,0.047392861736440174,0.029788126942777788,0.0752716911232014,0.10457209628453165,111.26683291770574,5.827338724682514,-0.014154228062231511,-1.4867357336997031,-0.016595348549174813,-1.6867965921868002,23.679837367618102,0.02510612752454869,0.07025698265971068,-0.12905737508776763,-0.04797534024675822,-0.07884945398532904
value,regime3,"(40, 10, 40)",0.026354991916286576,0.026354991916286576,0.0007426095462155137,0.05010258020818174,0.03011966411366559,0.1308031736904072,0.043384727209642406,110.06483790523691,26.342477508521462,-0.011760678120099849,-1.2383127691282,-0.014064678332752687,-1.4415777366826692,24.986753709240407,0.030940326279804406,0.09060060501598519,-0.11218378608161153,-0.036442448666352406,-0.07347664285380912
value,regime3,"(40, 15, 20)",0.04042701990203337,0.04042701990203337,0.023421943424125496,0.03722764395515912,0.02658733368431274,0.07877268001781589,0.03573201640958613,120.63341645885286,57.6816178388434,-0.008856927760012406,-1.0025603606848787,-0.010707270600430618,-1.189834390124836,23.77698570420407,0.028484414188462915,0.08811678891655993,-0.05624310548503705,0.00119237174334099,-0.020973144319339956
value,regime3,"(40, 15, 30)",0.04093156384709768,0.04093156384709768,0.023349838394910723,0.037505793688717405,0.026540226651839485,0.08162204782859922,0.03406461536953124,121.19950124688279,57.65493457186803,-0.008976143284383172,-1.016416934670725,-0.010948056528378998,-1.2180505103271053,24.154712195798737,0.030298226493609432,0.08801094180832486,-0.05584925875395819,-5.178843870512648e-05,-0.023370120805048192
value,regime3,"(40, 15, 40)",0.046633289873275405,0.046633289873275405,0.02868781572715073,0.03773613214969638,0.026524712148580782,0.08362836816588752,0.03306896277225999,121.38403990024938,65.1148220034239,-0.008494968045886439,-0.9585207320897334,-0.010488120734101849,-1.16346063680134,24.37983891164859,0.030867251033855042,0.09779097528042939,-0.05585833158558658,0.004513220093940576,-0.01957889290085967
value,regime3,"(40, 20, 10)",-0.0005060950098665825,-0.0005060950098665825,-0.022871881950473818,0.04652809208525424,0.029402716345943904,0.05569872753573805,0.12835605343811335,113.33416458852868,-0.5548870224875465,-0.014446654764381513,-1.5172275581955836,-0.01689232645559239,-1.7098723972094576,24.083620306145605,0.024677568911742394,0.06039916775422462,-0.13014899452062095,-0.054227882122831216,-0.08530368859641335
value,regime3,"(40, 20, 15)",0.04480014891008493,0.04480014891008493,0.02875602341866909,0.036389068024289976,0.02624796066966631,0.04842295210478813,0.07520415415847032,122.6209476309227,66.03635558924816,-0.008800475142166172,-1.0237512388836605,-0.010956018187213631,-1.2449094107334586,23.31108293025774,0.026899850992079054,0.10527033633615811,-0.06615587354125856,0.008227963692249774,-0.012258945739309968
value,regime3,"(40, 20, 30)",0.05470426243927753,0.05470426243927753,0.03956984602037016,0.03133228820121912,0.02370397169334311,0.061949853398185345,0.02904408279743909,134.0773067331671,96.8687658003091,-0.007743170558794466,-0.8843531710716942,-0.010767037020578818,-1.214701192630553,25.461535876188048,0.03023264188994526,0.1318439054119119,-0.07238242733656954,0.019730564667301255,-6.0079163537970416e-05
value,regime3,"(40, 20, 40)",0.060661341599929725,0.060661341599929725,0.04506348241240514,0.031614077125703854,0.02368110718635105,0.06429340747928829,0.02800956767227216,134.356608478803,106.03597118900038,-0.00729231887176713,-0.8296831321238032,-0.010364863304359418,-1.1656860956065886,25.800865366124437,0.03103435882691202,0.14193189482249952,-0.07241311967865176,0.024245016364933817,0.0034779180207650793
value,regime3,"(40, 30, 15)",0.052857157443222856,0.052857157443222856,0.035838048806538625,0.03649373206013196,0.02603762622937967,0.03433812082576412,0.09777687288129173,124.68079800498754,76.62434326456194,-0.007661288104036382,-0.8945539968829854,-0.01030228096806035,-1.160939700262434,24.056715972944005,0.026481885386708873,0.1181932467460036,-0.06478585890496322,0.01333880916425227,-0.009074647367293185
value,regime3,"(40, 30, 10)",0.009719082416471275,0.009719082416471275,-0.013377796772164064,0.04636834690242412,0.029212149927770523,0.043668358105763055,0.14569878572462328,114.9077306733167,10.580961605647142,-0.012982594376727493,-1.3788521110276106,-0.016086812913986802,-1.6281466228501922,24.58300708184827,0.02436233512253984,0.07729676851627801,-0.12857997375533825,-0.04621139318753293,-0.07866589279951378
value,regime3,"(40, 30, 20)",0.07182620670596004,0.07182620670596004,0.0579428862136766,0.030293027687523386,0.02344322265517075,0.03462844014338085,0.06204824148185221,136.428927680798,131.72086172633848,-0.004673149388523973,-0.5362553491556398,-0.008055580102767954,-0.8970703355063047,24.484824884451978,0.027584862872936006,0.16340296023608006,-0.06978287422181578,0.04051451682294614,0.023111352979995482
value,regime3,"(40, 30, 40)",0.12086429142056601,0.12086429142056601,0.10845245713489757,0.025463184433464344,0.021358823087735457,0.042356082269275806,0.023619802675432212,153.41645885286783,272.9230072213093,0.0007549068236075399,0.09119790936322802,-0.0032568004127908625,-0.386694954536973,26.026249723578633,0.03096063440809155,0.2627746377240829,-0.07643254222933446,0.09375281581620555,0.07901130749833352
value,regime3,"(40, 40, 10)",0.024538118302739255,0.024538118302739255,0.001385627544778842,0.04587728327914957,0.02899820180143237,0.03740164255951345,0.152099411745926,115.74563591022444,26.839524634957794,-0.011347402295947308,-1.2193921778171921,-0.015055381819470368,-1.5294576118584027,24.70826250881204,0.02419721453072695,0.08420951778520624,-0.10214461264500643,-0.03159241526718275,-0.06416308364340637
value,regime3,"(40, 40, 15)",0.051120001273796796,0.051120001273796796,0.033998676351264606,0.03579931109188911,0.02577616496828156,0.026154946289760048,0.10560877615025546,125.7281795511222,75.48886186197544,-0.007478535216494322,-0.886408112363035,-0.010382825272759282,-1.1750539156527755,24.491862790697184,0.026273458445040216,0.1281787789974119,-0.07863622523491255,0.011255677630253993,-0.01137607621587031
value,regime3,"(40, 40, 20)",0.05120757048800741,0.05120757048800741,0.03768462460506748,0.02931157047844023,0.023072129259722116,0.022655522549773887,0.0737206936303658,137.95511221945137,98.43050489679841,-0.006577722611827542,-0.7577671480703813,-0.009894746569785423,-1.099778742202023,24.821614585934867,0.027295198359132584,0.16503099092701537,-0.1126841751260738,0.020666775210884374,0.0036792580083072385
value,regime3,"(40, 40, 30)",0.09708216101863684,0.09708216101863684,0.0855636597332417,0.024242551183372697,0.020966609739126226,0.022151015521158064,0.045510427680216424,156.42394014962593,235.30828401012252,-0.0013407761220571436,-0.1668647111162275,-0.005121723219653734,-0.6221329626843685,25.85409214980867,0.029660819440344308,0.24909720286246548,-0.10827752169893447,0.07235198762961485,0.05910343588976623
profitability,diag,"(10, 10)",0.2908982264890312,0.2908982264890312,0.251108856212827,0.05930787134734302,0.05830124054071239,0.06466126400473879,0.05720958104920713,95.33169533169533,135.01559331937796,0.006548548681585191,0.7622498233229288,0.009346811316823668,1.1449773468790734,19.023940789805216,0.02749764202278169,0.21707171071083528,0.3049938539039506,0.2140525144902626,0.1764969715173333
profitability,regime2,"(10, 20)",0.2791388930398994,0.2791388930398994,0.24200528487624598,0.056379719868395156,0.0631190045616905,0.042757204024976056,0.037989455941869414,98.5012285012285,135.32934225998662,0.00553825837031469,0.6565191118674227,0.00918881034899167,1.1672880278029294,18.63100954033574,0.027998308826983606,0.20665150342257596,0.2956325870935922,0.2184780815985698,0.19454819573899795
profitability,regime2,"(10, 15)",0.28101252581710007,0.28101252581710007,0.24383176598870143,0.0564292207597151,0.062118235760947785,0.04533637074950253,0.04031117656762369,97.48894348894349,136.16798433650186,0.005735430905957078,0.6763574986305783,0.009398551160293863,1.1851443453100559,18.638189427875556,0.02793786315664651,0.2096831189907779,0.2959019904734414,0.2187338409007099,0.19321869018123652
profitability,diag,"(30, 30)",0.2397779847861051,0.2397779847861051,0.2233751600120135,0.027601984291374965,0.027926103617760583,0.025740313393689724,0.028479026028125128,137.45945945945945,241.48587144919867,0.006102752320227897,0.97893173387562,0.00826281035832193,1.3565055278155564,18.461002576602517,0.02995220759502407,0.1969570622445797,0.2623338228403789,0.2071636250155397,0.19065380586685893
profitability,diag,"(40, 40)",0.3450957241370503,0.3450957241370503,0.3311089390305071,0.022805296484861518,0.02237436700790293,0.022077817243876068,0.026315095605825026,151.72235872235873,462.4738494643632,0.013614569759967879,2.161564311308475,0.015622484853421015,2.603001503773083,20.116433428351804,0.030304456999372252,0.2011521765815038,0.540472553522228,0.31689704814637165,0.30224683571063826
profitability,diag,"(20, 20)",0.25097609945376365,0.25097609945376365,0.2336029596418905,0.03266506349055666,0.03251199519489736,0.03405807095085224,0.03150070051786997,121.42506142506143,227.64037930730493,0.006091016164363018,0.8073687292888643,0.009354249494049765,1.3074477295472935,17.61636923532159,0.0289911318960666,0.18470906199854062,0.3159565974435046,0.2155323959064419,0.19717643749688943
profitability,diag,"(15, 15)",0.2755503160091533,0.2755503160091533,0.25387763490668785,0.03780970940966019,0.0377655584848505,0.03889745478069046,0.036472378420875064,110.83292383292384,209.5549923244666,0.006020369530017074,0.747648781743226,0.009528232168932265,1.2545542367946896,17.766815793861994,0.028967733750581467,0.201084660938981,0.33636881978487054,0.23145906708465178,0.20870400907604816
profitability,regime2,"(10, 30)",0.27020474545538625,0.27020474545538625,0.23288153449382215,0.05637919416035464,0.06376722522149568,0.04075119084071669,0.03723206257974495,99.07862407862407,130.52874548511826,0.0046312764950885155,0.5524143967497387,0.008419509464642368,1.0734542339295352,18.647817696700837,0.028078207853488753,0.19341101558625803,0.29211065625609406,0.2103429021425872,0.18745195956810343
profitability,regime2,"(15, 20)",0.2721255084081002,0.2721255084081002,0.2503858606924352,0.037671146800124934,0.03913195024751564,0.03525016963892425,0.03290840987429873,112.37837837837837,207.27403136163505,0.005825041727734051,0.7302033006126176,0.009194062126739655,1.2216887446802753,17.862703945230212,0.029260758859623492,0.1998717963685189,0.32905057143163324,0.23099519098589846,0.21128073077063833
profitability,regime2,"(20, 10)",0.27204799427545984,0.27204799427545984,0.23709756395659556,0.051215296475732475,0.03830023975262802,0.09735450032077259,0.05720958104920713,104.18427518427518,145.98670435482688,0.0045380068858832355,0.5436196669281828,0.007718361364051167,0.9888308133154892,19.36384796829234,0.025650192153007418,0.17069231625628026,0.34358177007263563,0.18774314999579966,0.13807789601631867
profitability,regime2,"(15, 10)",0.2570708434033333,0.2570708434033333,0.2225046479001198,0.051617139482008176,0.04064926820653917,0.09045622665835404,0.05720958104920713,101.41523341523342,137.94465943148103,0.004031101695033336,0.48052835048694553,0.0072990517720119856,0.9258490526554417,19.23205885462006,0.02630433288270742,0.15594490775343375,0.3265703984029684,0.17604182433266546,0.1292742130592933
profitability,regime2,"(15, 40)",0.24980179029721297,0.24980179029721297,0.22820663611683253,0.03757302595797531,0.040588423788665215,0.03018140132905214,0.031237338237884518,113.85749385749386,190.8581646932336,0.0037421549898840516,0.4735510031564191,0.007524950838056979,1.0106829878448005,17.841892457297522,0.02947602753844251,0.16661866653957777,0.3238881789851812,0.21160595826734177,0.1947774130570905
profitability,regime2,"(10, 40)",0.2695565239725791,0.2695565239725791,0.23216332312631444,0.05636523903555648,0.06417047110738457,0.039357567854189236,0.03686272079236907,99.61916461916462,129.59569679845734,0.004230427883533895,0.506062454665911,0.008356380902189837,1.0755706338152935,18.602754379470696,0.02816770475039509,0.19265107409829535,0.2907397749152736,0.2102657122605689,0.18802320045089196
profitability,regime2,"(15, 30)",0.2647820201053847,0.2647820201053847,0.24276054923971238,0.0378585109572734,0.040260231373591415,0.03281452175857854,0.03158096322268156,113.1891891891892,199.64446606947632,0.004985337142540507,0.6280693111662781,0.008557476825451821,1.140938465469206,17.904580822458037,0.029392256031838156,0.18963644378054453,0.32512843552947607,0.22479420840813474,0.2065504339503663
profitability,regime2,"(20, 15)",0.2597766662418587,0.2597766662418587,0.23818182784000053,0.03645060492180804,0.03338068433715096,0.0482085670077742,0.036721129197149566,115.14742014742015,204.38424827338827,0.005546189670520828,0.692823735233551,0.009450572597430684,1.2759438701126398,18.207834437283662,0.02804691483936767,0.16036627645484183,0.3628724379465811,0.21210286645607224,0.18576996072150334
profitability,regime2,"(20, 30)",0.20361176077229975,0.20361176077229975,0.1863420055936094,0.032397081284257744,0.033682891855136905,0.029362311089989736,0.029524441725295357,123.28746928746929,186.4127690909518,0.0034813487813904944,0.471568125429042,0.006843913941940139,0.9715090421539824,17.708012851145618,0.029336954235116373,0.116364041884008,0.30275803527389517,0.17066625787828166,0.15482074644772859
profitability,regime2,"(30, 10)",0.2850913825355613,0.2850913825355613,0.249647727315166,0.051023148214895515,0.03604854522091876,0.10504322504467384,0.05720958104920713,106.61179361179362,152.39498089817187,0.005408044099133618,0.6483850578699283,0.008432035944738138,1.0821585805035134,19.499936398236247,0.02510441951496862,0.19520898901477426,0.34049416181287623,0.1984940266722567,0.1470051548519954
profitability,regime2,"(20, 40)",0.20058195837921883,0.20058195837921883,0.18354154141648943,0.03235304671957178,0.03437135789517678,0.026712790528122615,0.02912381328165116,124.03439803439804,183.84120020228943,0.002939830671709669,0.3989812540812711,0.006387521903020126,0.9104565385669033,17.56302686163773,0.029396664828582837,0.10804773252445371,0.3083339125949606,0.16911837755635675,0.15454687256923322
profitability,regime2,"(30, 15)",0.2694811895694573,0.2694811895694573,0.24732884383952505,0.03617260077679498,0.031089478515693186,0.055591987330761795,0.03669243085106163,118.7985257985258,212.85643666477668,0.006253819471468353,0.7761537066338091,0.010485895574101367,1.421586430235735,18.544082753563877,0.027234194263983522,0.18711504129724518,0.34668526658961324,0.21920721212206978,0.19082775737136976
profitability,regime2,"(30, 20)",0.27381611977140513,0.27381611977140513,0.2559271168928925,0.03221140568459842,0.02968983432687269,0.04257295593882028,0.03140606762531662,126.61670761670761,250.9216283231077,0.007625223888001649,0.99735636518512,0.011273204447028236,1.5778981629065372,17.97716748328493,0.027997985488052823,0.22871113495489814,0.3049666884538434,0.23552207904263658,0.21482898522613933
profitability,regime2,"(30, 40)",0.22909071790109892,0.22909071790109892,0.2127702568650187,0.027480105065394625,0.02884679694535192,0.02273769717183054,0.026641210711840745,138.66584766584768,231.76284623420324,0.005848453547167306,0.9584570451637275,0.007962021648884599,1.3450216299997704,18.46362639776834,0.030163564193813303,0.17631981743308953,0.2660423422672429,0.19829560636148094,0.18356535182215952
profitability,regime2,"(40, 10)",0.28676961498473547,0.28676961498473547,0.25128160479687117,0.051017021275651095,0.03521943692384774,0.10823463726516278,0.05720958104920713,107.91646191646191,152.86454508266687,0.005585262698941855,0.6726123503173103,0.008678737539614843,1.1161304922921134,19.48056741969961,0.024818401937046004,0.19753218189257968,0.34106760721209334,0.19940314040795823,0.147190572433685
profitability,regime3,"(10, 10, 15)",0.2851304920279001,0.2851304920279001,0.24567678169191695,0.058593017000214666,0.0589402966355571,0.06740273889744514,0.04375827470151312,95.62899262899263,133.89050867173302,0.006378935119946593,0.7472510878329387,0.009336394070388238,1.1532924737399601,19.08136762103243,0.027959375678479243,0.20644625901367666,0.30737958084219297,0.21025777931375234,0.17443041153807318
profitability,regime2,"(40, 20)",0.27526177741432767,0.27526177741432767,0.2573992729951869,0.03201691804130412,0.027848141958188764,0.04867962388122232,0.03136801566711875,128.9017199017199,252.9535228030221,0.007762443877349003,1.0073986155317074,0.01143686205921283,1.585548750688846,18.01083030766877,0.027525122863639697,0.21645238089423857,0.32808886799253684,0.23616376549222431,0.21464210367910883
profitability,regime2,"(40, 15)",0.2713217874979483,0.2713217874979483,0.24908833875484696,0.03632283691697034,0.030016307346388705,0.0606063890969831,0.03668993869505533,120.42751842751842,211.75896560774285,0.006397106089655023,0.7974271497940346,0.010696783867482934,1.455576173226435,18.44097985680771,0.02688434842115554,0.18864136603021842,0.34835446329848013,0.22007761667497625,0.19080765170918096
profitability,regime3,"(10, 10, 20)",0.2864708396422958,0.2864708396422958,0.24689241686673385,0.05870088851818794,0.05911002015441882,0.06789557959376381,0.04295277185405579,95.69041769041769,134.246947547359,0.006433934048344242,0.7537116832310494,0.009392135868891755,1.1603714462431896,19.100804706261325,0.028111287911664014,0.20845758397264377,0.30740172245692327,0.21144616501246752,0.17558499128232957
profitability,regime3,"(10, 10, 30)",0.28736829503101385,0.28736829503101385,0.247619350215785,0.05879410981168079,0.05927831558423368,0.06834786984971353,0.04209533136805267,95.76412776412776,134.2942395785018,0.0064908421992669425,0.7610964500946155,0.009464051548078913,1.1705836896569375,19.119815750238224,0.028211429122096947,0.2097472652824871,0.30716314829855496,0.21209962296180218,0.17616957617371876
profitability,regime2,"(40, 30)",0.2382303218181617,0.2382303218181617,0.2234094178523754,0.02658444274912103,0.0252843483260006,0.03076961874844035,0.027858622113438904,142.02457002457,259.67755094068605,0.0065895592970379455,1.0457589437185868,0.008939599758811197,1.4366538533860804,18.33161694428146,0.029497341226045953,0.17808543930568618,0.2941063203731952,0.20733667663102798,0.19098940244960894
profitability,regime3,"(10, 10, 40)",0.28787830691831773,0.28787830691831773,0.24809414483801337,0.05882153153425994,0.05931595520269534,0.06849746729612755,0.04188633888522006,95.7960687960688,134.43761358560758,0.006521799932294693,0.7649239472434137,0.00949637031949907,1.174952792766122,19.124166195792416,0.02832301726837022,0.2105886531644197,0.3070596567237474,0.2125608782981461,0.1766124594080568
profitability,regime3,"(10, 15, 30)",0.2846956714441596,0.2846956714441596,0.24713319041907528,0.05667879697397278,0.0625136933092668,0.04709870011435269,0.03752352720454808,97.66093366093367,137.12296742034704,0.005983980468747852,0.704174570391593,0.009619617344622225,1.210734126662688,18.69499385097773,0.0281756836746774,0.21529701875538693,0.2956846801086033,0.22187140896805338,0.1962106765403792
profitability,regime3,"(10, 15, 10)",0.28764560363222774,0.28764560363222774,0.24959612300081135,0.05827650535661219,0.058492684973495565,0.04586145723206658,0.07517457539455123,95.75184275184276,136.6886532794515,0.006596908181574443,0.7593070273996969,0.009282797029273586,1.1261311996769976,18.709456841798144,0.027400891673695627,0.21857590175158362,0.2990650454764346,0.21626693810152367,0.18246469542165097
profitability,regime3,"(10, 15, 40)",0.28521072521890345,0.28521072521890345,0.24759778106084704,0.05671142376564349,0.06254943051161918,0.04727926224415807,0.037322501269870266,97.6928746928747,137.25514505123414,0.006014543320806745,0.7079874710148075,0.009651657830370633,1.2152359863203515,18.70337852071578,0.028285362620715772,0.2161320108047567,0.2955810621481146,0.22229666504613516,0.19659614903147926
profitability,regime3,"(10, 15, 20)",0.28382486319027433,0.28382486319027433,0.24648813980690054,0.05656594957420402,0.06234406331373982,0.046543547563869234,0.03837897046872943,97.57739557739558,137.16430444652616,0.005932106396741558,0.6972138305083138,0.009554010319884615,1.2006166175801718,18.662115187252002,0.028079903319826544,0.2141254493461494,0.29592348629566356,0.22139021856402946,0.19587816769147534
profitability,regime3,"(10, 20, 10)",0.28821402710964594,0.28821402710964594,0.2500713278141369,0.05835750149812971,0.05857850852319124,0.044504384403168805,0.0773277325544231,95.86977886977887,136.6138166167533,0.006562402331746591,0.7574843886431339,0.009281574564436505,1.1293244874617443,18.708180149036586,0.027369231880220495,0.21929599855885337,0.2990650454764346,0.21669921436295128,0.18285956977512105
profitability,regime3,"(10, 20, 15)",0.27811419206560123,0.27811419206560123,0.24115816394216594,0.05643778665487061,0.06249899859472443,0.042902560675456725,0.04177153276644525,97.67813267813268,135.32067452751005,0.005618782623451256,0.665376778016048,0.009139843586872668,1.1574626320826955,18.61081520787927,0.02788693717153544,0.20521617768656605,0.2963509155965275,0.21678555518888093,0.19201683245971302
profitability,regime3,"(10, 20, 30)",0.28000232759169397,0.28000232759169397,0.24268382587096124,0.05647812811694824,0.0632884234107967,0.04322632897243693,0.037143277598875486,98.58476658476658,135.33188359219736,0.005590976230570414,0.663605598887989,0.00925505543376108,1.1775919868193085,18.654067772382646,0.028093315809237702,0.20787565285896287,0.2953943306172914,0.21907610393177546,0.19507992244650935
profitability,regime3,"(10, 20, 40)",0.28052498938658504,0.28052498938658504,0.24315389764313225,0.05651251960614794,0.06332711656470137,0.04341106679018537,0.03693372999286976,98.62162162162163,135.4639496758385,0.005621426568554239,0.6674346682047084,0.009286859304634472,1.1821236281091134,18.662787238970182,0.028200736691457663,0.20871977226677832,0.29529085447658765,0.21950433017179047,0.1954664247886906
profitability,regime3,"(10, 30, 10)",0.28812940278468796,0.28812940278468796,0.24991525608074275,0.05851288789378373,0.05859978097130804,0.043263931560262064,0.0802828114603874,95.95331695331696,136.46092855420972,0.006693768518179549,0.7721023587199864,0.009226968661747634,1.1185907646048159,18.727950223120175,0.02734685042210838,0.2192114499363179,0.2990650454764346,0.21633580950528958,0.18228945659061446
profitability,regime3,"(10, 30, 15)",0.27738143771626733,0.27738143771626733,0.24034104142624968,0.05661660326119754,0.06252321214752393,0.04122290182564871,0.04554186888276485,97.77886977886978,134.7499321085466,0.005705452723805884,0.6751221434039911,0.009048436203738835,1.1414886987572168,18.61909468049992,0.027859896412269707,0.2040332705173766,0.2963509155965275,0.21574571367870898,0.19077662854702257
profitability,regime3,"(10, 30, 40)",0.270630653044261,0.270630653044261,0.23329074067512692,0.05640621232846905,0.06383278029494378,0.040857279780938165,0.03692474779828759,99.13022113022113,130.64050694003555,0.004660190906089749,0.5560706531745366,0.008448462825841455,1.077640890583133,18.645587463351223,0.0281811814148961,0.1941539290031332,0.2920074174831507,0.2107846894806314,0.18792558354075184
profitability,regime3,"(10, 30, 20)",0.2783869847096784,0.2783869847096784,0.24123167538729715,0.05650958890039315,0.06314321811449,0.041091427574422856,0.0413410905002396,98.6019656019656,134.89186555688786,0.005627083712700284,0.6664923701894788,0.009099574406822337,1.151499577521323,18.632101473299247,0.027971371582776017,0.2055329791187504,0.2956325870935922,0.21760355214927246,0.19359384747382888
profitability,regime3,"(10, 40, 10)",0.28740501429444687,0.28740501429444687,0.2489541378864975,0.05864088736132531,0.05863476638898073,0.042432774702096,0.08233949896671748,96.02457002457002,135.52847759051832,0.006586672992741504,0.760758339714355,0.009170606742847363,1.1137609433256017,18.75667536190754,0.027327789261164255,0.2174853086410749,0.2990650454764346,0.2150264643174426,0.1806341772902937
profitability,regime3,"(10, 40, 15)",0.2767658968731567,0.2767658968731567,0.23949482051977888,0.05672985142081143,0.06255813130487216,0.03991681528605487,0.04817225443609106,97.85012285012284,133.9033385262039,0.005610610887509802,0.6646537566599542,0.00900270666946697,1.1380517315883094,18.642932075747147,0.027840801663830593,0.202489280494255,0.2963509155965275,0.2145908444766091,0.18933252465678158
profitability,regime3,"(10, 40, 20)",0.27778604226183073,0.27778604226183073,0.24038541934319907,0.05663864444953419,0.06317813727183824,0.0398047133371235,0.04407186464296679,98.67321867321867,134.00571468098534,0.005531987834094355,0.6560685241466604,0.009053649714292655,1.148264908897972,18.657718572789758,0.027952349685770567,0.20398482004458318,0.2956325870935922,0.21642221190523783,0.19209642057451567
profitability,regime3,"(10, 40, 30)",0.26984468578328413,0.26984468578328413,0.23236510616782563,0.05644367138686217,0.06380214437884389,0.0395055868810485,0.039377148170893855,99.16216216216216,129.97268977401467,0.004558734050225574,0.5440974444303982,0.008394673912295043,1.0721983674022784,18.66108653483439,0.028055925121956912,0.19241574981527235,0.29211065625609406,0.20966698437892525,0.18663455141591115
profitability,regime3,"(15, 10, 15)",0.26572559491561776,0.26572559491561776,0.2312085665597835,0.05097851854188869,0.04075244766835074,0.09570750922823876,0.04375827470151312,102.05159705159706,144.3088169938484,0.004658505575079169,0.5591644722102674,0.008067960054338701,1.0328755861046526,19.38622019537065,0.02803035482327203,0.16604575624308657,0.3330359322200862,0.18476101719754967,0.13802140380135167
profitability,regime3,"(15, 10, 20)",0.26709760942545596,0.26709760942545596,0.2324825339259255,0.051015709866102314,0.04082087950108506,0.09620034992455745,0.04295277185405579,102.11302211302211,144.94853451856397,0.004715084775189286,0.5658815724848512,0.008125306085162182,1.040252082447619,19.42258281472391,0.028173825900788048,0.16815404020827412,0.33305853119796464,0.18600605893290983,0.13922738436800375
profitability,regime3,"(15, 10, 30)",0.26800291762451045,0.26800291762451045,0.2332060462651987,0.05112282290968276,0.041009083178384614,0.09665264018050714,0.04209533136805267,102.18673218673219,144.93249158654436,0.004771066795896591,0.5735412618795842,0.008196290813147511,1.0514225736380869,19.44572146924107,0.028268390386016022,0.16939997455506656,0.3328145441070403,0.186644614123714,0.13978702400569004
profitability,regime3,"(15, 10, 40)",0.26852216005925433,0.26852216005925433,0.23368625177340094,0.05115409209726105,0.041052236593517595,0.09680223762692117,0.04188633888522006,102.21867321867322,145.0818389756167,0.00480175216774675,0.577463173025106,0.008228335845425552,1.05607340603926,19.451185002674155,0.028373796900953378,0.17024253609148118,0.33270869198597086,0.18710769550475506,0.14022686895097047
profitability,regime3,"(15, 15, 10)",0.2796940092885205,0.2796940092885205,0.25016118766757106,0.04793907964908609,0.03974868568037191,0.04115555376817606,0.10436446517751136,103.45454545454545,163.02209135147857,0.005710959158478888,0.6743088321047499,0.008666124715396942,1.0817183989916999,18.172108629616556,0.025847705678389697,0.19126548738464325,0.3440609157918809,0.21306931838470305,0.17551748431510614
profitability,regime3,"(15, 15, 20)",0.2815460345026353,0.2815460345026353,0.25964310445378885,0.03800872542637894,0.03789783384174244,0.04159471144511252,0.0334030500397632,111.01474201474201,212.45573709402146,0.0064285914283135105,0.7978049710586373,0.009897719591880757,1.303250685248084,17.813655403049818,0.029346563918505226,0.20899266546639322,0.338763384099746,0.2370714270149659,0.21416613884996963
profitability,regime3,"(15, 15, 40)",0.284871331969406,0.284871331969406,0.2626037666687712,0.038285942049449524,0.038357208774956256,0.042445329029663394,0.031808442057458995,111.15724815724816,212.89173677095462,0.0065848275460217084,0.8185766807452423,0.010057295029761255,1.3273599596897772,17.907443295956625,0.029605887438584652,0.2141222608472534,0.33839807775317504,0.2400381609090018,0.21714153916922646
profitability,regime3,"(15, 20, 15)",0.2654530128438843,0.2654530128438843,0.24397744532318077,0.03785650549380408,0.03831740257060931,0.03548660967403367,0.03869865799441511,111.08845208845209,202.5395751447111,0.005652779462024761,0.7052183310609045,0.009051314716860114,1.1973108962645973,17.7045020905593,0.028904173171863792,0.18252966582229266,0.340420377566819,0.22287660924706174,0.20147546458373217
profitability,regime3,"(15, 20, 10)",0.277386413937793,0.277386413937793,0.24775579673306036,0.04804710825038047,0.03983925430797424,0.038951324080878855,0.10794756353072028,103.5945945945946,161.17341509842714,0.00552799078573681,0.6540563877272797,0.008522248756221065,1.0666253513622015,18.181487154819173,0.025814575790964897,0.18696817302387517,0.3445504476696916,0.21056175425156967,0.1729114983529159
profitability,regime3,"(15, 15, 30)",0.2843913529651021,0.2843913529651021,0.2621790861186837,0.03824995687034742,0.03831996108927375,0.04227297884013565,0.03197872083095503,111.12285012285012,212.82643519509935,0.006557834263145476,0.8147948229946681,0.010028821770382033,1.322731067535744,17.893065546619336,0.02948807188508511,0.2133787448861879,0.3384810287218102,0.23966643753036065,0.21682335954744694
profitability,regime3,"(15, 20, 30)",0.2749718359118827,0.2749718359118827,0.25295201801850037,0.037902986834397356,0.03955395007691392,0.03586817739464395,0.031496337398943294,112.48648648648648,207.75625338958616,0.005954536357595913,0.747274328171631,0.009325297454515772,1.241154321664514,17.93462115511991,0.029400725634930566,0.20431056888723848,0.32876384852848434,0.23368617807186232,0.21410381801398287
profitability,regime3,"(15, 20, 40)",0.2754604076879978,0.2754604076879978,0.2533810747464742,0.0379427343440748,0.03959482176525875,0.036051462501455106,0.03132013468197472,112.52579852579852,207.8066561322121,0.00598131956641456,0.7510272248313725,0.0093534576214207,1.2457224168260617,17.95072768314039,0.029515987826739483,0.20506083782518936,0.3286806356307174,0.23405670906549536,0.2144164274735321
profitability,regime3,"(15, 30, 10)",0.2773856869948672,0.2773856869948672,0.2476567553630566,0.0482080117839267,0.03986242045014797,0.03781259948633728,0.11078827251427048,103.68058968058968,160.89356752329192,0.005662547857963528,0.6693623288196767,0.008470682661098313,1.055904253714556,18.205976215819824,0.025794274929223027,0.1870944426219644,0.3445504476696916,0.2102450642119438,0.17237521410429682
profitability,regime3,"(15, 30, 15)",0.26501867934396756,0.26501867934396756,0.24342611052403187,0.03799232202608046,0.03834426647081493,0.033407734560707725,0.04268677527943278,111.21130221130221,201.64299278648295,0.005746068157995639,0.7161718503644019,0.008993007708555188,1.1854458379552262,17.72821967652685,0.02887371438206036,0.18186118507171828,0.340420377566819,0.22210939398496402,0.20051702689776568
profitability,regime3,"(15, 40, 10)",0.2766012202927011,0.2766012202927011,0.24663736945761852,0.04834251337617005,0.039900794059249595,0.037052436391254044,0.11277499149425568,103.75429975429975,159.58686476250904,0.005553032164639099,0.6570609041509663,0.008411902581554234,1.0502211982615126,18.241148677242027,0.025776899586851088,0.1851834430412855,0.3445504476696916,0.2088486703634522,0.1706049654807691
profitability,regime3,"(15, 40, 15)",0.26167456942944656,0.26167456942944656,0.2400176879362313,0.038128126444479285,0.03852615116747284,0.031051496233137507,0.046199226126434845,111.29729729729729,198.9392651227677,0.005647218255695689,0.7043017652403717,0.00865683341479348,1.137475881817197,17.748129138601705,0.0288524313964998,0.17672720530502745,0.340420377566819,0.21868531342045677,0.19710684543076396
profitability,regime3,"(15, 30, 40)",0.2651877707780974,0.2651877707780974,0.2431401683491816,0.037898391345894754,0.040333953244198306,0.03292343585775827,0.03132783477620984,113.24324324324324,199.64356144914288,0.005011204692830249,0.6316905613581968,0.008583458029374701,1.1452091118127667,17.90233843560852,0.02950316993328637,0.1903040152357704,0.32504524882603497,0.22518719422771222,0.20695726402463363
profitability,regime3,"(15, 30, 20)",0.27169472627721425,0.27169472627721425,0.2499302018611209,0.03774412839757251,0.03915881414772126,0.0331722964635274,0.036383587960433464,112.5036855036855,206.8171153248198,0.005923397031657994,0.7416989287180454,0.009140509261903296,1.2101637250722062,17.86633835052641,0.029229646617325133,0.19932302268941707,0.32905057143163324,0.23050430373286412,0.21077888863179453
profitability,regime3,"(15, 40, 20)",0.2683271019285185,0.2683271019285185,0.24647636618825552,0.037902319346247895,0.03934069884437917,0.030851123030965686,0.04002707041717428,112.58968058968058,203.92754490774905,0.00582473321074331,0.7299910757682435,0.00880447712712314,1.1626425109550749,17.891217903954235,0.029208333333333333,0.19402975386921575,0.32905057143163324,0.22698126000298038,0.20721645378320486
profitability,regime3,"(15, 40, 30)",0.2619998545694229,0.2619998545694229,0.23995166930239384,0.037973984120279164,0.04045030761641663,0.030536736188764364,0.0347668486422299,113.3071253071253,197.55892579736894,0.004917183028842444,0.619323770822262,0.008258082652215937,1.096076553158901,17.912696076847517,0.02936304149755653,0.18543254010729804,0.32512843552947607,0.2220346402032474,0.20387316745557005
profitability,regime3,"(20, 10, 15)",0.27659160128845967,0.27659160128845967,0.24127887189546973,0.05051336113135592,0.038019595357462195,0.10374601594338277,0.04375827470151312,104.94103194103194,150.4185458585965,0.004928531736098968,0.593485365118356,0.008256773089237937,1.0657010099367,19.729004530900134,0.027418244788313388,0.17281956981834506,0.35157504016316043,0.19102455618973926,0.1404922445896564
profitability,regime3,"(20, 10, 20)",0.2797289926698889,0.2797289926698889,0.24413883533336597,0.050606688072724434,0.03801009779464452,0.10485500930434256,0.04295277185405579,105.13022113022113,151.82662245119633,0.005021312630106491,0.6057459741119599,0.008327105416576018,1.0767529089277577,19.821468595620132,0.02808067375886525,0.17753474266011557,0.35159812414560665,0.1932918318893793,0.14215213360203205
profitability,regime3,"(20, 10, 30)",0.2806577244792783,0.2806577244792783,0.24491608538020193,0.05064112258319051,0.038094145968502004,0.10530729956029226,0.04209533136805267,105.2039312039312,152.0595272272729,0.005079318708921331,0.61376559103481,0.008400138723228763,1.0884179495998283,19.85667106863659,0.028172757475083056,0.17885179667082748,0.35134848677163577,0.19397747112103333,0.14275270182990357
profitability,regime3,"(20, 15, 10)",0.2945994975046624,0.2945994975046624,0.26458945331360983,0.047736445686554864,0.03741082176290645,0.04846301976674991,0.10532519141579315,106.37346437346437,170.88748643861558,0.006112435486497371,0.7265245706324426,0.008933072152856365,1.1262067302107615,18.297188556231475,0.025184275184275184,0.20729234720886675,0.35944717763847767,0.2244377944092678,0.18380925201545484
profitability,regime3,"(20, 10, 40)",0.28118461279670715,0.28118461279670715,0.24540269932198733,0.05066769692255049,0.03813057120326581,0.1054568970067063,0.04188633888522006,105.23587223587224,152.2225029995926,0.005109953672868104,0.6177337319752784,0.008432134942740133,1.093162753895324,19.864164343029383,0.028275358147155857,0.1796964757250265,0.3512401726461927,0.19444573641441742,0.1431957476218555
profitability,regime3,"(20, 15, 20)",0.2688924373626682,0.2688924373626682,0.2467545181581033,0.036711487663955454,0.033360550710119494,0.05208915605173099,0.0332934137155914,115.52825552825553,209.31851037781425,0.006021976422197232,0.7543004095455633,0.00985168051775907,1.334515038204616,18.3809445181516,0.029180307867499033,0.17273426745248152,0.3653545133157261,0.21960869648407297,0.19220828309486546
profitability,regime3,"(20, 15, 30)",0.27162514771410057,0.27162514771410057,0.24919050851700375,0.036884187799101305,0.03368702273014575,0.05276742344675412,0.03185456134519563,115.64127764127764,210.1304935828614,0.006146123872170112,0.7708664141334239,0.009976127846008565,1.3539416012270489,18.480185695879392,0.02931556386242204,0.17691549692786177,0.3650633209149631,0.22210042020420193,0.19475535544122857
profitability,regime3,"(20, 20, 10)",0.2845437768106478,0.2845437768106478,0.25506253372860144,0.04739322834501773,0.037295341082233514,0.03825450953580153,0.1180917574590878,107.17936117936118,166.26034924143337,0.005902685226932723,0.6989335906254586,0.008717742762480945,1.1001594546738662,18.214541244889574,0.02500653480874793,0.19297754768967354,0.3575758835103347,0.21573599315773703,0.17587557562687856
profitability,regime3,"(20, 20, 15)",0.26387918118070947,0.26387918118070947,0.2438120957528627,0.03520345433985582,0.03290856353407388,0.03383130679541818,0.050241769531576184,116.46683046683047,223.4577724069824,0.0062575487421724085,0.790547099097886,0.010001666194795877,1.347958757633126,18.261894695564823,0.027787307032590053,0.18032514723165236,0.35211588325071597,0.22011446049379083,0.19614696964033979
profitability,regime3,"(20, 15, 40)",0.2721113569988876,0.2721113569988876,0.24961857112907543,0.036920338125210686,0.0337244921034743,0.05293977363628187,0.03168436768250944,115.67567567567568,210.20150389484272,0.006173047323177748,0.7746580423617256,0.010004534683191329,1.3587541579665592,18.495318203640476,0.029429087881065054,0.17765253902152162,0.3649777684916725,0.22247339369990177,0.19507239958440561
profitability,regime3,"(20, 20, 30)",0.2527140473831597,0.2527140473831597,0.23499927431717862,0.032857885279899565,0.03292263342120423,0.034817428175283514,0.02962918321002853,121.57248157248158,227.244636580797,0.006167662779061304,0.8191116227628946,0.009430019445033237,1.3211424369155298,17.735515124825554,0.029131858973116508,0.18710029831446143,0.31568745336248816,0.21706012699899924,0.19885511029842845
profitability,regime3,"(20, 20, 40)",0.2530053687971228,0.2530053687971228,0.23522396386535202,0.03295408393360888,0.0329634126695718,0.03533642951269141,0.029422872167879012,121.61670761670761,226.54373344949212,0.006179652721229656,0.8212944508563179,0.009444500085563745,1.3242088550535702,17.72649163849714,0.029237953149522388,0.18780418902029672,0.31511697998755445,0.2172125893837085,0.198936352459283
profitability,regime3,"(20, 30, 10)",0.28501618123042294,0.28501618123042294,0.25542470533896805,0.04756393710055519,0.03731410862632447,0.037094556789545124,0.12106825808826041,107.27272727272727,166.17224189821397,0.006056247398633083,0.716567158917342,0.00868443524171047,1.0915351584624113,18.237531529877025,0.02498585295782005,0.1931693939755434,0.3587719817052033,0.21586066998908715,0.1757589297835311
profitability,regime3,"(20, 30, 15)",0.2662793230317716,0.2662793230317716,0.24605435676437107,0.03537664773280343,0.032961645651449156,0.03128578675695133,0.05506651657963976,116.6068796068796,224.45276201555086,0.006531198581286152,0.8231781092554151,0.010085781979517313,1.3523979451262884,18.28638157891802,0.02775538176247682,0.18354986037876897,0.35332737570210565,0.22210825524870972,0.197914095838747
profitability,regime3,"(20, 30, 20)",0.24215761670173938,0.24215761670173938,0.2248704460119343,0.03273396957290446,0.0327382240577595,0.02982444388610063,0.03695771160166142,121.63882063882063,220.06924740649077,0.005876226949162226,0.7855943543415823,0.008818027453956271,1.2365727012890795,17.585128660562873,0.0289422704378148,0.1702426950250535,0.3173511626063904,0.20706450362434117,0.18901244767862055
profitability,regime3,"(20, 40, 10)",0.28435427153078485,0.28435427153078485,0.25451664574582783,0.04770624886570501,0.037351924140165055,0.03632384068047496,0.1231371292572078,107.35135135135135,164.84968715569315,0.005952368566104789,0.7049145207992473,0.008631289255409996,1.086512757454399,18.27351451990731,0.02496846317804167,0.19143557056372512,0.3587719817052033,0.21454873145199085,0.1740451903079962
profitability,regime3,"(20, 30, 40)",0.20373781095534055,0.20373781095534055,0.1864317422628048,0.03249922026645518,0.033769110446417464,0.02980405463683397,0.029221185863516325,123.35135135135135,185.676031104064,0.0034893961197194436,0.47304361271094963,0.006852444738699934,0.9735705639010007,17.676487158973387,0.029437063939596674,0.11684304073817332,0.30218533487003146,0.1707512842835117,0.15490167179363942
profitability,regime3,"(20, 40, 20)",0.23920995080912022,0.23920995080912022,0.22180146909621654,0.032869512816328925,0.03291050584194819,0.027659043098897947,0.04024395821826071,121.72972972972973,216.70382440832643,0.005773168624855045,0.7729941471019658,0.008508743383860394,1.1915216108879758,17.61549743149516,0.028921540159126548,0.1655676295893427,0.3173511626063904,0.20389924660631917,0.18577516398016117
profitability,regime3,"(20, 40, 15)",0.26324437516961624,0.26324437516961624,0.24293094697570716,0.035527567756354586,0.03313802680102408,0.029044868927681374,0.05856490067249477,116.6977886977887,221.3847191692809,0.006433692815215492,0.8112138009309848,0.009758421640803303,1.3045788515607624,18.308470614964016,0.027734697576990472,0.1789531290024752,0.35332737570210565,0.21893755063610507,0.19472185720461185
profitability,regime3,"(20, 40, 30)",0.2009201141509055,0.2009201141509055,0.18358683113432236,0.032522400612291155,0.03386315371628527,0.02698731536701604,0.03298814743970626,123.41277641277641,183.45020089216854,0.0033828393103046517,0.45844215134293514,0.006547304615596577,0.9262860954834228,17.707032438736796,0.02930836836071838,0.11225080961519734,0.30275803527389517,0.16793694301159515,0.15214260172586339
profitability,regime3,"(30, 10, 15)",0.2899025213823216,0.2899025213823216,0.2540987208313561,0.050318808772683854,0.035773127974112355,0.11140100124327074,0.04375827470151312,107.36855036855037,157.1042397284565,0.005808804251029091,0.700126805287696,0.008982798650050212,1.1614025001154544,19.869266695081063,0.026838490959666204,0.1973896634202032,0.3490912702704482,0.20204539529072704,0.14969264561705176
profitability,regime3,"(30, 10, 20)",0.2930619938685837,0.2930619938685837,0.2569786670260258,0.050412135714052356,0.03576363041129468,0.11250999460423053,0.04295277185405579,107.55773955773955,158.50380134226336,0.005901585145036615,0.7125952485778271,0.00905313097738829,1.1726096994946227,19.961827936067085,0.02748790488794394,0.2020959498116614,0.3491148891364651,0.2043272994353409,0.1513611674094071
profitability,regime3,"(30, 10, 30)",0.29644031295632894,0.29644031295632894,0.2600265729128136,0.05049656127300006,0.0357545348544369,0.11360336946641528,0.04209533136805267,107.84520884520884,159.7216981612868,0.006051380032821557,0.7325061610171971,0.009198474961953404,1.1948519896961916,20.03685152952579,0.02850032460506384,0.20702562828227455,0.34885936842478654,0.20673027471464767,0.15312021838670983
profitability,regime3,"(30, 15, 20)",0.27866916162873717,0.27866916162873717,0.2559677492967324,0.03643407369914331,0.031070190675076402,0.05947257637471858,0.03326471536950346,119.17936117936118,217.7550505301284,0.006729602376793142,0.8374916200606122,0.01088699919064354,1.4812434616540757,18.715836802627965,0.02833728278041074,0.19953235909821848,0.3492075370120824,0.22676786421685066,0.19730891402535214
profitability,regime3,"(30, 10, 40)",0.296975168327327,0.296975168327327,0.26054831874126816,0.050503828231485096,0.035763290708862305,0.11375296691282931,0.04188633888522006,107.87714987714988,159.95523484464726,0.006083639019499631,0.7367239801245683,0.009232101717689862,1.1998746267258542,20.039262650702064,0.028600480280379897,0.20792463506333772,0.3487484988644264,0.20723341919434238,0.15359727252755945
profitability,regime3,"(30, 15, 10)",0.31467494034603777,0.31467494034603777,0.28401665504749507,0.04782055620805965,0.03518567517362587,0.05629187062577112,0.10721856143378478,108.94594594594595,180.24481621179626,0.007303455867700637,0.870273239619838,0.010155178503846998,1.2891884406795555,18.390237730465653,0.0246283225709566,0.24187257377606614,0.3575346156816397,0.2417983643335204,0.19904640048388078
profitability,regime3,"(30, 15, 30)",0.28871300323103244,0.28871300323103244,0.2654836081701334,0.03667208309587794,0.03106119094266554,0.06182008825136882,0.0318258629991077,119.59213759213759,223.60702019606703,0.007241886785675562,0.9015706166509907,0.011386353923853634,1.550752490025659,18.88434285667215,0.02968036529680365,0.2152517932945786,0.34891122337643404,0.2352388946771832,0.20472606558394116
profitability,regime3,"(30, 15, 40)",0.2892052711749091,0.2892052711749091,0.26592129861171016,0.036700765026254537,0.031087957368588284,0.061992438440896566,0.0316556693364215,119.62653562653563,223.72177731517039,0.007269011001322753,0.9054218762023267,0.011414964234967535,1.5557703712241506,18.900853481999025,0.029790248317657708,0.21600474281979273,0.34882416759962337,0.23562057440732462,0.20505076472628975
profitability,regime3,"(30, 20, 10)",0.3072671206297611,0.3072671206297611,0.277091400651911,0.04746677517100688,0.03504655613433114,0.04588525235972062,0.12032264260380302,109.86486486486487,177.26063638376053,0.0073280943768651826,0.8609299037502645,0.01018953290072154,1.2793157948939646,18.320685460781476,0.024437490686931903,0.22870821467466723,0.36067379429210394,0.2356362766977711,0.19360246394186942
profitability,regime3,"(30, 20, 15)",0.2785167814909904,0.2785167814909904,0.25782157372702175,0.03500779989619897,0.030594420957008945,0.04127483059473183,0.050925927450940316,120.43734643734643,236.65392788426027,0.007389000828837876,0.9173277057611238,0.01151872469540658,1.5424291424858694,18.60977264071145,0.026925032263110556,0.2106914620114196,0.3419851900807005,0.2317173794863437,0.2053684908238326
profitability,regime3,"(30, 20, 40)",0.281001986697537,0.281001986697537,0.2623794264627256,0.032554130776790924,0.02970369301813061,0.045862611200407695,0.029314235827500975,127.17936117936118,253.50907865145584,0.007974935346770344,1.04433703120265,0.01161397560936803,1.6280740445811628,18.23165668896779,0.029569093610698365,0.23963210729336262,0.30411031258738835,0.24059486764876556,0.2185511943896533
profitability,regime3,"(30, 20, 30)",0.28075256573152974,0.28075256573152974,0.2622090759267924,0.03246305954123261,0.029677759252467892,0.045303603390520336,0.02953637116145616,127.13267813267814,254.3177417788765,0.007966024693855338,1.0424993032101484,0.011602541502660716,1.6252902490016203,18.231949398491736,0.029449471395923525,0.2390103534409554,0.30469216875717464,0.2405285421578128,0.21858680090722668
profitability,regime3,"(30, 30, 10)",0.30007829909596184,0.30007829909596184,0.2698102832250559,0.047243578936193,0.035069417576242455,0.03687855898745697,0.13152574458586672,110.81818181818181,173.35302570106563,0.006841014711902716,0.8144007480391584,0.009208244658427836,1.1528762993084423,18.434301927103867,0.024239353054200715,0.2254139688961611,0.3457522535018672,0.22815663577964107,0.18586990436679338
profitability,regime3,"(30, 30, 15)",0.26862643217475857,0.26862643217475857,0.2477930678146752,0.03491778734678705,0.030596735335575158,0.030270206905830568,0.06624683021426704,121.65356265356266,227.21613201315813,0.006599665418925885,0.8269863891597292,0.010244584379813949,1.365573926414794,18.721382673197148,0.026670023822897095,0.20112812241787156,0.33031293146705626,0.22146859856665133,0.19487693078544083
profitability,regime3,"(30, 30, 20)",0.24306018449079203,0.24306018449079203,0.22504673709083878,0.031620030495092225,0.029513990977122682,0.02837171436485391,0.04832487650730711,128.39066339066338,222.78158128926918,0.005784551407413678,0.788313348135102,0.00861656969170383,1.2421769870185426,18.220268292889443,0.027630004601932812,0.18542612229847144,0.2911454372482062,0.20462452637131134,0.18392859522347368
profitability,regime3,"(30, 40, 10)",0.2994417738387079,0.2994417738387079,0.26892344047485967,0.047382541991987895,0.03510292894451106,0.03610939780707128,0.1335895346116346,110.8968058968059,172.00608549776192,0.006737127811540604,0.8028799596734849,0.009155100797700051,1.1480459717189684,18.46995993818209,0.02422298651699618,0.22375922605864407,0.3457522535018672,0.2268535483823466,0.18415233065384384
profitability,regime3,"(30, 30, 40)",0.23764433390180897,0.23764433390180897,0.22119072753080782,0.02763481916198947,0.027973596120035426,0.02671045483602595,0.02706013795619515,137.55036855036855,238.88857051024812,0.006024910062573314,0.96763560487739,0.008177031592594516,1.3433182800763481,18.477188535763652,0.030088281950479343,0.19433646766490378,0.26077902841182454,0.20493458285581156,0.1883869207305595
profitability,regime3,"(30, 40, 20)",0.23965205992843994,0.23965205992843994,0.2215233990120542,0.03174839126417039,0.029677681464688608,0.026142180809040558,0.05169509018971644,128.48894348894348,219.11841122068964,0.005676461489715906,0.774979046384665,0.00830631300940419,1.1959912517637705,18.249279702239672,0.02760967534259174,0.17998068099781772,0.2911454372482062,0.20101147029885413,0.18025634526472137
profitability,regime3,"(30, 40, 15)",0.26557717752490356,0.26557717752490356,0.2446558293889096,0.035067577064199856,0.03076966048831972,0.028029851037965917,0.06975482321350059,121.74692874692875,224.12710225741222,0.006503665107402682,0.8151445761273756,0.009917930371923636,1.3176884694061455,18.743077090251482,0.026650409336352553,0.19645837941906036,0.33031293146705626,0.2182872763371536,0.19167912730665973
profitability,regime3,"(30, 40, 30)",0.23636829777757865,0.23636829777757865,0.21992184096983672,0.027790914438631905,0.02807735133732306,0.023058689950861994,0.03307300060621024,137.65356265356266,236.7697014682033,0.0060134313268730075,0.9649968454552814,0.007987320903062232,1.3065414246464409,18.41150706162384,0.02991143733416038,0.19144910844417112,0.2623338228403789,0.20375061847276224,0.18731833954987542
profitability,regime3,"(40, 10, 15)",0.292774995955407,0.292774995955407,0.25691899096229587,0.05030207004399495,0.034928980134964774,0.11459175910274375,0.04375827470151312,108.70270270270271,158.2402282097057,0.006051347077940996,0.733021306244795,0.009300783704535725,1.2059957421661518,19.853609725961935,0.026528332688920395,0.19972559755838962,0.35280510273025123,0.20412342798203534,0.1510239047869694
profitability,regime3,"(40, 10, 20)",0.2959431704667083,0.2959431704667083,0.2598070500898971,0.050395396985363446,0.034919482572147095,0.11570075246370354,0.04295277185405579,108.89189189189189,159.6377797396723,0.006144127971948518,0.7456148497738274,0.009371116031873804,1.2173374715706848,19.94623070602571,0.02717076622847462,0.20444460342235032,0.35282878523879024,0.20641154050016047,0.15269652517319243
profitability,regime3,"(40, 10, 30)",0.299338708891412,0.299338708891412,0.2628707835441199,0.05047982254431116,0.03491038701528931,0.11679412732588827,0.04209533136805267,109.17936117936118,160.85384645780266,0.006293922859733461,0.7657235325348563,0.009516460016438917,1.2398099684673545,20.021305262509053,0.02817232822794558,0.20939634304450297,0.35257249564799403,0.20882594007261535,0.15446273675992866
profitability,regime3,"(40, 10, 40)",0.2992800650027227,0.2992800650027227,0.26277877204389216,0.050502741999179306,0.034916591516787616,0.11704091861146967,0.04188633888522006,109.23832923832924,160.7138446342097,0.006290245475478597,0.7655995898921275,0.009514632295006174,1.240260978981712,20.027641577608875,0.028350295048319506,0.20930053310932628,0.3524612904174706,0.20866898748207732,0.15423717096414094
profitability,regime3,"(40, 15, 10)",0.3148408621276566,0.3148408621276566,0.28415530858574484,0.047900721756135516,0.03433637448117148,0.060005041028968246,0.10727390813959546,110.33415233415234,179.34687102294043,0.007413473276682431,0.8868485348974997,0.010356181824666383,1.3177700610501943,18.338271209475767,0.024335954889449472,0.24154727319244731,0.35836511608914673,0.24118660249450172,0.19768444923291287
profitability,regime3,"(40, 15, 20)",0.28048385521920566,0.28048385521920566,0.25769328635937244,0.036587080344352554,0.029997125427721597,0.06452017608543215,0.03323570448884015,120.81818181818181,216.5473915492365,0.0068679921066547335,0.8586404064235976,0.011093212402033389,1.5152622053287819,18.612997876664615,0.027972164285296582,0.20100522136155186,0.35088748835646827,0.22758761980947786,0.19722384795060988
profitability,regime3,"(40, 15, 30)",0.29058715448289696,0.29058715448289696,0.2672666541782221,0.036824624920200756,0.0299881628782036,0.06686146554527833,0.03180194200613133,121.23095823095824,222.37532622752187,0.007379860857997196,0.9230210230605238,0.011592132943964453,1.5851333038597852,18.7812423797651,0.02929918980357108,0.21683840650495162,0.35059003333872824,0.2361093568147637,0.2046839901621389
profitability,regime3,"(40, 15, 40)",0.29048053582981503,0.29048053582981503,0.26710364598215985,0.03685607085914443,0.029994252558457276,0.06712938543737845,0.03163215952282568,121.29238329238329,222.00911670607272,0.00737252606472588,0.9226795960141275,0.01158661088284908,1.5857310148898716,18.797222293064674,0.029479162620887872,0.21661072612073243,0.35050264176273555,0.23584086011165584,0.2043108154210337
profitability,regime3,"(40, 20, 10)",0.3027279955009859,0.3027279955009859,0.27259996338094533,0.047117780323618616,0.03389106671920846,0.048304083752314576,0.12051351059077225,111.26535626535626,175.8589500849258,0.007209822142827181,0.847876342318721,0.010162824242375553,1.275675979707994,18.423684745596862,0.024147577880145557,0.2210026676092054,0.3615142500133048,0.2304720332289032,0.1877849222384333
profitability,regime3,"(40, 20, 15)",0.2792649187853207,0.2792649187853207,0.2584939893651787,0.0347701784575238,0.028990605725980508,0.04609079155770416,0.05107005644642638,122.11793611793611,237.84381456565734,0.007536891906975027,0.9402192121375358,0.011746182052604647,1.5806417574678078,18.708594870817983,0.026573264632663695,0.2104576658776612,0.3436389114981941,0.23147989445239328,0.20422421292866424
profitability,regime3,"(40, 20, 30)",0.28223979792464093,0.28223979792464093,0.26371711809407666,0.032268709835300426,0.027836109558721844,0.05140705218061041,0.02950389958211417,129.4176904176904,256.35375466306573,0.008102964887009565,1.0522664271931892,0.011765898239711388,1.6326421371662914,18.26859797117485,0.02895400241131124,0.22682481394785634,0.32781459815975006,0.2411929299930889,0.21840947117401807
profitability,regime3,"(40, 30, 10)",0.3013911120700737,0.3013911120700737,0.27120545739466156,0.04680495998538751,0.03390491059436756,0.038163310190554155,0.13269404922683753,112.46683046683047,175.55731052455783,0.007032262667196097,0.8412267330965466,0.009442024515557049,1.1849352208125679,18.537355646054728,0.023903718818973057,0.2272976164881608,0.3463102218434431,0.22896697651274842,0.1860856216536823
profitability,regime3,"(40, 20, 40)",0.28184816762510223,0.28184816762510223,0.263237113523752,0.03236488701897558,0.02784156234730813,0.0520739493720519,0.029282140118555233,129.51105651105652,254.89137237786332,0.008077729516972679,1.049692224163979,0.01174515904584664,1.631068860238054,18.270681915347136,0.029225994888645492,0.22639137028187317,0.32723320738608286,0.24054311025094083,0.21759334319940365
profitability,regime3,"(40, 30, 15)",0.2751257635151856,0.2751257635151856,0.2542011110706329,0.03464928018763398,0.0289803938283559,0.0337819939236735,0.06811479265371577,123.60933660933661,233.078709832274,0.007040221079507293,0.8957119035768959,0.010797279889092744,1.4635593193006105,18.81221936266645,0.02626910089852916,0.21146886685974456,0.32985629909237346,0.2269686489145926,0.1994573660227636
profitability,regime3,"(40, 30, 20)",0.25569912185969196,0.25569912185969196,0.2376642776760039,0.03140483167348297,0.027619022666623715,0.03355080323251659,0.04977510835625442,131.0835380835381,234.4441120956157,0.006447318889278155,0.8797340788327233,0.009257052632604144,1.334136650045906,18.247981246906807,0.027088973109547013,0.19209432483252017,0.3123295613551441,0.2163752936677005,0.19479333071624033
profitability,regime3,"(40, 30, 40)",0.23673139869111634,0.23673139869111634,0.22167614910660538,0.02665739150780341,0.02528548905364856,0.03214660425946583,0.026435546829975815,142.2800982800983,256.86878189336034,0.006575677669902159,1.0464944176472897,0.008959897214874476,1.4451056801370783,18.445453886072645,0.030080459386371983,0.17630427547577,0.29239849618220287,0.20513584802459517,0.1883295080588008
profitability,regime3,"(40, 40, 10)",0.302012801303442,0.302012801303442,0.27146452515745784,0.04687605521424494,0.033882652837706397,0.03606946870609322,0.13645619701488548,112.8968058968059,174.91186811250702,0.006973975113225832,0.8367312862733809,0.00938827150052563,1.1816697343650886,18.624081021717636,0.023818415701896346,0.22590035326272193,0.34881661074393,0.22853997951197458,0.1849618982935955
profitability,regime3,"(40, 40, 15)",0.275160014966016,0.275160014966016,0.25368370317859035,0.03469711149226971,0.028922237884689287,0.028552459143046532,0.07646958601319236,124.22358722358722,231.28348877614374,0.006934604636277491,0.8877970958129392,0.010398200524701265,1.4201614590289058,19.027757310843224,0.026146397037880947,0.19198258674882077,0.36071973768793514,0.22541595151773414,0.19687875850392653
profitability,regime3,"(40, 40, 20)",0.26326155612155067,0.26326155612155067,0.24461111655387396,0.03151552832765581,0.02763025520235043,0.026478661103611946,0.0609377058264944,131.8034398034398,238.96136983993918,0.006632906447597425,0.9021898361548121,0.009241842840899139,1.3255331880346797,18.47133941953141,0.02694841918167292,0.17270691423583778,0.36096975950684773,0.22218974961020646,0.19948831787775817
profitability,regime3,"(40, 40, 30)",0.24988529646383392,0.24988529646383392,0.2346433299196196,0.02666809410556929,0.02518308938254435,0.02247519026920963,0.041224560533436067,144.04176904176904,270.0023509873465,0.006883818307079343,1.0983657228324248,0.009042797422195915,1.456816784649721,18.472904485178628,0.029398663697104678,0.16958028576019735,0.33910083527788765,0.21780409237360074,0.20070966949064672
investment,diag,"(10, 10)",0.2240146827589631,0.2240146827589631,0.1719567893737048,0.10069886784862371,0.10337336507513398,0.08684310398264196,0.1057371388463787,97.74201474201475,76.24026715086394,-0.006461952228672161,-0.6090867763429395,-0.005495245746291243,-0.5367038461218554,18.26946571288191,0.027685922141896052,0.19437140119703666,0.14507058156693986,0.12626738612219715,0.08054820214336109
investment,regime2,"(10, 15)",0.22483000175382303,0.22483000175382303,0.17393129293172352,0.09687561352647635,0.10621838686634334,0.07431791993402552,0.07674289360100994,99.07371007371007,77.62706186572765,-0.006129487869149651,-0.5767878172736293,-0.00478303440182475,-0.4583876520998256,18.16431606721476,0.02769570806738988,0.21390570626759003,0.12395077146630047,0.1354261561731701,0.09678045009266294
investment,diag,"(15, 15)",0.2974219314164765,0.2974219314164765,0.25879255058698925,0.07580252319562493,0.07700612908391559,0.06999962538991486,0.07743827254647076,108.44963144963145,131.12534722337267,-0.0008458961176065058,-0.08532054308428183,0.0005475081642915746,0.055276072073336256,17.726187117439164,0.02770297071042358,0.3396725575383116,0.15881358001345944,0.22064560470146624,0.18193870843919632
investment,regime2,"(10, 20)",0.2249534499780472,0.2249534499780472,0.17423999257912373,0.09675394635261145,0.10819289066978222,0.06990057934485855,0.0709866584624006,99.88452088452088,77.54698607325142,-0.006212678937178511,-0.5811813731464406,-0.004828329823606056,-0.4589555849480616,18.07447755404348,0.027670196333027378,0.21439236423765057,0.12424732638483647,0.13895669323621243,0.10355362831826798
investment,diag,"(30, 30)",0.27169595802608304,0.27169595802608304,0.24257764730902004,0.05669641940684417,0.05745459390354015,0.052350578366383536,0.05873491618468349,134.94103194103195,158.4828999134732,-0.0011761112189451616,-0.13261031893031072,-0.001312656642803257,-0.14788466237675393,17.8250545881489,0.027096289209321396,0.4020626172383095,0.04065013173211633,0.21455764875416722,0.18632122076581006
investment,diag,"(20, 20)",0.339069922379165,0.339069922379165,0.3050719173168919,0.06809257519639991,0.06952254735363964,0.06220213229153809,0.0685703799843766,116.76904176904176,165.08674742217406,0.0014462521674591606,0.14938085027956136,0.002156880309949779,0.21990482815029494,17.36239459416864,0.027925220513621108,0.4460446664590669,0.1277955733753436,0.27173713251194104,0.23774814521353776
investment,diag,"(40, 40)",0.22200411084410113,0.22200411084410113,0.19680403639320046,0.04790067829756317,0.04898160317294698,0.043227443844302486,0.04858394730714373,155.1965601965602,142.56360839354676,-0.0029933298741379507,-0.33495648634792036,-0.0015945128607700344,-0.18657687137077558,17.49886891338509,0.02741862906854657,0.37007251834552685,-0.01014199207255038,0.17404164303172232,0.15111301056729176
investment,regime2,"(10, 30)",0.22499815902830225,0.22499815902830225,0.17467802076820885,0.09641094542018362,0.11047620253917277,0.06350681885935865,0.06456030976312964,101.45945945945945,77.51311279353554,-0.005390502055870064,-0.5197853427923188,-0.005211033206906356,-0.509111501341699,17.961371448188995,0.027810272143377404,0.20572407983974988,0.13751447599740957,0.1430022556719904,0.11118327958515126
investment,regime2,"(10, 40)",0.21805694704243173,0.21805694704243173,0.16875329256008328,0.09573857518624855,0.11197140608186852,0.05884483139519677,0.05740096163406259,102.74447174447174,75.89090379629704,-0.005624976798837269,-0.5408485200335038,-0.005882610644750968,-0.570814449033406,17.825868811568775,0.028105088592127084,0.19995871461247763,0.13112235064124836,0.14096936484714437,0.11303926746219874
investment,regime2,"(15, 10)",0.27766649675770555,0.27766649675770555,0.23282813649502113,0.0855127836538928,0.07746004379748488,0.10298895296342098,0.1057371388463787,103.68304668304668,112.03140425622604,-0.002159976562503927,-0.2107081156504289,-0.0010226435879815005,-0.10141668241488289,18.67043140758299,0.02682582745523603,0.2958408666269326,0.15832602447239644,0.18060053737225865,0.1280764699667607
investment,regime2,"(15, 20)",0.30044697187180014,0.30044697187180014,0.2623579491601638,0.07550167639610833,0.07923002377771328,0.06475998972809602,0.07000752580389022,109.43734643734643,132.52089051622463,-0.0008529340684990281,-0.08570617903616208,0.0005862405176460745,0.05871586185327224,17.50831198235233,0.027679440200401632,0.3488266565396096,0.15610445075110344,0.228756951665892,0.19467825294296656
investment,regime2,"(15, 30)",0.3015914359961713,0.3015914359961713,0.2636578322439651,0.07543162517345153,0.08199094810477539,0.05863088137195947,0.06270375687371044,111.15724815724816,132.3745809422832,-8.769469007873388e-05,-0.00916922132742753,0.00022897324044898835,0.023802549144145882,17.40845083635298,0.02791893712116574,0.3403161058830955,0.1728938656547027,0.23386185736820553,0.20367294270996483
investment,regime2,"(20, 10)",0.28758259667647235,0.28758259667647235,0.24283216861360585,0.08363138208039685,0.07147945741910663,0.11576643366268903,0.1057371388463787,107.2948402948403,117.78204953963946,-0.0011444287791365058,-0.1147437209614388,-0.0005507818342454559,-0.056024387691145434,18.950749479864108,0.02600736454497633,0.3392096245773926,0.1282638753394916,0.18849119805214726,0.13382289815387555
investment,regime2,"(15, 40)",0.294143659282065,0.294143659282065,0.25708566797418864,0.07496458719190592,0.08373374299912459,0.05434351339554177,0.05526254994959556,112.48894348894349,130.3704514488873,-0.0002739825608954311,-0.02847861572863163,-0.00040940278025740546,-0.04218552731755999,17.273236942474956,0.02822019015321262,0.3328995246079072,0.1667146610228419,0.23146182156154127,0.20551465139470956
investment,regime2,"(20, 15)",0.3159133249206777,0.3159133249206777,0.2776061441600957,0.07346471399636782,0.06994741553349153,0.08453406454295831,0.0772817174674831,112.46437346437347,141.93708529453994,0.0005297479428987683,0.056024566822820025,0.0012680697548408423,0.13325704259340898,17.971276984496132,0.026882914907798268,0.40250074852879986,0.12271629678391124,0.2367279923380636,0.1952188791327707
investment,regime2,"(20, 40)",0.3088347479305288,0.3088347479305288,0.27618509802795477,0.06743103800989139,0.07454882437008821,0.04961032112652089,0.053020258133694424,120.21621621621621,154.10655199454794,0.0008200918051458135,0.08892649286637648,0.00010515447867552423,0.011208114163156908,17.212246964996538,0.028799392097264436,0.397438581474917,0.12785334106299395,0.25188631041693077,0.22730262935987477
investment,regime2,"(20, 30)",0.31042907698656774,0.31042907698656774,0.2771601925618364,0.06778707843759246,0.07266801118531384,0.05372462980544722,0.06059455543346715,118.65110565110565,154.0246448201578,0.0007161995145671548,0.07818210471528113,0.0004246426252051609,0.04567797051517707,17.307967784156936,0.028189597154119797,0.3947292508235845,0.1334391232783414,0.2486236174388008,0.21976502438129678
investment,regime2,"(30, 10)",0.2892725362184566,0.2892725362184566,0.24435449423601882,0.0817965421391869,0.06386877642370517,0.1351452493698337,0.1057371388463787,113.33660933660934,119.9937496307384,-0.0008246189107855872,-0.08298099146052336,-0.0006742637580477561,-0.06882922870025096,19.21094536503262,0.024740287035369003,0.3643400285439693,0.09896250888890558,0.18589883564996726,0.12719701463185742
investment,regime2,"(30, 20)",0.3386606033895793,0.3386606033895793,0.30516274232931945,0.06567165957613169,0.06018464541065284,0.08509338594483065,0.06848217953775113,124.66584766584766,168.78330483297879,0.0018670119202389818,0.19473798203590723,0.0023552243522901094,0.24376371722260742,17.504689147479038,0.02635012219547601,0.4708732956325525,0.09141982122769117,0.2683229164676944,0.23084136178390272
investment,regime2,"(30, 15)",0.31320829479793716,0.31320829479793716,0.2747487205881295,0.0718177223675451,0.061839844024563995,0.106875627349033,0.07730753008270544,119.27027027027027,142.6647043708088,0.000631753932579381,0.0674129284237328,0.0010487293759487517,0.11125861404142295,18.243596588925644,0.025472709178596033,0.4283811929652872,0.07829831987428049,0.22961943704450022,0.1839188813904416
investment,regime2,"(30, 40)",0.2704395142439478,0.2704395142439478,0.24174184461094855,0.056369330056094936,0.05967128895961643,0.04730526140621126,0.05084774371292303,136.87960687960688,158.68712050497197,-0.0011630476219931592,-0.1289597887356391,-0.0017137670493786827,-0.189124186304341,17.8097251086208,0.027732353288264747,0.40462418230429276,0.035540320001184546,0.21812868763755117,0.19431962174142078
investment,regime2,"(40, 10)",0.30924043556960784,0.30924043556960784,0.2642173597522213,0.0803744588100662,0.058782740555705225,0.14700341747339346,0.1057371388463787,118.75675675675676,129.5162768410518,0.0009775148264231492,0.09923600290792482,0.0011156304344080168,0.11464173115574437,19.389148442078863,0.0237044992520425,0.3737327098537249,0.12820439896927935,0.20328335147330154,0.142023098964254
investment,regime2,"(40, 15)",0.33006174615081896,0.33006174615081896,0.29158256899946755,0.07042090761175035,0.056449006683739845,0.12007786390085012,0.07728214870076446,125.41277641277641,151.9423607369678,0.0022058851050977637,0.2381098349495107,0.002654410975446675,0.284837932365006,18.39939314847324,0.024320719206241893,0.43525360121426426,0.10310089210884951,0.24368641965625876,0.19514898908785272
investment,regime2,"(40, 20)",0.3567976852698938,0.3567976852698938,0.3230167064337275,0.06453205370065677,0.05409527855072709,0.10235702348242164,0.06858848067088069,131.46437346437347,179.03768501107712,0.0035509025382204833,0.37935391027986193,0.004060247511489907,0.429374610509426,17.722277119665215,0.02508747375787264,0.4824358803876213,0.11248430524404801,0.28237654690782954,0.24103380092729304
investment,regime3,"(10, 10, 30)",0.2154214228287732,0.2154214228287732,0.16427158310461404,0.09969567082689719,0.10527319850721163,0.101744934605932,0.06502338848532015,98.21867321867322,73.61938224193787,-0.006900945045861483,-0.6577462376288298,-0.006097830980759642,-0.5983249809500498,18.072184847887346,0.028098310012720333,0.19124150676443868,0.13193175523350353,0.12324142087255108,0.08214534613294784
investment,regime2,"(40, 30)",0.27733265417011954,0.27733265417011954,0.24803360729238913,0.055455787398715886,0.05067738041890587,0.07172947539325562,0.05883755457200881,143.26289926289925,163.3611710870613,-0.0003071253949716128,-0.035406177332746126,-0.0003576108965622836,-0.0411699213085356,18.054901733703968,0.025709391765238187,0.40066934954623107,0.05095510802743953,0.2159372639003558,0.18367233531774332
investment,regime3,"(10, 10, 15)",0.2197032804423265,0.2197032804423265,0.16867304199898728,0.0995385233027795,0.1043025997156087,0.09669376471744565,0.07663191681249694,98.01965601965603,75.21557853025655,-0.006711379008896,-0.6415918409126036,-0.005893484729447933,-0.5799470293626865,18.06000349484859,0.027785995494162892,0.20237619247452804,0.12822830655189354,0.12611726325135297,0.08347617447942605
investment,regime3,"(10, 10, 20)",0.21780023824512948,0.21780023824512948,0.1665742794131942,0.09968584948559525,0.10501983597961947,0.09806677338594477,0.07175265730502722,98.0982800982801,74.42743729312069,-0.0067751484423598796,-0.6459011307626996,-0.005944741415664204,-0.5835394631357932,18.08885700184361,0.02785673678226265,0.19695584717214373,0.13013962557749004,0.12510422391337006,0.0835732382750347
investment,regime3,"(10, 10, 40)",0.2152233111166857,0.2152233111166857,0.16431882335582879,0.0996509906952454,0.10559482442909064,0.10403511710791627,0.05948919052450487,98.33660933660934,73.58818906532174,-0.006900814979204853,-0.6580639428216718,-0.006087521036466172,-0.5975832867357017,18.01757805286959,0.02838536939553458,0.19189391729607302,0.13126556252443303,0.1241016468761498,0.08377171383882065
investment,regime3,"(10, 15, 10)",0.21864757896812528,0.21864757896812528,0.16731252298514632,0.09984464505748634,0.10391706556021393,0.07746018204955903,0.10939461259356749,97.98525798525799,75.11088820440196,-0.006816422878356113,-0.6449815867926036,-0.0058467030611962486,-0.5742629385922569,18.193779099620333,0.027634244610867043,0.19452560963788665,0.1347424948377556,0.1233257696559906,0.07933498765198871
investment,regime3,"(10, 15, 30)",0.22008053608024036,0.22008053608024036,0.16892166659674476,0.09727928286115219,0.10725529277370131,0.07996351314853624,0.06589657033829241,99.3022113022113,75.6100763407448,-0.006354769495286436,-0.595636771059403,-0.005046568199797804,-0.4815811681021926,18.171596608335847,0.02799783939503061,0.20184996542402642,0.12780069349029297,0.13175769971953455,0.09449003296617076
investment,regime3,"(10, 15, 20)",0.22258591422647836,0.22258591422647836,0.17146191578940836,0.0970701772842404,0.1070074184871685,0.07583251579176052,0.07163363303062935,99.17936117936118,76.64265429788107,-0.006217932846563193,-0.5832529981978194,-0.004882939176333503,-0.46652057274933634,18.189423590926566,0.027759001396962732,0.20783764964176565,0.1260316049233698,0.13406078688880216,0.09655040194950637
investment,regime3,"(10, 15, 40)",0.21976584051417467,0.21976584051417467,0.16875513369315595,0.0972851250565336,0.10759378727297107,0.0825880217207665,0.060189694537388656,99.42997542997543,75.49628942912003,-0.006363912216940898,-0.5969667012056279,-0.005045780632168694,-0.4818880608030051,18.140216056264062,0.028279830950454096,0.202118711638882,0.12710688912214213,0.13222755604735753,0.09555918016125375
investment,regime3,"(10, 20, 10)",0.21323659984041307,0.21323659984041307,0.16180439419739123,0.09983425238118288,0.10417619186726634,0.07319561108512085,0.11406445239247925,98.11547911547912,73.13397670866331,-0.0073516609498420335,-0.6951282156616242,-0.006259199207004894,-0.6141215723053973,18.196440444293987,0.027600945798472172,0.1844747622966052,0.1347424948377556,0.11809102776949201,0.07443191319397674
investment,regime3,"(10, 20, 15)",0.2192452337309778,0.2192452337309778,0.16821934200739067,0.09687226528698274,0.10643817484763592,0.07039810174696425,0.08119017775089965,99.2039312039312,75.56377917604883,-0.006666008532350144,-0.6271966065913477,-0.005193646843466694,-0.4973168064991218,18.17216084955241,0.027662641917462608,0.20371201133188604,0.12395077146630047,0.1299078225879972,0.09152036805989798
investment,regime3,"(10, 20, 30)",0.22260704357938918,0.22260704357938918,0.1718201253375513,0.09699836965254982,0.10845553781334878,0.0742243742012746,0.06517168785807333,100.02457002457002,76.51604215780765,-0.006334164030920639,-0.5921173845418677,-0.004997641398340777,-0.4744594503831303,18.059185388729382,0.027925591378616464,0.20863698799125766,0.1260159354973363,0.13674400570178177,0.1015595908578307
investment,regime3,"(10, 20, 40)",0.22229413150271554,0.22229413150271554,0.17161893360859462,0.09703398616886073,0.10879316333945868,0.07701532276991865,0.05946910840231972,100.15233415233415,76.37687897760857,-0.006344675331351624,-0.5935831165537218,-0.004997938974176275,-0.4748657404703835,18.03473008917701,0.02820581535575506,0.2088484425047276,0.12531933067005643,0.1371119609333583,0.10246643943695877
investment,regime3,"(10, 30, 15)",0.21850495120460198,0.21850495120460198,0.1674677042545682,0.09705030998711596,0.1069750403542923,0.06480130515821349,0.0877613885517521,99.4029484029484,75.14508565888187,-0.006700574021891367,-0.6300437605512413,-0.005173117135421764,-0.49510911585529527,18.149733268702143,0.027612259123513144,0.20237576217049955,0.12395077146630047,0.12971284718804638,0.09188744972264286
investment,regime3,"(10, 30, 40)",0.22392809564543087,0.22392809564543087,0.17371980117336427,0.0964088532230025,0.1109583303563216,0.06588082403985326,0.0583387457131478,101.5970515970516,77.14267521141586,-0.005422525360652769,-0.5236868048975069,-0.005219745898284045,-0.5107004339238264,17.940101461890944,0.02812865110332209,0.20454623961262222,0.13682831099470924,0.1430255206530261,0.11218469378025608
investment,regime3,"(10, 30, 10)",0.2122619995342927,0.2122619995342927,0.1609012135247721,0.09991092341600062,0.10470235259381333,0.06746760203672475,0.1200628548997672,98.3022113022113,72.74829801863686,-0.007403412352767132,-0.6994057635366479,-0.006272598594167568,-0.6149149051213506,18.17302081291481,0.02755333635950976,0.18281341688064065,0.1347424948377556,0.1178652469321495,0.07487169535525838
investment,regime3,"(10, 30, 20)",0.22494153507489742,0.22494153507489742,0.17424709203185915,0.09690767856892427,0.1087297561764386,0.06410718662776337,0.0776469959923378,100.1007371007371,77.39250333801903,-0.006194955870893706,-0.5790522182479135,-0.00475734251132958,-0.45187355255932876,18.049563734027505,0.027615791943159728,0.21443838567986645,0.12424732638483647,0.1395818620547538,0.1047994136102005
investment,regime3,"(10, 40, 10)",0.21635102505149262,0.21635102505149262,0.16490390205461466,0.10011273416386615,0.10497210529119132,0.06407203019926377,0.1251309339489786,98.44963144963145,74.09439854939164,-0.007000052473629521,-0.6583962122868661,-0.005935921615453928,-0.5802815033333334,18.189070984241056,0.027515865820489573,0.19011044877568967,0.1347424948377556,0.12185673858256695,0.07883679931474152
investment,regime3,"(10, 40, 15)",0.22241942533517112,0.22241942533517112,0.17136321031775523,0.09719137124996312,0.10719746147205271,0.06114868413472225,0.09297910197674594,99.55282555282555,76.49052266616403,-0.0063154778653983406,-0.5912636296278397,-0.004855573452167399,-0.4635698914544776,18.15682205503102,0.02757443750842053,0.2093076528476949,0.12395077146630047,0.13368504000966958,0.09592709468868954
investment,regime3,"(10, 40, 20)",0.22886068210509863,0.22886068210509863,0.17810204581322778,0.09709300727104961,0.10895217729419901,0.060474248207465386,0.08319630977239394,100.25061425061425,78.70036812080694,-0.0058131048685340315,-0.5406747535306428,-0.004443308537931481,-0.42070037638481533,18.064492452136612,0.027578205185416572,0.22128852510134073,0.12424732638483647,0.14342075066353166,0.1086165867495111
investment,regime3,"(15, 10, 15)",0.27038302583380014,0.27038302583380014,0.22671622606176722,0.08409097008863553,0.07737900525614386,0.11531221222883498,0.07663191681249694,104.26044226044226,110.53625790458366,-0.0026213730321153223,-0.2596180144980891,-0.0016944980594686319,-0.16943355772558547,18.47442770096999,0.027869596214919957,0.30339222851360537,0.1360247126141402,0.17706265856416112,0.1271166988811393
investment,regime3,"(10, 40, 30)",0.22791784114538266,0.22791784114538266,0.1775361354071467,0.09659540162505324,0.1106986236569332,0.059808347947933674,0.07019819885256968,101.63636363636364,78.48464713309986,-0.005070434293991132,-0.48670090715663433,-0.004975628929974137,-0.48469589570812965,17.976487850384398,0.027766147336873884,0.21086696895085263,0.13751447599740957,0.14585174965891365,0.11403011726219621
investment,regime3,"(15, 10, 20)",0.2684705216916979,0.2684705216916979,0.22458277167230797,0.08424310281087047,0.07810312976502651,0.11668522089733412,0.07175265730502722,104.33906633906633,109.51010302919785,-0.002687197463510752,-0.26546458962103625,-0.0017478134810133667,-0.1743835111248292,18.516402629926784,0.02793669984239729,0.2979154611341055,0.13794051995140236,0.17602939687485938,0.12722801988017612
investment,regime3,"(15, 10, 30)",0.26605667329425253,0.26605667329425253,0.22224533026427934,0.08427349309532954,0.07838596961608685,0.12036338211732132,0.06502338848532015,104.45945945945945,108.5019584189583,-0.0028136036535661097,-0.27792181090136664,-0.0019015238793916246,-0.18966320617535637,18.494963760438214,0.028165976535541752,0.2921250357192393,0.13973633346839898,0.1741629282318645,0.12583645721741915
investment,regime3,"(15, 10, 40)",0.26585623808557124,0.26585623808557124,0.22229763885699277,0.08425357470649572,0.07874308155672256,0.1226535646193056,0.05948919052450487,104.57739557739558,108.44938830691906,-0.002814404003541954,-0.2781115506434306,-0.001892157680796945,-0.1887924859833745,18.429521157983586,0.02843846949327818,0.29280433868237304,0.13906872868070122,0.17507219095787657,0.12755565970326327
investment,regime3,"(15, 15, 10)",0.28411533062688926,0.28411533062688926,0.2415503523955969,0.082338871086418,0.07725100877327054,0.07375906302446172,0.12376444879555182,105.06142506142506,117.92498314875522,-0.0019985506413150392,-0.19780111184751842,-0.0012389306028931016,-0.12545584276488478,18.216068560957755,0.026529867565305114,0.29605874806855376,0.17676749896002095,0.1950575830558545,0.14829490380404328
investment,regime3,"(15, 15, 20)",0.29727994257485707,0.29727994257485707,0.25886647564699267,0.07575063585239517,0.07772407552563325,0.07156779820229102,0.07064844147755489,108.63882063882063,131.08929507928931,-0.0007978368727006952,-0.08052176098598111,0.0005450733414811217,0.05498034588897768,17.639529795009757,0.027762724582100128,0.33859789801541273,0.16052759306971423,0.2227635065983771,0.18616379011803186
investment,regime3,"(15, 15, 40)",0.29429475534022664,0.29429475534022664,0.25605132771904676,0.07604263799839386,0.07841276120032152,0.07905790874549765,0.05817804292067321,108.91400491400492,129.22280084102513,-0.0009583203110900048,-0.09677379414511071,0.0003683607085927965,0.03715705475956487,17.564787967785357,0.028342690788105637,0.3331892165195442,0.16099583558990155,0.22113738162116028,0.18576656449391007
investment,regime3,"(15, 15, 30)",0.29375268342943617,0.29375268342943617,0.2552910378273592,0.07602963050197306,0.07801015633998624,0.07647061489965278,0.0641364065214459,108.77886977886978,129.02163655261268,-0.0010240429048947656,-0.10337376812744374,0.00029383703402242607,0.02962554839736638,17.611648026354633,0.02806287082335797,0.3312282611613747,0.16164230491070586,0.2195007750749531,0.1832776238965402
investment,regime3,"(15, 20, 15)",0.2902620724383457,0.2902620724383457,0.2513850383184939,0.07586332821914321,0.07724808467685827,0.06526925304215447,0.08346526129772527,108.62653562653563,127.4480291311305,-0.0015336142180768534,-0.15457346206702452,3.908319310849261e-05,0.003939483392687669,17.75302961566189,0.02766139286682092,0.32835344229747176,0.15673830804322927,0.21321876444852408,0.1746177728717564
investment,regime3,"(15, 20, 30)",0.2973882793287312,0.2973882793287312,0.25920838560109644,0.07583481286467061,0.07953439348993814,0.0700191127931895,0.06331211701751348,109.5995085995086,130.5234749146874,-0.0010345791430924674,-0.10390734047657808,0.0003558900558322522,0.035603302420275595,17.483838552948907,0.027993136099567904,0.3417335462325029,0.15788946313406255,0.22588637829612107,0.1921615127263553
investment,regime3,"(15, 20, 10)",0.2788945689334466,0.2788945689334466,0.23622658169061017,0.0823514315605083,0.07748379931298213,0.06889017961062148,0.12965301057329148,105.1990171990172,115.52716775699086,-0.0025216801570219958,-0.24925173181981453,-0.0016396491911356704,-0.16573160813963583,18.21744802248709,0.026498016936434773,0.28620140186877663,0.17702049527625835,0.18995166417432677,0.14349780669863435
investment,regime3,"(15, 20, 40)",0.2979193798934842,0.2979193798934842,0.2599194849217787,0.07587690954514224,0.07993601105964733,0.07276731511559646,0.05736122080989019,109.73464373464374,130.66112521157714,-0.0009721116439997146,-0.09767560292123861,0.00042761463461168676,0.04280122989700656,17.44764776856677,0.028271105237072526,0.34364998476709535,0.15720175722509133,0.22740839498990037,0.1944841101977729
investment,regime3,"(15, 30, 10)",0.2778170023398067,0.2778170023398067,0.23521225217682742,0.0824584919347206,0.07805840341039272,0.06320590707875644,0.13555976864261055,105.3931203931204,114.93106071309776,-0.0025809130399694464,-0.25483838829034383,-0.0016607427978593216,-0.16766593512528083,18.192946203447526,0.026453214622035783,0.28433381312038086,0.17702049527625835,0.18965201597460118,0.1439194513731586
investment,regime3,"(15, 30, 20)",0.2987241709246689,0.2987241709246689,0.2606185214781701,0.0757862713183546,0.0798754260996863,0.05922518103533547,0.07673906397359835,109.66584766584766,131.25356061518167,-0.0009183753167979576,-0.09226578869059662,0.0006051615235349683,0.06059186275697328,17.485711168089882,0.027626250103314324,0.3456413676077412,0.15610445075110344,0.2276068066762939,0.19417218309847087
investment,regime3,"(15, 30, 40)",0.30135117483576,0.30135117483576,0.2635139187125484,0.07548286008059868,0.08257517934136568,0.061078478138981554,0.05622888431420316,111.3022113022113,132.14701193345113,-5.0741568826011664e-05,-0.005312103999598172,0.0002883935238438978,0.030017201141652662,17.396830640504383,0.02823188878470382,0.34068415341296876,0.17221456125083032,0.23490871106531266,0.20594959985417274
investment,regime3,"(15, 30, 15)",0.28780879167290785,0.28780879167290785,0.24887543061408596,0.07617329920144893,0.0778934869988313,0.060005714373252,0.09000730636148459,108.83783783783784,125.84440579142868,-0.0016507765424779888,-0.1663827667232677,8.21014164539076e-06,0.0008275099159870585,17.732970566824942,0.02761189371397657,0.3237562516308683,0.15673830804322927,0.21121931940812758,0.17318094803646966
investment,regime3,"(15, 40, 10)",0.2817780550150957,0.2817780550150957,0.23906538307880182,0.08267013406483943,0.07835299211186833,0.059916911446142106,0.1404112053810133,105.54054054054055,116.41621769300325,-0.002188149510611642,-0.21503224111554778,-0.0013348858301882498,-0.13436446492555995,18.212915104118984,0.026419288645690833,0.291282917184283,0.17702049527625835,0.19350789531800033,0.14777417212646315
investment,regime3,"(15, 40, 15)",0.29199983980001326,0.29199983980001326,0.2530110700887116,0.07637492819515868,0.07817512359854405,0.056618626851001386,0.09499401826639947,108.992628992629,127.51908100751658,-0.0012550871943727063,-0.12600281954686945,0.00032686931917935854,0.03287680016050311,17.744445066782212,0.02757574498150534,0.33103091348745584,0.15673830804322927,0.21543380602635198,0.1774723626380832
investment,regime3,"(15, 40, 20)",0.30291126769236343,0.30291126769236343,0.26469950154277505,0.07604403905166142,0.08015706269939905,0.05585777611627811,0.08215400861817121,109.82063882063882,132.81480243071886,-0.0005266269169984092,-0.05266310146205272,0.0009195485806774545,0.09181542048614887,17.509479514967193,0.027590334096865392,0.3527986267976781,0.15610445075110344,0.23166259592833302,0.1982077663325279
investment,regime3,"(15, 40, 30)",0.30475064059671564,0.30475064059671564,0.2667115569336405,0.07568713229412895,0.08227258470448813,0.05519762178567474,0.06819644794563198,111.33906633906633,133.49237650626756,0.0002421969085386025,0.025210122160644055,0.00046467902126123145,0.04817214397077996,17.433333399874634,0.027876836549630142,0.34568682308049126,0.1728938656547027,0.23689712790662898,0.20671116430803546
investment,regime3,"(20, 10, 30)",0.28266150739103973,0.28266150739103973,0.23871460848706938,0.08237778965524074,0.07157693628437994,0.13628412411853516,0.06502338848532015,108.35135135135135,116.94348919497405,-0.0013110809614951399,-0.13325777442054865,-0.0009828429379197209,-0.10064936271559569,18.829777987264517,0.028144037386297255,0.3479545465044204,0.1093090509186463,0.18655824979338193,0.13413648173300338
investment,regime3,"(20, 10, 15)",0.28133017519898773,0.28133017519898773,0.23767596723296935,0.08223082360267797,0.07132546290212531,0.12849202604741775,0.07663191681249694,107.93611793611794,116.6976311974365,-0.0015359858253687223,-0.15658632437852196,-0.0011685282388586423,-0.11996263826997913,18.77138595149609,0.027071163871616104,0.3489134660725,0.10551695622527334,0.1857252636164946,0.13345341503187133
investment,regime3,"(20, 10, 20)",0.28510689577411924,0.28510689577411924,0.24109538074249154,0.08235557846287045,0.07130581787867225,0.13260596289854792,0.07175265730502722,108.23095823095824,117.96803533403117,-0.001183627715177782,-0.1203076467014389,-0.0008280847679229368,-0.08481642603302957,18.84495289466874,0.027922227095211243,0.3538204259396012,0.10747340258373013,0.18845393940247113,0.135544124455895
investment,regime3,"(20, 10, 40)",0.28245867789003065,0.28245867789003065,0.23873613613164513,0.08238456235737125,0.0719722991898836,0.13857430662051945,0.05948919052450487,108.46928746928747,116.84933047504974,-0.0013146870772853911,-0.13368487250280653,-0.0009762993972905864,-0.10001775396906895,18.770253763868105,0.028407669862442683,0.3485950405551812,0.10862679960825299,0.1874562920409236,0.13585815505193652
investment,regime3,"(20, 15, 10)",0.29698715754099075,0.29698715754099075,0.25444089252291463,0.08054380976289408,0.07132415672634632,0.08604984638842626,0.12487262553720846,108.71990171990171,125.00962747761902,-0.0009848378184112434,-0.10034094755731052,-0.0008381166995520873,-0.08705712946238787,18.503298037615156,0.025719458143454648,0.3451856922307082,0.14627162280231398,0.20576915446721977,0.15679218370846457
investment,regime3,"(20, 15, 20)",0.3202427842875384,0.3202427842875384,0.28187619796438773,0.07341088719239196,0.06987805713869785,0.08927810283208137,0.07031122706342786,112.92628992628993,143.82876913278113,0.0008801664090913896,0.09304509517063544,0.0015285095242691727,0.16032683570183587,17.960324266450424,0.027767158292923397,0.41051967524785843,0.12282168802002875,0.2409925102153721,0.19957069920667755
investment,regime3,"(20, 15, 30)",0.3166495389805075,0.3166495389805075,0.27821186504247625,0.07368905310430691,0.070156002292038,0.09418091952944313,0.06383865673729545,113.06633906633907,141.63466882619085,0.000652349486787209,0.0689887863902094,0.0012756433892890371,0.13377220367128942,17.939430255825247,0.028056917758662273,0.40298444312448606,0.1239721248540082,0.23764005769540006,0.19659566398892353
investment,regime3,"(20, 20, 10)",0.2948723520327737,0.2948723520327737,0.25197459170320824,0.0798179495868164,0.07118842677362094,0.06825628014600175,0.14571367654935588,109.74692874692875,125.16786722903883,-0.0013984320703161193,-0.1407345765992945,-0.0011497849418282346,-0.11772059364090419,18.702334393811995,0.025499257303185346,0.33970435835452667,0.14516512551609723,0.20257456603229645,0.15308370665427198
investment,regime3,"(20, 15, 40)",0.317209754851912,0.317209754851912,0.27896097555253035,0.07373644774958202,0.0706041261787948,0.09676821337528801,0.057901656458122626,113.2014742014742,141.76768276007988,0.0007152250156025964,0.07566363797850448,0.00134728589350562,0.14134993788463437,17.899816296000676,0.0283270763485977,0.4049711837031725,0.12330538673887141,0.23929417410030118,0.19912205942494737
investment,regime3,"(20, 20, 30)",0.3358539078425183,0.3358539078425183,0.3017329140286925,0.06842861190712977,0.0698304332303541,0.06740631671807426,0.061958817767236815,116.93611793611794,162.59966374175815,0.0012529362822341571,0.12937427478346197,0.001916716139965601,0.19524590854052717,17.35257965574642,0.028239008419083254,0.4389490114328129,0.12933126667037384,0.2686993410412937,0.2351070016039187
investment,regime3,"(20, 20, 15)",0.3136524486434823,0.3136524486434823,0.274797772556845,0.0729008691216658,0.06982324810959975,0.06460963797317276,0.10248695394700069,113.6068796068796,141.77547557007364,0.00011286788954358463,0.011759522511928168,0.0009634002490895061,0.0995181306316165,18.181148571051047,0.026674937965260544,0.3968209537132256,0.12032033529979036,0.23286099145735387,0.1905525092930344
investment,regime3,"(20, 20, 40)",0.33627512748547933,0.33627512748547933,0.30230171447368726,0.06851352900836054,0.07027450215617535,0.07016525117784228,0.05609968716132899,117.07616707616708,162.55779566212829,0.0012988566642456244,0.1342017714546703,0.001971865194867461,0.20100180260083175,17.326922405620042,0.028519145788315912,0.44066643496018465,0.12856967846177197,0.270109155403703,0.2373609918749915
investment,regime3,"(20, 30, 10)",0.29372619006873485,0.29372619006873485,0.25088925833159,0.07993309159731977,0.07176725853132439,0.0625680257181032,0.15166801959582976,109.94840294840294,124.50013244833184,-0.0014633686418338452,-0.14722887148877212,-0.0011763230112108725,-0.12036310971214813,18.679235970061427,0.025456193104584586,0.3377631918776478,0.14513206663096181,0.20219028131339362,0.15340774217981928
investment,regime3,"(20, 30, 15)",0.31103278184723493,0.31103278184723493,0.27211303304400386,0.073226721845996,0.07049027069935336,0.05931392214826318,0.10908245191761612,113.82800982800983,139.94747166283716,-1.3364652738784115e-05,-0.0013943965254407194,0.0009245488145914107,0.0955819388655688,18.16348883899956,0.026626982541648355,0.39197429336521433,0.12028526992141891,0.2306883774282644,0.18895019887758446
investment,regime3,"(20, 30, 20)",0.3078653033504729,0.3078653033504729,0.27448922612971566,0.06812312412718914,0.07050142233990433,0.05443807769244905,0.0745945580736874,117.07616707616708,152.9867990891777,-0.00020111680710156602,-0.02095567845902002,0.0006561914963178713,0.06739445031502292,17.37112884049979,0.027857268002102434,0.39873625152829406,0.11724956693647856,0.2426596593090691,0.21047803522169692
investment,regime3,"(20, 40, 15)",0.3153844816681634,0.3153844816681634,0.2763884912761123,0.0734539455348295,0.0707934404036792,0.05587375814296077,0.11423268827189156,113.98525798525799,141.65865158260172,0.00039052333806963114,0.040596455013979536,0.0012511152087505456,0.1291164171229983,18.179109232522023,0.026592985676096238,0.39929698351005166,0.12028526992141891,0.23502025549268582,0.19333738288717636
investment,regime3,"(20, 40, 10)",0.29770239664821346,0.29770239664821346,0.25474033056358286,0.08016474946088448,0.07208784800028108,0.05929044011705674,0.15651804139910028,110.09582309582309,125.97458782337957,-0.001072378012203709,-0.10741654343364797,-0.0008523825501851499,-0.08697952113050289,18.702665528387246,0.02542477475624306,0.34453290689709115,0.14513206663096181,0.20602976454207655,0.1572324717393496
investment,regime3,"(20, 30, 40)",0.3101239151522175,0.3101239151522175,0.2768797499051115,0.06788204349835464,0.07330488549428099,0.05611830467476185,0.054255359643938454,118.8009828009828,153.60445063052748,0.000741700487807636,0.08107410561426419,0.000472083647470028,0.05084175197792919,17.315881939511243,0.02850228556063458,0.39479306091063543,0.132833248695641,0.2494927077272958,0.22182788604440082
investment,regime3,"(20, 40, 20)",0.31506328530139494,0.31506328530139494,0.2814987244040655,0.06844118218043672,0.07076283393999504,0.051265349457994824,0.08033091596091069,117.24815724815724,155.68882549791223,0.0003042872921443572,0.03156443838832458,0.0010487928752003156,0.10742147909256976,17.40557911850046,0.02781935885223274,0.4114813618649753,0.11724956693647856,0.24952639328814896,0.21717369907664236
investment,regime3,"(20, 40, 30)",0.31663604618216623,0.31663604618216623,0.28317207759761714,0.06811165105263295,0.07292942278540453,0.05049662706131664,0.06646464263781232,118.85012285012284,156.2093438947966,0.001159390122469235,0.1260080423813237,0.0007381584161580382,0.07917300369906569,17.34446593529831,0.02814575893714242,0.4058373105983153,0.1334391232783414,0.2544977836245575,0.2254937279184235
investment,regime3,"(30, 10, 15)",0.28281598532626206,0.28281598532626206,0.23901419944561456,0.08040042948170371,0.06373619568375793,0.14781232033207273,0.07663191681249694,113.97788697788698,118.87829623898557,-0.0012267841643603373,-0.12546279344838637,-0.001295734650696875,-0.13343889194989123,19.031241930405855,0.025758511464828576,0.37386036702133735,0.07561116122002186,0.18296439830482447,0.1266612783319616
investment,regime3,"(30, 10, 20)",0.28664249143427506,0.28664249143427506,0.2424767316225041,0.0805251843418962,0.06371655066030488,0.15192625718320293,0.07175265730502722,114.27272727272727,120.17741245651312,-0.0008744260541694009,-0.08915808822514171,-0.0009552911797611695,-0.09814804661891338,19.106078516172897,0.026571536458850884,0.3788265013977498,0.07762560543505162,0.18572335296186576,0.12876897810030752
investment,regime3,"(30, 10, 30)",0.28348580243279536,0.28348580243279536,0.23923110387344138,0.08049488301462195,0.06370789362696633,0.15640008455652998,0.06502338848532015,114.59213759213759,118.9876705159736,-0.0010711672966604159,-0.10916957650510568,-0.0012025720843779823,-0.12344938014612347,19.160641874597125,0.027434733482664977,0.3712577303156576,0.07951737887807954,0.1823711693627992,0.12533952209497742
investment,regime3,"(30, 10, 40)",0.28328060249862724,0.28328060249862724,0.23924899828267843,0.0804986477285937,0.06409894578887625,0.15869026705851424,0.05948919052450487,114.71007371007371,118.89584081303803,-0.0010751607969341857,-0.10962627992416156,-0.001196416099903193,-0.12286438189329121,19.10230710735224,0.027685909495989702,0.3719000948807397,0.07881443439819355,0.18327139068038542,0.12705581377906916
investment,regime3,"(30, 15, 30)",0.3122690114364371,0.3122690114364371,0.2734017815719263,0.07201010015334158,0.06168984674589185,0.11776211073219753,0.06383120406252638,120.13267813267814,141.74163436316024,0.0005972336720212429,0.06364954408307925,0.000880652858998879,0.09309227704740178,18.318603075829124,0.027223299494315806,0.42559950010891484,0.07914960155747199,0.22764128243012674,0.1815038228428293
investment,regime3,"(30, 15, 10)",0.29823460768209165,0.29823460768209165,0.25533319151617023,0.07899162997023348,0.06362803048283978,0.1070145771218624,0.12534337221725145,114.99017199017199,126.68270712838084,-0.0007225956338823302,-0.07412379842284013,-0.0009801856400335005,-0.1025086094975276,18.77088104300564,0.02443508688689876,0.3711861613910381,0.11455685073890814,0.2021560690420523,0.1487613931778307
investment,regime3,"(30, 15, 20)",0.31666079341052056,0.31666079341052056,0.2780918919888221,0.07175872403533556,0.06169822333910225,0.1118947470499122,0.0703037743886588,119.78624078624078,144.19699334230603,0.000899313791979332,0.09584423391899602,0.0012306888379780452,0.13021616203227304,18.24957114854351,0.026324317111759213,0.4350772038305017,0.07794860604447243,0.23280530941104127,0.18704913159764178
investment,regime3,"(30, 15, 40)",0.31283558969129294,0.31283558969129294,0.2741503967588395,0.07205638912753501,0.0621363860969788,0.1203494045780424,0.05789420378335355,120.26781326781327,141.88059841213482,0.0006594921542011556,0.07030928414873205,0.0009516768221284168,0.10064776232860538,18.28147128398702,0.0274797272917181,0.42758536501878974,0.07845413218005676,0.2292919381181156,0.18400274648899242
investment,regime3,"(30, 20, 10)",0.2932874511434451,0.2932874511434451,0.2499489910259824,0.07838287784074788,0.06340869480936928,0.08891363728642934,0.1480613286682834,116.28746928746929,125.10560391622441,-0.001408106813729997,-0.14269421307307828,-0.0016553661567855057,-0.17090622999095087,18.93980378239523,0.024184553974993642,0.36394162643452843,0.10861507704619115,0.19600934451369267,0.14209908482761965
investment,regime3,"(30, 20, 15)",0.3077447672274195,0.3077447672274195,0.26857973520620126,0.07148126175112096,0.0616343192280628,0.08649343133551494,0.10549412768887617,120.6928746928747,140.07933075555252,-7.210625457453783e-05,-0.007586000161194569,0.0003644611507848546,0.038111731713615066,18.425717221133155,0.02523378639306402,0.42094821231721485,0.06965881726430027,0.22223104264140275,0.17560517423580982
investment,regime3,"(30, 20, 30)",0.3345086843065156,0.3345086843065156,0.3006150797428433,0.06602270171096641,0.060173349090169075,0.09198990033556231,0.06133491460518518,125.11302211302211,165.83395552399634,0.0015720324741038492,0.16382130742288215,0.0019844874140621527,0.20501885960787342,17.605959059663437,0.027379448015676794,0.46167918022791193,0.0927231804874792,0.26312131551364437,0.22512059078241117
investment,regime3,"(30, 30, 10)",0.26277852835423604,0.26277852835423604,0.21863268949706477,0.07643007041599482,0.0628192071250525,0.06205834665457533,0.17472249060021972,118.12776412776412,113.58875888770301,-0.003620765727941993,-0.36831115650729884,-0.003769776652129548,-0.38983511186387154,19.421418192190117,0.02383937354138137,0.3393313330317289,0.07080408933727123,0.16360605568779477,0.1090475610873621
investment,regime3,"(30, 20, 40)",0.3349168383537868,0.3349168383537868,0.3011715304578358,0.06610368612318246,0.060610338333043065,0.09469790755452771,0.05555833828141009,125.25307125307125,165.78634995007914,0.001616291130603101,0.16854668880634868,0.00203810786767664,0.21071222922413696,17.579846984792212,0.027643615075009148,0.4633801035592572,0.09192701118556333,0.2645173472606814,0.22734177490265325
investment,regime3,"(30, 30, 15)",0.2799280950270937,0.2799280950270937,0.23913557273397032,0.07003514867594168,0.06104088378809293,0.05868080269451668,0.13769991837180312,122.68304668304668,128.221692621133,-0.00246311148494462,-0.26199227554989063,-0.001956479981069561,-0.20642172000594516,19.050207677990855,0.024856881794618382,0.3971693609955459,0.03378384324252903,0.19015602456630512,0.141430045331468
investment,regime3,"(30, 30, 20)",0.2922343075884395,0.2922343075884395,0.2574583899611512,0.06406177670136946,0.05954422251223205,0.053173040324929526,0.10561903960527225,126.86486486486487,151.6749577056218,-0.0010524472258745575,-0.10968723098583283,-0.00021723712350276347,-0.022396373391425455,18.384201280613826,0.025928939517222676,0.4134088530723688,0.05244349683112068,0.2179344016336274,0.17853253884076248
investment,regime3,"(30, 30, 40)",0.27163086976922424,0.27163086976922424,0.24242663720913565,0.05683159878354385,0.05821078688912175,0.05480615468910307,0.051954958721744916,135.1056511056511,157.96809192129058,-0.001131456057268285,-0.127695757933614,-0.0012501600639815967,-0.14096366466986765,17.876308099600315,0.027389545896687656,0.4020117171084333,0.040541707223430444,0.2154744890857654,0.18833166619740474
investment,regime3,"(30, 40, 10)",0.2669426276094427,0.2669426276094427,0.22264009103215227,0.07668764499447032,0.06318340369675926,0.05871924589726011,0.17962559824739613,118.28746928746929,115.14620574885222,-0.0032283298286700716,-0.3266172152259382,-0.0034450725352102624,-0.3550534749317708,19.443778747825554,0.023809523809523808,0.34624551387842484,0.07080055941203328,0.16760642046323104,0.11302767208510779
investment,regime3,"(30, 40, 15)",0.28447183488130984,0.28447183488130984,0.24356287146335676,0.0702987917481987,0.06139733334328783,0.055191338299085804,0.1429159575237973,122.85257985257985,129.99475551563467,-0.002059543821211524,-0.21802904072195772,-0.001630884829325102,-0.1716443820620775,19.063538276457678,0.02482494040524434,0.40454173711613917,0.03378344192309245,0.19463747787748967,0.14595010390036908
investment,regime3,"(30, 40, 20)",0.2995787328092316,0.2995787328092316,0.2645513260209239,0.06443241954341002,0.05988271109962563,0.04997875754997006,0.11137711001452756,127.04914004914005,154.41440306806038,-0.0005524490380863448,-0.057307242645708925,0.0001693288874173699,0.017405851433694438,18.415401182670394,0.025893824485373782,0.4261222876816867,0.05244188727479258,0.22481811211570052,0.18516579172944886
investment,regime3,"(30, 40, 30)",0.27757190820326544,0.27757190820326544,0.2482576143254621,0.05693005364725767,0.05783597075372193,0.04814174017369666,0.06461538215393975,135.26289926289925,161.02930424202498,-0.0008250033746081075,-0.09235432029558055,-0.001103012616757112,-0.12338943095946743,17.874580370339043,0.027035780645381244,0.4123250424958102,0.04092829127260212,0.22027036637530265,0.19206647792827522
investment,regime3,"(40, 10, 15)",0.30270287724375866,0.30270287724375866,0.25880764029598474,0.07895852621334319,0.05862836635388969,0.15964477100960495,0.07663191681249694,119.42751842751842,128.53429822614407,0.0005674767253503049,0.05849551872996474,0.0004886371199575904,0.050592658892310134,19.21365546156926,0.02467934035730646,0.38317022609339413,0.10434034446166349,0.20030153297343056,0.14146743906019008
investment,regime3,"(40, 10, 20)",0.3065896846581955,0.3065896846581955,0.26232038715993095,0.07908328107353571,0.05860872133043663,0.1637587078607351,0.07175265730502722,119.72235872235872,129.8429556842946,0.0009198348355412425,0.0945403094183954,0.0008290805908932972,0.08565351317906698,19.28956876218522,0.02546084704448507,0.38814786992341205,0.10638540222268257,0.20309733003574268,0.14360554607674797
investment,regime3,"(40, 10, 30)",0.3034482316560988,0.3034482316560988,0.2590778102439278,0.07905985495951098,0.058598754077789236,0.16827596419401122,0.06502338848532015,120.06633906633907,128.64735100485748,0.0007264776210350425,0.07463274141578774,0.0005854416405037467,0.06042899073889254,19.348356512515373,0.026380764263465774,0.38067100648133234,0.10830375772024103,0.19969280319108967,0.14007441860902234
investment,regime3,"(40, 10, 40)",0.3040150174957709,0.3040150174957709,0.2597611670719315,0.07899572585037504,0.05866726797774188,0.17144242176984525,0.05948919052450487,120.38820638820638,128.95574863898239,0.0008004234768366478,0.08230601872685732,0.0006993051825869903,0.07226776058987833,19.334089110779264,0.027243620104958035,0.3825825781074396,0.10759076616837523,0.200591734512684,0.14113923336117953
investment,regime3,"(40, 15, 10)",0.32038214150568667,0.32038214150568667,0.27719707536528504,0.07781359938101982,0.05851191878216453,0.11982811998013328,0.1261059451078121,120.51842751842752,136.9701198146891,0.0011840234468042657,0.1226856349217807,0.0008948702328070337,0.09432733056722827,18.94900680703219,0.0234046582086726,0.38335412536039903,0.14494952801999975,0.2211813539906438,0.16487516132996274
investment,regime3,"(40, 15, 30)",0.3289500503890828,0.3289500503890828,0.2900397096101595,0.07062934593751007,0.05631636451215142,0.13098126678873812,0.06381327599075425,126.2997542997543,150.86589083605864,0.002159804177372408,0.23292139867083492,0.002475991554099455,0.2648089928921091,18.477662231462094,0.026086009403307495,0.4320278881408382,0.10412449464114729,0.2414460472159723,0.19242371493850022
investment,regime3,"(40, 15, 20)",0.3333431047901023,0.3333431047901023,0.29474949148384166,0.07036960235798138,0.056326247852470826,0.12506553383790067,0.07027979598859929,125.92874692874693,153.40439374610233,0.002458727147418338,0.2651666390343082,0.0028226240470491577,0.30219129687678614,18.403900567780916,0.025138342798893258,0.4414250421832167,0.10290247165194656,0.24669423415222708,0.19810924807967886
investment,regime3,"(40, 20, 10)",0.315730254501364,0.315730254501364,0.27202179820901384,0.07744744714722754,0.05826805396035866,0.1029153715702917,0.14920323079096906,121.89189189189189,135.0817905773802,0.0005229847407623202,0.053614572901371255,0.0002522555612764518,0.02629788786439567,19.08767318435833,0.023161682032831123,0.37654070454031935,0.13918813083438825,0.21507907485423833,0.15811603208879574
investment,regime3,"(40, 15, 40)",0.3311228019249637,0.3311228019249637,0.29217938747195615,0.0706263036683152,0.0563806523829147,0.1348121857297963,0.05783021515962766,126.69533169533169,151.7511425819648,0.00235544489579875,0.25428272894671755,0.002721446977955691,0.2915684758066479,18.516088254646238,0.02709600347523892,0.43670836732365104,0.10324063930360441,0.2435218467641493,0.19439781623642816
investment,regime3,"(40, 20, 15)",0.3253200052801924,0.3253200052801924,0.2859894336614569,0.0703982479089129,0.05621128853639516,0.10118124144287405,0.10603700658523035,126.92383292383292,148.84222069101057,0.0015572164030517358,0.16634991600764334,0.0020419320554988627,0.21668961739530065,18.548637660127337,0.024089200520456846,0.42900329998530384,0.09456938821827632,0.2366157470222975,0.1869238950265298
investment,regime3,"(40, 20, 30)",0.3523257162392416,0.3523257162392416,0.31813254888747194,0.06488522803694831,0.05408160855454268,0.10930757550148382,0.06139315939879048,131.96068796068795,175.84453018332732,0.003239605938792051,0.34581233733543687,0.003673989195436858,0.38781804685357224,17.829640634808964,0.02614971583975454,0.4727316002317361,0.1138078329520376,0.27679905530246596,0.23490709431540435
investment,regime3,"(40, 30, 10)",0.2805025982642182,0.2805025982642182,0.23587115804767111,0.07569526329356559,0.05766573837250565,0.07633828225987005,0.1771641571543815,123.92137592137593,121.10426858032409,-0.002041142486859765,-0.21025682546593302,-0.002220880044340195,-0.23207872358041548,19.545729132854937,0.02281326713302202,0.3502710806521896,0.09194261836767392,0.17764673214576115,0.11989723096728827
investment,regime3,"(40, 20, 40)",0.3544290201228048,0.3544290201228048,0.3200969675914277,0.06494809007045534,0.05414577210759662,0.11339603885444563,0.05557125087486697,132.36117936117935,176.5416333010055,0.0034155113635291547,0.3651356971845119,0.003900830022372047,0.4126359460268889,17.901853035362542,0.027136027813993914,0.47718625218321464,0.11281503911878206,0.2785215869569436,0.23639149780345373
investment,regime3,"(40, 30, 15)",0.2926936023444622,0.2926936023444622,0.25156485855613325,0.06921964969373434,0.05561188391122112,0.07385902514938306,0.13973827117316243,129.1031941031941,134.00496995325165,-0.0011666113789700564,-0.12594894765888917,-0.0006205090889565869,-0.06639537762252955,19.147197966162736,0.02371379776560165,0.40347743992206997,0.04853096199905345,0.19927347441323434,0.14727054635196618
investment,regime3,"(40, 30, 20)",0.3044847122897529,0.3044847122897529,0.26916529467853845,0.06329262687107497,0.053441002672518764,0.07120918747108679,0.107691673842857,133.86486486486487,158.00012234237275,0.0002725909788049326,0.02902000889291581,0.0011155241466955547,0.1172240432217529,18.594995983676956,0.02467139219599477,0.4219893193802237,0.06309300362988629,0.22548985133112626,0.18201383850468783
investment,regime3,"(40, 30, 40)",0.2799995606659118,0.2799995606659118,0.2505947221758769,0.05536751183113172,0.050780874450937305,0.07578551128544622,0.05160933294733689,143.8058968058968,164.69424507405103,-2.031295800710006e-05,-0.0023568921862411377,-1.1359214199803142e-05,-0.0013162065390527728,18.114795377693195,0.026793765296921294,0.39688023013477175,0.06162678079026771,0.21841366279879085,0.18610775163480284
investment,regime3,"(40, 40, 10)",0.26649489547247196,0.26649489547247196,0.22130135398376347,0.07389590701801697,0.05691628840086743,0.058277970564489905,0.1931423279855759,125.68796068796068,117.72053882791005,-0.0030083344916966336,-0.31616053590096166,-0.0032607317637688535,-0.3489096547898042,20.117450318042128,0.022521045151415765,0.3499376180451907,0.053221766973973586,0.16212061468985536,0.10371740981245998
investment,regime3,"(40, 40, 15)",0.27821672758611765,0.27821672758611765,0.2365010442864484,0.067592402243396,0.05479101370887941,0.05449485131948183,0.15942671346836484,131.14496314496316,130.52069620080346,-0.002195546100872188,-0.24156028342427913,-0.0016987716566678858,-0.18634140465599372,19.725837378340596,0.023375712406839104,0.3980766285271204,0.010049957599191785,0.18309006890025192,0.13027451029036635
investment,regime3,"(40, 40, 20)",0.28031944665108616,0.28031944665108616,0.2449706628821484,0.06181667400511312,0.05253847403893101,0.04911292978920907,0.13306431636824742,136.07371007371006,149.6363933588781,-0.0015378625345998324,-0.16269383861420877,-0.0009005852296212233,-0.09518380827213607,19.064349257101377,0.024303437055114906,0.4004258094918913,0.02450620731168761,0.2008879271058781,0.15718704931924568
investment,regime3,"(40, 40, 30)",0.2516192368767481,0.2516192368767481,0.2219762885218916,0.0542299136026003,0.04983989792649966,0.04745596693853255,0.08905516477239081,145.80835380835381,152.41173861421763,-0.0019286377025301703,-0.2210566554299908,-0.0022406296241981407,-0.2591828077578265,18.605052636010413,0.025310820693821744,0.3748800964571666,0.013746654267933834,0.18888451584602353,0.15586403951008937
xgb,diag,"(40, 40)",0.41144720225726295,0.41144720225726295,0.3917768676294032,0.4969468200895267,0.47204114709377365,0.5712053720436341,0.5709803901223756,147.0558659217877,34.88445229738866,0.020296626181161098,0.7866179637211479,0.01912904430200645,0.6992259284541726,1.689851327282538,0.0,,0.3917768676294032,0.38002957788852576,0.36825498392560063
xgb,regime2,"(10, 20)",0.2937498822134367,0.2937498822134367,0.26859033039179514,0.733110907028774,0.7417422378653844,0.743050063694512,0.6586363593753554,102.98324022346368,19.896405762451295,0.01044200979484285,0.333158241497018,0.009149909790281999,0.28120288574838775,1.7122267687945967,0.0,,0.26859033039179514,0.2559728813506467,0.24332364070383017
xgb,diag,"(15, 15)",0.38272226196891435,0.38272226196891435,0.3588688584595086,0.6852391126695624,0.6673482583824758,0.7754622122374918,0.6879535277065854,108.82122905027933,27.152849151212056,0.022589317664959984,0.7574720008496257,0.02089923242643894,0.6680447820702599,1.704988149952845,0.0,,0.3588688584595086,0.34551700580337225,0.332126641930605
xgb,regime2,"(10, 15)",0.29096823671934413,0.29096823671934413,0.26580303597785676,0.741198974403089,0.7417327090895227,0.7773583220666072,0.6879535277065854,101.62011173184358,19.722206282274854,0.009740973935582903,0.30552082142360887,0.008693579987752019,0.26189381691183317,1.713911703205382,0.0,,0.26580303597785676,0.2526968086762169,0.23955747676790665
xgb,diag,"(20, 20)",0.38486275733238784,0.38486275733238784,0.36162968205580065,0.6424344573151544,0.6226884456862304,0.733339878354437,0.6572989105390749,116.83798882681565,27.94783739388387,0.021757062154241634,0.7542958950651768,0.019444744589082852,0.6433477066363712,1.7032603823597452,0.0,,0.36162968205580065,0.3484836711321267,0.335298162301912
xgb,diag,"(10, 10)",0.21057776274707043,0.21057776274707043,0.1848507465355472,0.7566394114068864,0.7420552744384624,0.8136988279808571,0.7814146494513897,100.0,14.024094478247381,-3.4688364169140756e-05,-0.0010837840350850071,-0.0005260998188743368,-0.015794735926743894,1.7202250056138493,0.0,,0.1848507465355472,0.17053886030106424,0.15620369301941253
xgb,diag,"(30, 30)",0.37290076830679636,0.37290076830679636,0.3517161480990538,0.5605522462408417,0.539870132606784,0.6234995811606148,0.6202771156645068,131.7877094972067,29.594484843808317,0.021253331757563446,0.795375097496352,0.020092602856873417,0.7089035752713589,1.69837166713762,0.0,,0.3517161480990538,0.339517609533195,0.327290618903938
xgb,regime2,"(10, 30)",0.23261290151576683,0.23261290151576683,0.20767826488585625,0.7163580358139876,0.7411845004741151,0.6649487825896341,0.6116156315706259,105.60893854748603,15.852394082108546,0.00652978218014993,0.21085705702695925,0.005898136042491397,0.18341958645645803,1.7062517335109366,0.0,,0.20767826488585625,0.19605067541743695,0.18440349478547807
xgb,regime2,"(15, 20)",0.3735712066735156,0.3735712066735156,0.34990444654586705,0.6756763281369952,0.6666058744906443,0.7356702599915681,0.6575499365786851,110.32402234636872,26.68733152912,0.02200488678218479,0.7453079008063581,0.01993795307479341,0.6449952800040446,1.703387641982115,0.0,,0.34990444654586705,0.33716480698363566,0.32438975766778794
xgb,regime2,"(10, 40)",0.2124436402276824,0.2124436402276824,0.18765128825713306,0.7049823407558731,0.7410638151489778,0.6254761967939866,0.5593108762470846,108.03351955307262,14.545550656460879,0.00452407155902337,0.14646985553087372,0.0038797800076023955,0.12104023543879353,1.7042270280797924,0.0,,0.18765128825713306,0.1767236207709348,0.16578081701450398
xgb,regime2,"(15, 10)",0.3027081154276649,0.3027081154276649,0.2782351090233153,0.7022050719868407,0.6680262501220614,0.8204735396043016,0.7814146494513897,107.13966480446928,21.075476136853343,0.013083721750971474,0.4351748698238353,0.011916763187842084,0.37800580600763634,1.7135010708395424,0.0,,0.2782351090233153,0.26350795801957705,0.2487539079068521
xgb,regime2,"(15, 30)",0.3141919012673943,0.3141919012673943,0.29080066434220825,0.6581321174973105,0.66608950312669,0.6445345607130759,0.6206187912895863,113.08379888268156,22.64607695843939,0.01830732371792854,0.6285404420622595,0.016908649405794993,0.554572440872526,1.6966986332014184,0.0,,0.29080066434220825,0.27911867600504553,0.26741397682504914
xgb,regime2,"(20, 10)",0.3130481654003629,0.3130481654003629,0.2889871580437987,0.6698962200297782,0.6248519785622523,0.8205530737850798,0.7814146494513897,113.5195530726257,22.15702891242592,0.012909975476012032,0.4397219678791644,0.011483770625852329,0.37226812098706047,1.7148492075922792,0.0,,0.2889871580437987,0.2737770642367773,0.2585376123277358
xgb,regime2,"(15, 40)",0.2941933717187024,0.2941933717187024,0.2709948293670264,0.64655223506612,0.6659158930331069,0.6038854156665663,0.5683736633193908,115.58659217877096,21.355543991183726,0.016193238791879363,0.5580642627653218,0.014776132065006418,0.48684003860672187,1.6942101409001844,0.0,,0.2709948293670264,0.26005013485301115,0.24908757473294904
xgb,regime2,"(20, 15)",0.3938215104077771,0.3938215104077771,0.3703795287963706,0.6524301398995057,0.623764857808784,0.7743821693942023,0.6877140890202742,115.25698324022346,28.38739760555549,0.02227837081171774,0.7652780238904634,0.020328541878697245,0.6646186456910402,1.705498604863149,0.0,,0.3703795287963706,0.3565836906572177,0.34274570827305273
xgb,regime2,"(30, 15)",0.450108317266476,0.450108317266476,0.4283361256456392,0.5901126605520376,0.5425862478626773,0.7637614310494656,0.6876743062068358,126.76536312849161,34.94652575836023,0.02617809286615346,0.9519286013907825,0.02474650294685262,0.846893200311946,1.7105671704567884,0.0,,0.4283361256456392,0.41428271593168353,0.4001829278382534
xgb,regime2,"(20, 30)",0.3260573424559515,0.3260573424559515,0.30311955521967193,0.6243807367925691,0.6218199998440996,0.6406340967394522,0.6201992311334082,119.70949720670392,23.912466173651513,0.018312866831743612,0.6457881383703911,0.016689803579016334,0.56158840386099,1.6957378231774514,0.0,,0.30311955521967193,0.29107021494281327,0.27899549167714915
xgb,regime2,"(20, 40)",0.3071583293570139,0.3071583293570139,0.28441447810654397,0.6125103038206537,0.6214403101241844,0.5986689887265341,0.568471006335076,122.36312849162012,22.68934717041659,0.016302940513977314,0.5777866743549251,0.014666482078692651,0.4964155096930651,1.6929692777051653,0.0,,0.28441447810654397,0.27312042006835574,0.2618064154592099
xgb,regime2,"(30, 10)",0.3606756696452496,0.3606756696452496,0.3382372379186308,0.6089659536002296,0.5450808605744414,0.8121996937649829,0.7814146494513897,124.88268156424581,27.42401655491825,0.016098626232582083,0.5761344024982655,0.015217030393674192,0.5128946496348952,1.7206995866232564,0.0,,0.3382372379186308,0.322708212952254,0.30714676253130124
xgb,regime2,"(30, 20)",0.4347097967052344,0.4347097967052344,0.41315894800176167,0.5797209716084093,0.5411019178549346,0.7213212564603312,0.658318118809233,128.55307262569832,34.01408618900757,0.0250319654907764,0.9184687560081315,0.02324577987452754,0.8043275511207183,1.7071683506185722,0.0,,0.41315894800176167,0.39978373601099326,0.3863645547400862
xgb,regime2,"(30, 40)",0.35285574555906823,0.35285574555906823,0.3318909194091487,0.5485406673581145,0.5392081409398031,0.5819653324731847,0.5686205224666356,134.6312849162011,28.251021494918888,0.01911328816207391,0.7214522938424904,0.017940785535513572,0.6388123023298523,1.694809342959142,0.0,,0.3318909194091487,0.32044915075814506,0.3089849509273048
xgb,regime2,"(40, 20)",0.4937939831424921,0.4937939831424921,0.4734883464955815,0.5301443171743131,0.47504392251895783,0.7208373201701187,0.6577987806441371,140.18994413407822,40.77129267188072,0.02633830044258601,0.9806092609347921,0.024537797101292266,0.8610389020178293,1.7038535005938762,0.0,,0.4734883464955815,0.45969151073653286,0.4458451681439896
xgb,regime2,"(40, 15)",0.5101146107267098,0.5101146107267098,0.4895987599520459,0.5407882001761121,0.47674096377902114,0.7634861295260313,0.6877452272346538,138.2513966480447,41.81589267223391,0.027724775313323836,1.0171677695637575,0.026311798323185434,0.9083856912706944,1.7082777359918933,0.0,,0.4895987599520459,0.4751060224256533,0.4605608797849322
xgb,regime2,"(40, 10)",0.39915427809747905,0.39915427809747905,0.3779378474836107,0.5609348468479768,0.4804816593203963,0.8144583422030127,0.7814146494513897,136.2122905027933,32.02388298250093,0.016307587102026476,0.5944357699797715,0.015394332776669153,0.5279202155407229,1.7193576438230067,0.0,,0.3779378474836107,0.36192197229145995,0.345870484563655
xgb,regime3,"(10, 10, 15)",0.2738018864757701,0.2738018864757701,0.24834289782472355,0.7481237531734793,0.7419229511313805,0.8167969943090908,0.6978818165479722,100.70949720670392,18.35439113699521,0.008183542846244347,0.2576743424565456,0.007383685499568288,0.22307866287328712,1.7144965027359191,0.0,,0.24834289782472355,0.23469022191503972,0.2210055050143635
xgb,regime3,"(10, 10, 20)",0.2792921638039015,0.2792921638039015,0.25389110432372647,0.7457498967343336,0.7419256679824626,0.81715040561577,0.6750148136729333,101.23463687150839,18.758552797100034,0.008847429790515934,0.2794105720700815,0.008049257245467126,0.2439033977056216,1.713969127592889,0.0,,0.25389110432372647,0.24042657434345624,0.22692955636616594
xgb,regime2,"(40, 30)",0.4283043912389939,0.4283043912389939,0.4084007117872272,0.5093422737079742,0.47350505383410335,0.612856048049364,0.6204385542460044,143.8268156424581,35.957800397922206,0.022136741470775042,0.8458370055094707,0.020973227653408387,0.7550487433786792,1.694029640755941,0.0,,0.4084007117872272,0.39589447440126213,0.38335492343858113
xgb,regime3,"(10, 10, 30)",0.27616250912160184,0.27616250912160184,0.2508972985318562,0.7407358938966673,0.7418578296334487,0.8166977076940436,0.6288755492934825,102.08938547486034,18.617453660321413,0.008985181191261026,0.28350127867427183,0.008194241543595156,0.24813422824721496,1.711266369357914,0.0,,0.2508972985318562,0.23779979183729977,0.22467099860937706
xgb,regime3,"(10, 15, 10)",0.22982310870576883,0.22982310870576883,0.20438861236674224,0.7499708315784982,0.7418763870360551,0.7749684262438942,0.772850731967292,100.8268156424581,15.475627433287672,0.0017285155130173134,0.05404613996181791,0.0009635817203557037,0.028960849041190784,1.7198276564806974,0.0,,0.20438861236674224,0.19059709443826747,0.1767802822640694
xgb,regime3,"(10, 10, 40)",0.26906709891607317,0.26906709891607317,0.24387439056592805,0.7375585624669827,0.7417382234833966,0.8180532108165496,0.5979303817676026,102.65921787709497,18.189430328487806,0.007922590464364249,0.24980699939576906,0.007179152132162181,0.21729075518964344,1.7109944876912777,0.0,,0.24387439056592805,0.23096359767004596,0.21802324236935464
xgb,regime3,"(10, 15, 20)",0.2962810546125732,0.2962810546125732,0.2711757734605182,0.7387778693780779,0.7417386471484156,0.7780339374197176,0.6641777646250313,102.16759776536313,20.124207069560686,0.01038313075867623,0.3264541689705534,0.009336088621946972,0.28192384631098144,1.7135035188472372,0.0,,0.2711757734605182,0.2582596903127246,0.2453100796742092
xgb,regime3,"(10, 15, 30)",0.2932002917912408,0.2932002917912408,0.26822911038478225,0.7335968569742498,0.7416647148227475,0.7780411087669644,0.615878778115869,103.11731843575419,19.988702291867426,0.010593194097677155,0.33293199899589326,0.009549790343901108,0.28835105899239655,1.710824812688601,0.0,,0.26822911038478225,0.25568762004627893,0.24311380564789026
xgb,regime3,"(10, 15, 40)",0.2858210838876109,0.2858210838876109,0.2609340063715561,0.7302140198112188,0.7415463523716099,0.7789692711329181,0.5835735409977143,103.73184357541899,19.546303940596413,0.009477701834751464,0.2978949863784472,0.008491303303361057,0.2564863742772854,1.7102732610393938,0.0,,0.2609340063715561,0.2486008993105371,0.23623729489829584
xgb,regime3,"(10, 20, 10)",0.2297759222059373,0.2297759222059373,0.20430063937192172,0.745427725651021,0.7418797410089074,0.7409526546946203,0.7765741354883702,101.54748603351955,15.438004464323322,0.0020485831548337444,0.06482607129438345,0.0010499880378435772,0.032016589448471196,1.718766329518392,0.0,,0.20430063937192172,0.1907489714715714,0.17717268170414285
xgb,regime3,"(10, 20, 15)",0.2905004061433561,0.2905004061433561,0.26531189935609206,0.7359811952944848,0.7417362998064915,0.742336647150445,0.6866956293542836,102.40223463687151,19.657602707901642,0.009979599059263877,0.3170574285642339,0.008692232958218929,0.26592369018190437,1.7124578652339355,0.0,,0.26531189935609206,0.2524984544938476,0.23965345296380597
xgb,regime3,"(10, 20, 40)",0.27823399460454273,0.27823399460454273,0.25332508628031347,0.7237867224908262,0.7415569975781713,0.7425586399769656,0.5727716321569388,104.6927374301676,18.996645366603765,0.00883877927057591,0.28174445444613655,0.007622359495419074,0.23416644602030634,1.7088116121057224,0.0,,0.25332508628031347,0.24134913682648593,0.22934511432302912
xgb,regime3,"(10, 20, 30)",0.2849864053903492,0.2849864053903492,0.259979842553199,0.727347239398279,0.7416598537634085,0.7421273510098334,0.6061802274599755,104.02793296089385,19.388120437779016,0.009893538864058624,0.31533585540989323,0.008626545069851808,0.26487362730981906,1.7094559359686663,0.0,,0.259979842553199,0.24777221800415175,0.23553475848525812
xgb,regime3,"(10, 30, 10)",0.17984366922848533,0.17984366922848533,0.15444265569600082,0.7355906287811612,0.741403237518823,0.668041031936686,0.787032731260618,102.89944134078212,12.10339106626558,-0.001097117399461299,-0.035191036175043454,-0.001431009071014096,-0.04419343153425797,1.7158550512641009,0.0,,0.15444265569600082,0.14141590453995176,0.12837420637031519
xgb,regime3,"(10, 30, 15)",0.23904745933687388,0.23904745933687388,0.21390483204889194,0.7258528845234569,0.7412530859632407,0.6674330827593968,0.6971838241515894,103.83240223463687,16.186264454623988,0.00670265393024162,0.21617890846532956,0.006058575857536735,0.18807227234666082,1.7093737692053654,0.0,,0.21390483204889194,0.20160038919779857,0.18927437517792742
xgb,regime3,"(10, 40, 10)",0.17324431909969099,0.17324431909969099,0.14785598979926706,0.7313087090732013,0.7413806830060056,0.6361704121383359,0.7904640360895555,104.08379888268156,11.665361533137258,-0.0015553934205877196,-0.050060426591834156,-0.00188306790319895,-0.05835673854834335,1.7156693160271146,0.0,,0.14785598979926706,0.13505522647756507,0.1222418304349102
xgb,regime3,"(10, 30, 20)",0.24271109967902216,0.24271109967902216,0.2176006055719807,0.7229569154432074,0.7412608316531338,0.6682297474363239,0.6687559468141987,104.46368715083798,16.453807659712716,0.007207267263316286,0.23349226307532508,0.006559864273042767,0.20461983918762033,1.70923816921394,0.0,,0.2176006055719807,0.20549406644836535,0.19336576851172302
xgb,regime3,"(10, 30, 40)",0.22194094812300036,0.22194094812300036,0.1971525054611018,0.711731576188912,0.7410675273990073,0.6643058168902443,0.5697343277474706,106.40782122905028,15.202801921590881,0.0048679855891815465,0.15747333018335052,0.0043151116854287875,0.1345197128633094,1.704932646258828,0.0,,0.1971525054611018,0.18585343976118715,0.17453686484753175
xgb,regime3,"(10, 40, 20)",0.22872805654035455,0.22872805654035455,0.2035395113670719,0.7172185285956506,0.7412395624674375,0.6317184019626831,0.6648071998397419,105.79888268156425,15.461189342079187,0.006160586327804389,0.20036746411022208,0.005440172198622773,0.17041187236869382,1.7093458391042489,0.0,,0.2035395113670719,0.1916812773221809,0.17980416680947067
xgb,regime3,"(10, 40, 15)",0.22171100678126748,0.22171100678126748,0.19644770375554335,0.7208297088111832,0.7412307807140048,0.6332224570527857,0.6968320725343558,105.06145251396649,14.938995421308569,0.005242412600009461,0.1699885182425503,0.004518473577814985,0.1410662089853279,1.7089900234339692,0.0,,0.19644770375554335,0.18434087795713994,0.17221542854740385
xgb,regime3,"(15, 10, 15)",0.36765858740832236,0.36765858740832236,0.34344943709096987,0.6936176789014155,0.6677981019007162,0.8235717059325351,0.6978818165479722,107.86033519553072,25.752761045913093,0.021223697175082826,0.7118591030629157,0.019751582386243756,0.6309753554251812,1.707168582790272,0.0,,0.34344943709096987,0.32940247069376155,0.3153189698942885
xgb,regime3,"(10, 40, 30)",0.22188913020494555,0.22188913020494555,0.19691633818224766,0.7102661907442507,0.7411729710170364,0.6271700511738376,0.6060025629693799,107.09497206703911,15.099446671489641,0.006039492709308626,0.19508257990046676,0.005319247755050164,0.16546136076640394,1.706131778175544,0.0,,0.19691633818224766,0.18559069749920434,0.17424794771369206
xgb,regime3,"(15, 10, 20)",0.37355832898337293,0.37355832898337293,0.349412103472545,0.6911852886183572,0.6677226280200047,0.8239251172392144,0.6750148136729333,108.41340782122904,26.2219154189094,0.0218949853274061,0.7371393901661097,0.020424865187110015,0.6548182118886777,1.7065400753572746,0.0,,0.349412103472545,0.3355605726178764,0.32167203401203237
xgb,regime3,"(15, 10, 30)",0.370057244985752,0.370057244985752,0.3460476192776247,0.6860995839707098,0.6675590088949716,0.8234724193174882,0.6288755492934825,109.29608938547486,26.07408439421964,0.02198485469108953,0.7402569926108701,0.02052420300968996,0.6581606156569516,1.7034142699005974,0.0,,0.3460476192776247,0.3325687611259658,0.3190542495891518
xgb,regime3,"(15, 10, 40)",0.3622416336506062,0.3622416336506062,0.33829521486286585,0.6829132801741077,0.6674274172697089,0.8248279224399941,0.5979303817676026,109.87150837988827,25.58759995378035,0.020871998774679545,0.701973589097275,0.01946184802527985,0.6235770377857277,1.7029762941328197,0.0,,0.33829521486286585,0.324998762833984,0.3116685437112631
xgb,regime3,"(15, 15, 10)",0.31979684945242376,0.31979684945242376,0.2956743376785247,0.694082686620962,0.6675877370969358,0.773072316414779,0.772850731967292,108.01675977653632,22.54948887062881,0.014655115117612999,0.4889657817074809,0.013244200371830786,0.4216111230055973,1.7115653301399938,0.0,,0.2956743376785247,0.2816092479288216,0.2675141045024859
xgb,regime3,"(15, 15, 20)",0.38843680531826713,0.38843680531826713,0.3646489079564797,0.6827602265806998,0.6672770112889107,0.7761378275906023,0.6641777646250313,109.39664804469274,27.622071950938192,0.023238872773216623,0.7816963675239612,0.0215494493026079,0.690880542400857,1.7044803154402957,0.0,,0.3646489079564797,0.3514958584089211,0.3383038818650272
xgb,regime3,"(15, 15, 30)",0.3850198270547168,0.3850198270547168,0.3613674813669474,0.677508815244613,0.6671090385985086,0.776144998937849,0.615878778115869,110.37430167597765,27.48213848580062,0.02340104928911161,0.7874677384575264,0.0217174999044519,0.6966846387787486,1.701355416953875,0.0,,0.3613674813669474,0.3485964156819912,0.33578782593704826
xgb,regime3,"(15, 15, 40)",0.3769058270397769,0.3769058270397769,0.35332879911972154,0.674116503936472,0.666978020386366,0.7770731613038028,0.5835735409977143,110.99441340782123,26.980889950709535,0.022235293656740072,0.7479107238587855,0.020611749044029428,0.6612194162855418,1.7006010407782708,0.0,,0.35332879911972154,0.34076301509238865,0.3281617247235475
xgb,regime3,"(15, 20, 10)",0.30761797826080545,0.30761797826080545,0.28362814177225487,0.6880706167510012,0.6669161558199115,0.7335728509916766,0.7749990206724992,108.84357541899442,21.800604875428682,0.013665752929177863,0.4577919338132289,0.011889353058379563,0.3805849028962979,1.7108062887495064,0.0,,0.28362814177225487,0.26992747666495465,0.2561990368923241
xgb,regime3,"(15, 20, 15)",0.36987462014944583,0.36987462014944583,0.34617273138863475,0.6785916759776766,0.6666771215842094,0.7349568434475011,0.685489356741317,109.71508379888269,26.392808384648262,0.021535948474264523,0.7259139139761717,0.01947340647562159,0.6267900139802391,1.703717376477465,0.0,,0.34617273138863475,0.33323113169072927,0.3202543474227072
xgb,regime3,"(15, 20, 30)",0.364167348817819,0.364167348817819,0.34065809685413095,0.6697752678173309,0.6664311335698052,0.7347790919960805,0.6044076131079074,111.40223463687151,26.13833399593069,0.021391621785208634,0.7242386157367066,0.01935216951671584,0.625783999581977,1.7001272252712922,0.0,,0.34065809685413095,0.3283395822479229,0.3159878560002777
xgb,regime3,"(15, 30, 10)",0.2590900828109056,0.2590900828109056,0.23522329706062511,0.6773407512088202,0.6665976432048507,0.6468665087567552,0.7948095289080617,110.28491620111731,18.44278024465812,0.010674982071014876,0.36247323988424723,0.009573386198427552,0.3105019681691938,1.7082041756851154,0.0,,0.23522329706062511,0.22210832643290468,0.20897547920148096
xgb,regime3,"(15, 20, 40)",0.3561774989492767,0.3561774989492767,0.3327559047756408,0.666201245044631,0.6663191637801246,0.7353067598326527,0.5708041663580685,112.08379888268156,25.651523093896884,0.020189813625272352,0.6833675145584217,0.01820485908560666,0.5888807079720211,1.6993309666573044,0.0,,0.3327559047756408,0.3206649998415616,0.3085428000218732
xgb,regime3,"(15, 30, 20)",0.32395030597285396,0.32395030597285396,0.30037785107174564,0.6648112928655966,0.6662570980584,0.6470552242563932,0.6789123396026301,111.89944134078212,23.219882975523788,0.018924263282875366,0.6506624549809524,0.017512219981682623,0.5751373811350291,1.7003925438067746,0.0,,0.30037785107174564,0.28820270319512836,0.2760024589852519
xgb,regime3,"(15, 30, 40)",0.30214748455056134,0.30214748455056134,0.2788924037613942,0.6534425106573697,0.6659536336883924,0.6437739622346706,0.5784368144906932,113.91061452513966,21.888064826499814,0.016502178309394516,0.5671906718437253,0.015185092281128066,0.49902218505904256,1.695164007065711,0.0,,0.2788924037613942,0.2675379365523206,0.2561631282063753
xgb,regime3,"(15, 30, 15)",0.31984097784820176,0.31984097784820176,0.29623226959636395,0.667696414267847,0.6663259800184814,0.6462585595794663,0.7066975938106309,111.24022346368714,22.894976195510026,0.018413325547830057,0.6299300423070368,0.01700425307818762,0.5554945602651464,1.7006440318182217,0.0,,0.29623226959636395,0.2838570996132176,0.271456993126844
xgb,regime3,"(15, 40, 10)",0.2550049980987866,0.2550049980987866,0.23119643179750782,0.6729751864145348,0.666580066485891,0.6155472099191974,0.7966632632206935,111.50279329608938,18.19760185978609,0.010378959553608878,0.35454596634444624,0.00927974135278104,0.30280207643169205,1.7079110768697003,0.0,,0.23119643179750782,0.2183364460044593,0.20546087223683696
xgb,regime3,"(15, 40, 15)",0.3052400031952984,0.3052400031952984,0.28154565629292533,0.6629738115910869,0.6663086479622599,0.6125992548336472,0.7083880432729955,112.50279329608938,21.769376113832315,0.017112623941043053,0.590465199069223,0.015619880939558173,0.5148905627558329,1.7001401085900807,0.0,,0.28154565629292533,0.2693659980636917,0.25716429185279405
xgb,regime3,"(15, 40, 20)",0.3127147133920374,0.3127147133920374,0.2891116773438369,0.6590141511121738,0.6662397660021786,0.6110951997435448,0.6736278532344747,113.26815642458101,22.392364645818635,0.018039502391796906,0.6245077791103328,0.01655061452445666,0.547495865995986,1.7004273677358352,0.0,,0.2891116773438369,0.2772092046247846,0.2652845416387576
xgb,regime3,"(15, 40, 30)",0.3048787082099991,0.3048787082099991,0.2815083230128445,0.6518836161056496,0.6660869570998712,0.6056916461569679,0.6149227490235456,114.6145251396648,21.995692286368904,0.017839729135523875,0.6139028251782199,0.016343346365875384,0.5372611497422544,1.6964294594890592,0.0,,0.2815083230128445,0.27016653054873935,0.25880458141322354
xgb,regime3,"(20, 10, 15)",0.37758598572087665,0.37758598572087665,0.3537644812696133,0.6610980742784633,0.6243423025260246,0.8236512401133136,0.6978818165479722,114.25698324022346,26.84725610096792,0.020871349961209488,0.7171195281052445,0.01915211223764962,0.6255947170115305,1.7080455037711453,0.0,,0.3537644812696133,0.3392284383309862,0.3246522409011153
xgb,regime3,"(20, 10, 20)",0.38353114820331896,0.38353114820331896,0.35977369558219957,0.6584986444520755,0.624043693732955,0.8240046514199927,0.6750148136729333,114.85474860335195,27.326162879104285,0.02155331145562962,0.7434219891843473,0.01983737932784888,0.6503612196919576,1.7071998583900894,0.0,,0.35977369558219957,0.34543347944388647,0.3310525286647398
xgb,regime3,"(20, 15, 10)",0.331308515166392,0.331308515166392,0.30762166858219014,0.6614537503017159,0.6242856649305736,0.7719922735714895,0.7723233205500825,114.43575418994413,23.770840937460093,0.014522852283193399,0.4962622610798273,0.012840066864950225,0.41787477085914493,1.7125899999792993,0.0,,0.30762166858219014,0.29311726464933524,0.2785802293991463
xgb,regime3,"(20, 10, 40)",0.37376559548502225,0.37376559548502225,0.3502341198800933,0.6499691415644918,0.6234045165247724,0.8249074566207723,0.5979303817676026,116.37988826815642,26.822783076507232,0.02069102017129227,0.7133048065450084,0.01902893990902546,0.6238216122557603,1.703126565727973,0.0,,0.3502341198800933,0.3364664946075591,0.3226616583793261
xgb,regime3,"(20, 10, 30)",0.381076844560372,0.381076844560372,0.357471445123649,0.6532682161792691,0.6236867497653589,0.8235519534982665,0.6288755492934825,115.77094972067039,27.266989864798717,0.02173642200098669,0.7501295507001613,0.020027100643682565,0.6569761149750551,1.7037128223729274,0.0,,0.357471445123649,0.3435156432622051,0.3295205598564329
xgb,regime3,"(20, 15, 20)",0.39954222891770513,0.39954222891770513,0.376166957777272,0.6497903882655234,0.6234714215556846,0.7750890997484976,0.6639469693476855,115.88268156424581,28.864392222687375,0.0229308514181938,0.7903008502616565,0.02098307040328365,0.6881742421286655,1.704774633275023,0.0,,0.376166957777272,0.36257061575037125,0.3489316138041194
xgb,regime3,"(20, 15, 30)",0.3971913248629063,0.3971913248629063,0.3739692033092285,0.6443406616037254,0.6231116633712955,0.7750923312322707,0.6151376275407476,116.89385474860335,28.819135852219965,0.02318704662213802,0.7998419433579534,0.02124226490560739,0.6974068597038843,1.7012650761877006,0.0,,0.3739692033092285,0.360771347294187,0.3475323543926942
xgb,regime3,"(20, 15, 40)",0.38957150586038736,0.38957150586038736,0.3664356826545918,0.6408399551005567,0.6228316274780926,0.7760203201689204,0.5828623977128067,117.54748603351955,28.361029489685805,0.022088850233896947,0.7617297437130484,0.020200811859395037,0.6633531428901243,1.700339910715468,0.0,,0.3664356826545918,0.3534495693391993,0.3404245341134855
xgb,regime3,"(20, 20, 10)",0.3193713458143163,0.3193713458143163,0.29583902288781794,0.6551701411256813,0.6235022445823615,0.7312069109827706,0.774461831679394,115.29050279329608,23.04529505392344,0.013593622839181484,0.4658320800048159,0.011558327224344274,0.3780808064388969,1.711444818513871,0.0,,0.29583902288781794,0.28173397162698866,0.26759803234548424
xgb,regime3,"(20, 20, 15)",0.3811868106540051,0.3811868106540051,0.3579192809973311,0.6455101862833227,0.6229818819393299,0.7325909034385951,0.6852309302863733,116.17877094972067,27.65362432158577,0.021285138108816177,0.7341857651902756,0.018975826778029985,0.6244900620681787,1.7038026591216795,0.0,,0.3579192809973311,0.3445719501090191,0.33118542830127595
xgb,regime3,"(20, 20, 30)",0.3763228454337608,0.3763228454337608,0.3532648477690969,0.6363389337465989,0.6223222893534605,0.732445306054375,0.6036791794665136,117.94972067039106,27.4739812509405,0.021238075374451902,0.7363123159037408,0.018950362810495797,0.626974904650367,1.6995952017394427,0.0,,0.3532648477690969,0.34055700678028583,0.3278120907798053
xgb,regime3,"(20, 20, 40)",0.3688310523965395,0.3688310523965395,0.34587203324071925,0.6326648002909822,0.6220708915512221,0.7329723620311442,0.5701167563901208,118.66480446927375,27.03132909842603,0.02010404570640248,0.6968941926858061,0.017867567706098618,0.5914679613332462,1.6986207063196965,0.0,,0.34587203324071925,0.3333992509321584,0.32089150987016923
xgb,regime3,"(20, 30, 10)",0.27048035474080406,0.27048035474080406,0.24707851042771553,0.6440716259304443,0.623020786877333,0.6426819288815065,0.7944371288983026,116.80446927374301,19.6142024144652,0.010741507496299447,0.374146955345825,0.009405659130708718,0.312492712028652,1.7084883277252372,0.0,,0.24707851042771553,0.23358525541320138,0.22007209353382298
xgb,regime3,"(20, 30, 15)",0.33070471162618653,0.33070471162618653,0.3075338847856932,0.6342475552636772,0.6224688295733346,0.6420739797042175,0.7066087240558808,117.77653631284916,24.076283153929182,0.01830129824208496,0.6425463746610719,0.016670100040217295,0.5582324554024557,1.700329200580662,0.0,,0.3075338847856932,0.29477613573320555,0.2819906113506324
xgb,regime3,"(20, 30, 20)",0.33478128092035525,0.33478128092035525,0.31164569951188326,0.6312027214602043,0.6221782894145771,0.6429109731303861,0.6788268978122748,118.48603351955308,24.40133265902878,0.01881527577495565,0.6640801609404904,0.017182492220187248,0.5786141856907816,1.699869789196244,0.0,,0.31164569951188326,0.2990872011676344,0.2865007101519788
xgb,regime3,"(20, 30, 40)",0.31440906769306354,0.31440906769306354,0.2916193599400226,0.619605797567461,0.6215459801056549,0.6398333121865906,0.5782426480824434,120.56983240223464,23.187537017144724,0.01657961957143097,0.5854334447238735,0.015034729530370609,0.5070346120871756,1.6939859919970324,0.0,,0.2916193599400226,0.27990723435077275,0.26817233780470784
xgb,regime3,"(20, 40, 15)",0.31670364676956814,0.31670364676956814,0.2934296005817918,0.6293535778667314,0.6223786300223407,0.6071537091721586,0.7089240829829018,119.14525139664805,22.954027732386113,0.017040785797380942,0.6040915015870031,0.015335366758843352,0.5187865802957313,1.6997909659666117,0.0,,0.2934296005817918,0.2808618139075669,0.2682694709085343
xgb,regime3,"(20, 40, 10)",0.26716790082155806,0.26716790082155806,0.2438171664020345,0.6395144236898775,0.6229302227898934,0.6101016642577088,0.7967257218916807,118.12849162011173,19.417970960901012,0.010485780467329894,0.36777117817397703,0.009161759391016554,0.30650625108194496,1.7081784485004958,0.0,,0.2438171664020345,0.23058287320365167,0.21733127838800698
xgb,regime3,"(20, 40, 20)",0.3241485569962149,0.3241485569962149,0.3009659066165058,0.6252301757285167,0.6220880898635834,0.6056301553899682,0.6742112301865869,119.96648044692738,23.586553016400014,0.017962020778685018,0.6390126209828463,0.0162607398561213,0.5521630074599297,1.6998903893772117,0.0,,0.3009659066165058,0.288678022524563,0.27636540582121444
xgb,regime3,"(20, 40, 30)",0.31740751370924963,0.31740751370924963,0.2944793991814574,0.617896918744351,0.6217483553325334,0.6003350665751208,0.6147661636698015,121.35195530726257,23.28961265324963,0.0178783638189822,0.6325199195552788,0.016166020220181255,0.5457598580480805,1.6954433552709594,0.0,,0.2944793991814574,0.2827777116382636,0.2710535301157416
xgb,regime3,"(30, 10, 20)",0.42978397858772655,0.42978397858772655,0.407636667961353,0.5971273629294626,0.5436795812875421,0.8156712543099012,0.6750148136729333,126.32402234636872,32.88149124980289,0.024403405167979723,0.886396289966494,0.023218624582678003,0.7925272609838866,1.7124834875746222,0.0,,0.407636667961353,0.3929753989392127,0.37826932724840784
xgb,regime3,"(30, 10, 15)",0.4249341771116037,0.4249341771116037,0.4027507392068781,0.5998650800567095,0.5441667944277304,0.8152978600932166,0.6978818165479722,125.64804469273743,32.47975589632573,0.023771035684546814,0.8594539450748822,0.022580271322613348,0.7673994451653625,1.713486620283989,0.0,,0.4027507392068781,0.3879116699984291,0.37302857880470136
xgb,regime3,"(30, 10, 30)",0.4236568316591502,0.4236568316591502,0.40165339510199316,0.5914675534892089,0.5427444448178717,0.8152423473999015,0.6288755492934825,127.36312849162012,32.551521987573025,0.024206544725365476,0.8803572372862555,0.023009746306120044,0.78636175572104,1.7086587518232101,0.0,,0.40165339510199316,0.38736582808324876,0.37303499226342557
xgb,regime3,"(30, 10, 40)",0.4161084412211948,0.4161084412211948,0.39420317445815467,0.5878553270130907,0.542042082761021,0.8166071996839229,0.5979303817676026,128.0391061452514,32.1012306411285,0.023119841569575625,0.839713417607891,0.02197261205806877,0.7502580206486874,1.7076183288039146,0.0,,0.39420317445815467,0.38010791267927285,0.36597165371497253
xgb,regime3,"(30, 15, 10)",0.38769422445866913,0.38769422445866913,0.3656602199445599,0.599436697213097,0.5435105636483083,0.7613715352267525,0.7722680713881837,125.91620111731844,29.940239844626497,0.018711548653051222,0.6763400243345177,0.017563137586723763,0.5982440446781812,1.7181240757620093,0.0,,0.3656602199445599,0.3508774662601785,0.33605850988995223
xgb,regime3,"(30, 15, 20)",0.45472232809521357,0.45472232809521357,0.4329907183916259,0.587311214837203,0.5420785729999801,0.7645852177822661,0.6637348953433208,127.4804469273743,35.34697861459939,0.026771507494849245,0.977566771904434,0.025344799739408376,0.8707673236902893,1.7096869813103355,0.0,,0.4329907183916259,0.4191211880254523,0.4052045688065507
xgb,regime3,"(30, 15, 30)",0.44884076018943425,0.44884076018943425,0.42725571242554894,0.5814133896375482,0.5411533059337579,0.7645392585224374,0.6147596330744322,128.62011173184356,35.04522253345849,0.02665234789861986,0.9748184871141223,0.02521029251089596,0.8675938515214766,1.7058466083545947,0.0,,0.42725571242554894,0.4137776293313468,0.40025408058800044
xgb,regime3,"(30, 20, 10)",0.37059533036968034,0.37059533036968034,0.34875391333894856,0.5928734272763323,0.5425327613159175,0.7190555956054134,0.7752372621257767,126.88268156424581,28.823202639476296,0.01722907965427528,0.6235031309434079,0.015732678769250677,0.5374699825349876,1.7159752714450538,0.0,,0.34875391333894856,0.33441965862050393,0.3200507392054856
xgb,regime3,"(30, 15, 40)",0.44098155534131905,0.44098155534131905,0.4195067911211335,0.5776039485805287,0.5404574555787375,0.7654791222970567,0.5824921351915963,129.34078212290504,34.5873696580789,0.025513038024885967,0.9326714893979522,0.024130053363686146,0.8304933554630046,1.7044638771663556,0.0,,0.4195067911211335,0.40624396512906474,0.39293812097173925
xgb,regime3,"(30, 20, 30)",0.42261307757228067,0.42261307757228067,0.4012333991763843,0.573152204113692,0.5401476708335984,0.7203882932441952,0.6044400536999811,129.81005586592178,33.25410488632525,0.024163720913454964,0.8871683817699598,0.022382796918678664,0.7748328310571903,1.7030213487459172,0.0,,0.4012333991763843,0.38829350574375354,0.37531226856073496
xgb,regime3,"(30, 20, 40)",0.4148721797995716,0.4148721797995716,0.3936168440176732,0.5691532148823516,0.5394933464094995,0.7209290489439822,0.5706400932907613,130.59217877094972,32.812979371797056,0.022989915908998043,0.8437778076146064,0.021262514198041094,0.7363706540183163,1.7015471209210982,0.0,,0.3936168440176732,0.3809192462512864,0.36818266194488874
xgb,regime3,"(30, 20, 15)",0.4321217465983157,0.4321217465983157,0.410561417306284,0.5829463887176259,0.5416095927176316,0.7204395880612379,0.6863309929842213,127.80446927374301,33.815723120502355,0.024619370675480888,0.8977183051732204,0.022833341763069125,0.7850493973658516,1.7078722010381333,0.0,,0.410561417306284,0.39700167655530044,0.383398450500388
xgb,regime3,"(30, 30, 10)",0.32351448532892674,0.32351448532892674,0.30187150816951624,0.5811625365219825,0.5422729014433771,0.6255517368092653,0.794693688788497,128.58659217877096,25.376938185127933,0.014500252471233774,0.5354763696707194,0.013659933412140496,0.47576965619444556,1.7123861222845602,0.0,,0.30187150816951624,0.28822782158061105,0.27456121832978664
xgb,regime3,"(30, 30, 15)",0.38233217543085696,0.38233217543085696,0.36093979787631236,0.5711272253357503,0.541322620370832,0.6248081781975835,0.7078699774879288,129.62011173184356,30.13861853893107,0.021644948605277204,0.8053239731402957,0.02049296645269931,0.7186382753348841,1.7037095873215904,0.0,,0.36093979787631236,0.3480434890470821,0.3351161473999343
xgb,regime3,"(30, 30, 40)",0.3614109216411496,0.3614109216411496,0.3404031131271807,0.5553880286726409,0.5392033841298165,0.6224806605183967,0.5777213939752107,132.75977653631284,28.887917506101097,0.019542232281825344,0.7326711902036988,0.01845971173092909,0.6531772868653041,1.6959504491581034,0.0,,0.3404031131271807,0.3285579704289349,0.3166872312873962
xgb,regime3,"(30, 30, 20)",0.3852336397573193,0.3852336397573193,0.36385551280975814,0.5678003701598362,0.540818419573285,0.625795471677898,0.6787324090613241,130.41899441340783,30.375419920093428,0.022101435068639486,0.8275220107549677,0.02095063540781384,0.7395165265933503,1.7030970846072637,0.0,,0.36385551280975814,0.3511514322667023,0.33841603078962396
xgb,regime3,"(30, 40, 20)",0.37343695495722673,0.37343695495722673,0.3520052554519033,0.5621645163284924,0.5408049996241642,0.5891018556478673,0.6759436961219784,131.95530726256985,29.38363976709518,0.021108287748904643,0.7993540045455885,0.01988817583271798,0.7099937394561696,1.703012112134535,0.0,,0.3520052554519033,0.33954380068010925,0.3270545084688487
xgb,regime3,"(30, 40, 10)",0.31886374891738384,0.31886374891738384,0.29726727447366896,0.5767788816038306,0.5422591339505539,0.5936883378111308,0.7970946881380034,129.96648044692736,25.069154869207885,0.014102699130461239,0.5261210603184093,0.013273483677264549,0.46690825909622247,1.7119771395661632,0.0,,0.29726727447366896,0.2838696114772014,0.2704519202096207
xgb,regime3,"(30, 40, 15)",0.3671716502503405,0.3671716502503405,0.34567556200292165,0.5664190968160336,0.5413092004217113,0.5906202730076874,0.7103925460716237,131.04469273743015,28.80472233795616,0.0202462016499659,0.7632118907080089,0.019019278150264645,0.6757560071279484,1.7030742378862882,0.0,,0.34567556200292165,0.3329487659969129,0.32019437028819364
xgb,regime3,"(30, 40, 30)",0.36308525377904544,0.36308525377904544,0.34190853554232126,0.5542734656272916,0.5398648919421876,0.5837871057154149,0.6155047409700677,133.49720670391062,28.829090309147805,0.020686794727551795,0.7790231438139453,0.01943653382651979,0.6897699852558847,1.6979655086030634,0.0,,0.34190853554232126,0.3300420904516639,0.31815033583626096
xgb,regime3,"(40, 10, 15)",0.4802601940007054,0.4802601940007054,0.4592863205340137,0.5510639836761002,0.4785345391994336,0.8175796273417834,0.6978818165479722,137.0,38.665172559985415,0.024902996728727225,0.913322478286349,0.023744060943652293,0.8181219348627664,1.7118526801128398,0.0,,0.4592863205340137,0.44392916700225055,0.42852269658242614
xgb,regime3,"(40, 10, 30)",0.47932346878154664,0.47932346878154664,0.4585413266589855,0.5425011952980879,0.47685272695313646,0.8177235811562038,0.6288755492934825,138.8268156424581,38.82242965486195,0.025378893239606203,0.9360089433149725,0.02421115423775548,0.8387063243608379,1.706728437806085,0.0,,0.4585413266589855,0.4437451681906018,0.4289004655022248
xgb,regime3,"(40, 10, 20)",0.48525696962124576,0.48525696962124576,0.4643251661249227,0.5482888863900633,0.4779848282829108,0.8180177774663674,0.6750148136729333,137.7094972067039,39.11419957376725,0.025506264646582608,0.9398495243701802,0.024352805407604282,0.8428246876333068,1.7108208320391622,0.0,,0.4643251661249227,0.4491501748770249,0.43392498396989626
xgb,regime3,"(40, 15, 10)",0.4322211595327498,0.4322211595327498,0.4114499735274102,0.5510761312839695,0.47896279075832904,0.7610653966945704,0.7723112223239799,137.37430167597765,35.301424306505055,0.019497436618740878,0.7146594920505308,0.018311145854846562,0.6320540541530713,1.7163125861877424,0.0,,0.4114499735274102,0.39625317552110983,0.3810160477966428
xgb,regime3,"(40, 15, 20)",0.5147031573641984,0.5147031573641984,0.4942349246979087,0.5379231379599705,0.47617684579634045,0.764440593624694,0.6634257328359495,139.0167597765363,42.255757682863376,0.028282771838727072,1.0418925640761176,0.026872341736646273,0.9313240515915653,1.707364465309288,0.0,,0.4942349246979087,0.47993376128582577,0.4655794644534711
xgb,regime3,"(40, 10, 40)",0.47171325003643944,0.47171325003643944,0.45103801890378553,0.5385784567030306,0.47569691044520407,0.8192877114077193,0.5979303817676026,139.56424581005587,38.39377218647911,0.024353358650702737,0.8964255873388546,0.02322765952504751,0.803519865201106,1.705812472947132,0.0,,0.45103801890378553,0.43643241697836316,0.42178076571853906
xgb,regime3,"(40, 15, 30)",0.5092163564834659,0.5092163564834659,0.48890354326046576,0.5319165369149988,0.4750733140986988,0.7645793057792264,0.6144302141210144,140.23463687150837,42.02037465741407,0.028250007372743417,1.0421065184420482,0.026822734187141133,0.9309113939967545,1.7032465592001544,0.0,,0.48890354326046576,0.47500182649544975,0.46104876494656827
xgb,regime3,"(40, 15, 40)",0.5020214751169878,0.5020214751169878,0.48182820981102376,0.5277718106249669,0.4739253048286428,0.7655218799479276,0.5821891776939383,141.0223463687151,41.65031660345089,0.027230091303249528,1.0036502607484217,0.02585792231866583,0.8973296890615753,1.701908397402244,0.0,,0.48182820981102376,0.46814433908658054,0.4544117137705995
xgb,regime3,"(40, 20, 10)",0.4138457706583525,0.4138457706583525,0.3932471905026474,0.5443714745004944,0.4778240856985334,0.7184734291919733,0.7754609101575639,138.43016759776538,34.00919894833553,0.017800169077773903,0.656768193992022,0.01623422062236056,0.5648279462808234,1.713260251876767,0.0,,0.3932471905026474,0.37850325098991977,0.36372086168046663
xgb,regime3,"(40, 20, 15)",0.4911661471650592,0.4911661471650592,0.47084448621890407,0.5334406316491221,0.4756080405016385,0.7198966923910491,0.6861621913582124,139.3854748603352,40.550068183184486,0.025963730682773176,0.9605023341192962,0.024166027379346856,0.8424909199114579,1.704584398845395,0.0,,0.47084448621890407,0.4568572510521829,0.4428209839881182
xgb,regime3,"(40, 20, 30)",0.4818044856355921,0.4818044856355921,0.46167861880870237,0.5234827304167415,0.4739051535281125,0.7201465928692302,0.6040161451173522,141.52513966480447,40.03724791107479,0.0255541293644605,0.9519747420496616,0.02375731550918286,0.8340271510202826,1.6993718464254057,0.0,,0.46167861880870237,0.44832460926430656,0.4349240151886113
xgb,regime3,"(40, 30, 15)",0.43917618536743236,0.43917618536743236,0.41904585808556294,0.5200994253222939,0.47518924974981736,0.6140968566358184,0.7082062838780939,141.51396648044692,36.57403010379104,0.022595694256263194,0.858348413432127,0.02145477402604505,0.7676748977879203,1.6998565963861,0.0,,0.41904585808556294,0.405822321257112,0.3925622496248204
xgb,regime3,"(40, 30, 10)",0.3645908066839201,0.3645908066839201,0.34421501336876303,0.5311169594503531,0.4774299338399314,0.6147944007117558,0.7952457993977234,140.43016759776538,30.263627914108366,0.014697147449483536,0.5568005408908023,0.013808778447471519,0.49288843000075266,1.7093248830668377,0.0,,0.34421501336876303,0.33025952951152093,0.3162770656779755
xgb,regime3,"(40, 20, 40)",0.4750861344716839,0.4750861344716839,0.45509054801940063,0.5192570062082486,0.47289502119492144,0.7202192808850464,0.5712299983234639,142.3854748603352,39.70730393455401,0.024528075518188384,0.9130584275246126,0.022782418580493947,0.7999855816341367,1.6978085928072724,0.0,,0.45509054801940063,0.4419815531148174,0.4288284148565434
xgb,regime3,"(40, 30, 20)",0.44151302585101415,0.44151302585101415,0.42140268423594573,0.5166621896515312,0.4746300129046385,0.615094368877982,0.6784029803986841,142.37430167597765,36.78685137836417,0.02297313215275039,0.8783432878718116,0.02182615741440674,0.7862142423211099,1.6991776413522355,0.0,,0.42140268423594573,0.4083799271742251,0.39532050138239105
xgb,regime3,"(40, 40, 10)",0.36362898929358994,0.36362898929358994,0.3432738993999329,0.5267360401667148,0.47735740008455974,0.5825511174749476,0.7986068696927539,142.02793296089385,30.217106307183577,0.014633764845499338,0.5631725738817662,0.013773956904035071,0.4993410844915573,1.7088451509488778,0.0,,0.3432738993999329,0.32954778485751934,0.3157971025816682
xgb,regime3,"(40, 30, 40)",0.41785360379467185,0.41785360379467185,0.3981373110328999,0.5038964053010728,0.4724429398254957,0.611390852088225,0.5786284451569359,144.89385474860336,35.368231876896004,0.02060241565750813,0.7887205001963329,0.01951297964894235,0.7046819481820855,1.691435838737334,0.0,,0.3981373110328999,0.38599251782319205,0.3738175219119397
xgb,regime3,"(40, 40, 15)",0.4280038994686852,0.4280038994686852,0.40773714427700286,0.5154146166981898,0.4751169570347989,0.5794451340890345,0.7119984557893693,143.16201117318437,35.40142792598561,0.021517228288027348,0.8334125755384355,0.020316797728698672,0.7412702082009525,1.6990520256496842,0.0,,0.40773714427700286,0.3946558273350316,0.38154089751201015
xgb,regime3,"(40, 40, 30)",0.42068265264318266,0.42068265264318266,0.4007865394086691,0.502981839761807,0.47317091291567887,0.5733749520558161,0.6168999070111192,145.81564245810057,35.327864026551694,0.021702083115315112,0.8387570938590588,0.02046117456558568,0.7450142249327801,1.6932925140373813,0.0,,0.4007865394086691,0.38860567460488055,0.3763942650626872
xgb,regime3,"(40, 40, 20)",0.4316110345921362,0.4316110345921362,0.4114441819454239,0.5109815353701388,0.4742724177751445,0.5786563177384111,0.677269820430883,144.15642458100558,35.87183641814958,0.022070770594891063,0.8581979874010951,0.020865286166425866,0.7645907652544863,1.6988362718349108,0.0,,0.4114441819454239,0.39864833717296233,0.3858188952523322
